-- phpMyAdmin SQL Dump
-- version 5.2.1
-- https://www.phpmyadmin.net/
--
-- Host: 127.0.0.1
-- Generation Time: Jan 03, 2026 at 11:55 AM
-- Server version: 10.4.32-MariaDB
-- PHP Version: 8.0.30

SET SQL_MODE = "NO_AUTO_VALUE_ON_ZERO";
START TRANSACTION;
SET time_zone = "+00:00";


/*!40101 SET @OLD_CHARACTER_SET_CLIENT=@@CHARACTER_SET_CLIENT */;
/*!40101 SET @OLD_CHARACTER_SET_RESULTS=@@CHARACTER_SET_RESULTS */;
/*!40101 SET @OLD_COLLATION_CONNECTION=@@COLLATION_CONNECTION */;
/*!40101 SET NAMES utf8mb4 */;

--
-- Database: `land_administration`
--

-- --------------------------------------------------------

--
-- Table structure for table `beneficiaries`
--

CREATE TABLE `beneficiaries` (
  `ben_id` int(11) NOT NULL,
  `md5_ben_id` varchar(255) NOT NULL,
  `name` varchar(200) NOT NULL,
  `name_tamil` varchar(150) NOT NULL,
  `name_sinhala` varchar(150) NOT NULL,
  `location_id` int(11) NOT NULL,
  `is_individual` tinyint(1) DEFAULT 1,
  `contact_person` varchar(200) DEFAULT NULL,
  `address` text DEFAULT NULL,
  `district` varchar(100) DEFAULT 'Trincomalee',
  `ds_division_id` int(11) DEFAULT NULL,
  `ds_division_text` varchar(200) CHARACTER SET utf8mb4 COLLATE utf8mb4_unicode_520_ci DEFAULT NULL,
  `gn_division_id` int(11) DEFAULT NULL,
  `gn_division_text` varchar(200) CHARACTER SET utf8mb4 COLLATE utf8mb4_unicode_520_ci DEFAULT NULL,
  `nic_reg_no` varchar(50) NOT NULL,
  `dob` date DEFAULT NULL,
  `nationality` varchar(50) NOT NULL,
  `telephone` varchar(50) NOT NULL,
  `email` varchar(150) DEFAULT NULL,
  `language` varchar(50) NOT NULL DEFAULT 'English',
  `created_by` int(11) DEFAULT NULL,
  `created_on` timestamp NOT NULL DEFAULT current_timestamp(),
  `status` int(11) NOT NULL DEFAULT 1,
  `address_tamil` varchar(250) NOT NULL,
  `address_sinhala` varchar(250) NOT NULL
) ENGINE=InnoDB DEFAULT CHARSET=utf8 COLLATE=utf8_general_ci;

--
-- Dumping data for table `beneficiaries`
--

INSERT INTO `beneficiaries` (`ben_id`, `md5_ben_id`, `name`, `name_tamil`, `name_sinhala`, `location_id`, `is_individual`, `contact_person`, `address`, `district`, `ds_division_id`, `ds_division_text`, `gn_division_id`, `gn_division_text`, `nic_reg_no`, `dob`, `nationality`, `telephone`, `email`, `language`, `created_by`, `created_on`, `status`, `address_tamil`, `address_sinhala`) VALUES
(1, 'ff367971a6e6c225b1e4e1c70de2438e', 'Lalith Ice Transport1', '', 'ි්ාි්ා්ිා', 40, 1, '', 'No30,Singhapura,4th mile post', 'Trincomalee', 40, '', 917, '', 'DS/TG/TCO/BR/2017', NULL, 'Sinhalese', '0770888501', '', 'Sinhala', NULL, '2025-12-09 10:30:31', 1, '', ''),
(2, '3865414bf8858c4fa50389eb0146ccb3', 'wedage Suranga Deerasekara', '', '', 40, 1, '', 'No-32A, Temple road, Wilgama', 'Trincomalee', 40, '', 905, '', '00000000', NULL, 'Sinhalese', '0770888501', '', 'English', NULL, '2025-12-09 11:19:00', 1, '', ''),
(3, '789af51df1f46a62fcd3322255f5dc88', 'w', '', '', 40, 1, '', 'w', 'Polonnaruwa', 40, '', NULL, '', 'ww', '2025-12-03', 'Sinhalese', 'ww', '', 'English', NULL, '2025-12-23 09:26:52', 1, 'w', 'w'),
(4, '25388b3bc0b2031d65cc43dc908291f1', 'Dynamic Technologies (PVT) LTD', '', '', 40, 1, '', 's', 'Anuradhapura', 40, '', NULL, '', '1212', NULL, 'Sinhalese', '2111', '', 'English', NULL, '2025-12-30 13:07:00', 1, '', ''),
(5, '154deb769f7461d094ecf3c828d9c53a', 'test1', '', '', 40, 1, '', 'sadsadas', 'Trincomalee', 40, '', 920, '', 'asdsad', NULL, 'Sri Lankan Muslims', '123213', '', 'English', NULL, '2025-12-30 16:23:56', 1, '', ''),
(6, 'b529c41969c3b819d784fb2030cbcdaf', 'test ', '', '', 40, 1, '', 'qewqewqe', 'Trincomalee', 40, '', 920, '', 'sadsad3', NULL, 'Sri Lankan Tamil', '324', '', 'English', NULL, '2025-12-30 17:11:17', 1, '', ''),
(7, 'f07a2c84a7ac3a7c9b9ea1e45435ba53', 'test 4.', '', '', 40, 1, '', 'asdsad', 'Trincomalee', 40, '', 920, '', '213213', NULL, 'Sri Lankan Muslims', '213213', '', 'English', NULL, '2025-12-30 17:16:26', 1, '', ''),
(8, 'a05ee1ba15f3182cc732438591cf39a6', 'Kiritharan Kanapathippillai.', 'Kiritharan Kanapathippillai.', 'Kiritharan Kanapathippillai', 40, 1, '', 'Vellankulam', 'Mannar', 40, '', 920, '', '23', NULL, 'Sri Lankan Tamil', '0770888501', '', 'English', NULL, '2026-01-02 08:50:59', 1, 'Mannar', '23');

-- --------------------------------------------------------

--
-- Table structure for table `client_registration`
--

CREATE TABLE `client_registration` (
  `c_id` int(10) NOT NULL,
  `client_name` varchar(300) NOT NULL,
  `coordinates` varchar(5000) NOT NULL,
  `md5_client` varchar(250) NOT NULL,
  `user_license` int(10) NOT NULL,
  `client_id` varchar(100) NOT NULL,
  `client_type` varchar(50) NOT NULL,
  `district` varchar(50) NOT NULL,
  `supply_by` varchar(50) NOT NULL,
  `client_email` varchar(100) NOT NULL,
  `client_phone` varchar(30) NOT NULL,
  `contact_name` varchar(80) NOT NULL,
  `contact_email` varchar(100) NOT NULL,
  `contact_phone` varchar(20) NOT NULL,
  `status` int(11) NOT NULL DEFAULT 1,
  `regNumber` varchar(80) NOT NULL,
  `region` varchar(50) NOT NULL,
  `bank_and_branch` varchar(150) NOT NULL,
  `account_number` varchar(150) NOT NULL,
  `account_name` varchar(150) NOT NULL,
  `payment_sms` int(11) NOT NULL DEFAULT 0,
  `remindes_sms` int(11) NOT NULL DEFAULT 0
) ENGINE=InnoDB DEFAULT CHARSET=utf8 COLLATE=utf8_general_ci;

--
-- Dumping data for table `client_registration`
--

INSERT INTO `client_registration` (`c_id`, `client_name`, `coordinates`, `md5_client`, `user_license`, `client_id`, `client_type`, `district`, `supply_by`, `client_email`, `client_phone`, `contact_name`, `contact_email`, `contact_phone`, `status`, `regNumber`, `region`, `bank_and_branch`, `account_number`, `account_name`, `payment_sms`, `remindes_sms`) VALUES
(2, 'Koralai Pattu North (Vaharai)', ' [[[[81.5445,7.948],[81.5438,7.9495],[81.5368,7.9453],[81.5323,7.9457],[81.5287,7.9404],[81.5213,7.9412],[81.5222,7.9371],[81.5146,7.9292],[81.5061,7.9485],[81.4711,7.9482],[81.4577,7.9542],[81.4354,7.9541],[81.4125,7.9668],[81.3951,7.9655],[81.3737,7.9691],[81.3339,7.9669],[81.3063,8.0295],[81.3141,8.2398],[81.3132,8.2466],[81.31,8.2527],[81.317,8.2556],[81.3225,8.2614],[81.3281,8.2644],[81.3434,8.2631],[81.3526,8.2682],[81.3566,8.2651],[81.3538,8.2604],[81.3544,8.2571],[81.3593,8.2546],[81.364,8.2569],[81.3673,8.2563],[81.3703,8.2531],[81.374,8.253],[81.3776,8.257],[81.3853,8.2541],[81.3863,8.2563],[81.3853,8.2588],[81.3914,8.2619],[81.3951,8.255],[81.3927,8.2531],[81.3931,8.2508],[81.4,8.2491],[81.4011,8.261],[81.404,8.2631],[81.4065,8.2507],[81.4079,8.2496],[81.4068,8.2446],[81.409,8.2429],[81.4101,8.239],[81.4143,8.2179],[81.4226,8.2068],[81.4215,8.2013],[81.4268,8.1849],[81.4337,8.1779],[81.4318,8.1637],[81.4393,8.1415],[81.4362,8.136],[81.4424,8.1221],[81.4393,8.1165],[81.4382,8.1046],[81.4404,8.1038],[81.4401,8.101],[81.434,8.0968],[81.4274,8.0999],[81.4235,8.1115],[81.4193,8.1163],[81.4171,8.1232],[81.4101,8.134],[81.4026,8.1551],[81.4007,8.1668],[81.4007,8.1888],[81.3993,8.1932],[81.3968,8.1946],[81.3921,8.1896],[81.3899,8.1904],[81.3885,8.1943],[81.3857,8.194],[81.381,8.1821],[81.3815,8.1804],[81.3838,8.181],[81.3849,8.1851],[81.3871,8.1799],[81.3801,8.1679],[81.3829,8.166],[81.3818,8.1529],[81.3865,8.1479],[81.3857,8.1429],[81.3879,8.1404],[81.3938,8.139],[81.3938,8.1368],[81.3968,8.1354],[81.3968,8.1326],[81.4013,8.1349],[81.4049,8.1332],[81.4049,8.1288],[81.4082,8.1246],[81.406,8.1163],[81.4071,8.1112],[81.4088,8.1101],[81.4085,8.1068],[81.4135,8.1057],[81.4129,8.1029],[81.4146,8.1007],[81.4193,8.0993],[81.4199,8.096],[81.4304,8.096],[81.434,8.094],[81.4371,8.0876],[81.4376,8.0946],[81.4415,8.0985],[81.4437,8.1082],[81.4407,8.1104],[81.4404,8.1143],[81.444,8.1179],[81.4437,8.1101],[81.4468,8.1126],[81.4457,8.1213],[81.439,8.1351],[81.4401,8.1362],[81.4482,8.1193],[81.4535,8.1135],[81.4599,8.1101],[81.4568,8.1018],[81.4568,8.0938],[81.4626,8.0699],[81.4751,8.0374],[81.4887,8.0151],[81.499,8.0043],[81.5085,7.9971],[81.5173,7.9963],[81.5207,7.9893],[81.5279,7.9843],[81.534,7.984],[81.539,7.9874],[81.5421,7.9871],[81.5443,7.9926],[81.5454,7.9924],[81.5446,7.9865],[81.5488,7.9865],[81.5504,7.9915],[81.5457,7.9954],[81.5521,7.9924],[81.5532,7.9851],[81.5431,7.9788],[81.5401,7.9721],[81.539,7.9638],[81.5445,7.948]]]]', 'c81e728d9d4c2f636f067f89cc14862c', 1, '3', 'DS', 'Batticaloa', '', '', '', '', '', '', 1, 'Batticaloa', 'Batticaloa', '', '', '', 0, 0),
(3, 'Koralai Pattu Central', '', 'eccbc87e4b5ce2fe28308fd9f2a7baf3', 1, '4', 'DS', 'Batticaloa', '', '', '', '', '', '', 1, 'Batticaloa', 'Batticaloa', '', '', '', 0, 0),
(4, 'Koralai Pattu West (Oddamavadi)', '[[[[81.5146,7.9292],[81.5079,7.9208],[81.5073,7.9162],[81.5098,7.9015],[81.5052,7.8947],[81.5021,7.8931],[81.4947,7.8959],[81.4883,7.8936],[81.4787,7.896],[81.4698,7.8858],[81.4659,7.8836],[81.4402,7.8931],[81.42,7.8961],[81.4017,7.9099],[81.3879,7.9132],[81.3721,7.9328],[81.3609,7.9349],[81.3435,7.9309],[81.3298,7.9255],[81.323,7.9206],[81.312,7.9089],[81.297,7.8782],[81.287,7.8697],[81.278,7.8677],[81.2475,7.8747],[81.2284,7.8743],[81.2369,7.8887],[81.2359,7.8949],[81.2384,7.9026],[81.2368,7.9198],[81.2472,7.9286],[81.253,7.9363],[81.2627,7.94],[81.267,7.9371],[81.2747,7.9368],[81.2777,7.9406],[81.2817,7.9415],[81.2892,7.9466],[81.298,7.9461],[81.3079,7.9375],[81.3165,7.9404],[81.3243,7.9357],[81.3281,7.9352],[81.3349,7.9381],[81.3399,7.9375],[81.339,7.9451],[81.3401,7.9567],[81.3345,7.9669],[81.3737,7.9691],[81.3951,7.9655],[81.4125,7.9668],[81.4354,7.9541],[81.4577,7.9542],[81.4711,7.9482],[81.5061,7.9485],[81.5146,7.9292]]]]', 'a87ff679a2f3e71d9181a67b7542122c', 1, '6', 'DS', 'Batticaloa', '', '', '', '', '', '', 1, 'Batticaloa', '', '', '', '', 0, 0),
(5, 'Koralai Pattu (Valachchenai)', '[[[[81.5074,7.8125],[81.5013,7.8143],[81.4987,7.8199],[81.4945,7.8192],[81.4869,7.823],[81.4734,7.8182],[81.4665,7.81],[81.4615,7.7978],[81.4629,7.794],[81.4611,7.788],[81.4494,7.7758],[81.4436,7.773],[81.4322,7.7779],[81.4156,7.7786],[81.4117,7.7803],[81.3293,7.7707],[81.2309,7.7704],[81.2269,7.781],[81.2299,7.7951],[81.2249,7.8235],[81.2328,7.8447],[81.2314,7.8613],[81.2277,7.8659],[81.2284,7.8743],[81.2475,7.8747],[81.278,7.8677],[81.287,7.8697],[81.297,7.8782],[81.312,7.9089],[81.323,7.9206],[81.3298,7.9255],[81.3435,7.9309],[81.3609,7.9349],[81.3721,7.9328],[81.3879,7.9132],[81.4017,7.9099],[81.42,7.8961],[81.4402,7.8931],[81.4659,7.8836],[81.4698,7.8858],[81.4787,7.896],[81.4883,7.8936],[81.4947,7.8959],[81.5021,7.8931],[81.5052,7.8947],[81.5098,7.9015],[81.5073,7.9162],[81.5079,7.9208],[81.5222,7.9371],[81.5209,7.9409],[81.5296,7.9408],[81.5317,7.9453],[81.5368,7.9453],[81.5438,7.9495],[81.5499,7.9421],[81.5457,7.9365],[81.541,7.9335],[81.5315,7.931],[81.5271,7.9315],[81.5254,7.934],[81.5232,7.934],[81.5207,7.9324],[81.5174,7.9254],[81.5149,7.924],[81.5132,7.9176],[81.5182,7.9093],[81.5165,7.9071],[81.5149,7.9076],[81.5149,7.9054],[81.5124,7.9046],[81.5107,7.9004],[81.5129,7.8935],[81.5137,7.8954],[81.5165,7.8946],[81.5151,7.8976],[81.5179,7.8954],[81.5174,7.8876],[81.519,7.8824],[81.5176,7.8785],[81.5221,7.8746],[81.5221,7.8707],[81.5246,7.8668],[81.5238,7.8649],[81.5176,7.8663],[81.521,7.8604],[81.5174,7.8585],[81.521,7.8579],[81.5232,7.8557],[81.5279,7.8588],[81.5301,7.8579],[81.5396,7.841],[81.5399,7.8346],[81.5457,7.8321],[81.5474,7.8279],[81.5401,7.826],[81.539,7.831],[81.536,7.8332],[81.5315,7.8318],[81.5324,7.8263],[81.5126,7.831],[81.5113,7.8257],[81.5143,7.8232],[81.5135,7.819],[81.5115,7.8171],[81.511,7.8132],[81.5074,7.8125]]]]', 'e4da3b7fbbce2345d7772b0674a318d5', 1, '9', 'DS', 'Batticaloa', '', '', '', '', '', '', 1, 'Batticaloa', '', '', '', '', 0, 0),
(6, 'Koralai Pattu South (Kiran)', '', '1679091c5a880faf6fb5e6087eb1b2dc', 1, '10', 'DS', 'Batticaloa', '', '', '', '', '', '', 1, 'Batticaloa', '', '', '', '', 0, 0),
(7, 'Eravur Pattu', '[[[[81.4991,7.5217],[81.452,7.5428],[81.4335,7.57],[81.4336,7.5809],[81.4398,7.5958],[81.4426,7.5988],[81.4408,7.6065],[81.4475,7.6197],[81.4429,7.6339],[81.4456,7.6421],[81.3834,7.6568],[81.3678,7.6673],[81.3636,7.6768],[81.3544,7.6882],[81.3531,7.6924],[81.3457,7.7024],[81.3386,7.7066],[81.3319,7.717],[81.3287,7.7195],[81.3285,7.73],[81.3243,7.7346],[81.2632,7.7359],[81.2585,7.7319],[81.2544,7.7309],[81.2514,7.7361],[81.2412,7.7392],[81.2371,7.7484],[81.2359,7.7568],[81.2374,7.7605],[81.2348,7.7664],[81.2309,7.7704],[81.3293,7.7707],[81.4117,7.7803],[81.4156,7.7786],[81.4322,7.7779],[81.4436,7.773],[81.4494,7.7758],[81.4611,7.788],[81.4629,7.794],[81.4615,7.7978],[81.4665,7.81],[81.4716,7.817],[81.4848,7.8231],[81.4945,7.8192],[81.4987,7.8199],[81.5013,7.8143],[81.5079,7.8121],[81.5068,7.8082],[81.5043,7.8074],[81.5104,7.8035],[81.5151,7.8054],[81.5163,7.8082],[81.5185,7.8076],[81.5232,7.8137],[81.5265,7.8124],[81.5307,7.8143],[81.529,7.8199],[81.5329,7.819],[81.536,7.8146],[81.5379,7.8151],[81.5413,7.8104],[81.5426,7.811],[81.5462,7.8082],[81.5471,7.8101],[81.5454,7.8115],[81.5479,7.8132],[81.5474,7.822],[81.5568,7.8195],[81.5649,7.8222],[81.5697,7.8265],[81.5909,7.8256],[81.5982,7.8279],[81.599,7.8265],[81.5979,7.8257],[81.6001,7.8257],[81.6007,7.824],[81.6021,7.8251],[81.6129,7.8215],[81.6204,7.8282],[81.6268,7.8101],[81.6407,7.7871],[81.6501,7.7774],[81.659,7.7724],[81.6392,7.7479],[81.6276,7.7549],[81.6168,7.7663],[81.6029,7.7715],[81.5996,7.7707],[81.6001,7.7679],[81.5954,7.7685],[81.596,7.7637],[81.594,7.7626],[81.5963,7.7607],[81.5954,7.7585],[81.5888,7.759],[81.5904,7.7551],[81.5849,7.7549],[81.5879,7.7521],[81.5882,7.7497],[81.5835,7.7443],[81.5799,7.7426],[81.581,7.7325],[81.5796,7.7285],[81.5752,7.727],[81.5687,7.7186],[81.5632,7.7153],[81.5613,7.7116],[81.5602,7.7052],[81.5618,7.6968],[81.5589,7.6888],[81.5546,7.6845],[81.5528,7.6794],[81.5414,7.6701],[81.5355,7.6615],[81.5313,7.6579],[81.5247,7.6562],[81.5171,7.6449],[81.5169,7.6401],[81.521,7.6326],[81.5127,7.578],[81.5125,7.5652],[81.5146,7.5566],[81.5169,7.5558],[81.5171,7.5536],[81.5126,7.5463],[81.5119,7.5416],[81.4991,7.5217]]]]', '8f14e45fceea167a5a36dedd4bea2543', 1, '12', 'DS', 'Batticaloa', '', '', '', '', '', '', 1, 'Batticaloa', '', '', '', '', 0, 0),
(8, 'Eravur Town', '[[[[81.6965,7.7146],[81.7026,7.7112],[81.6982,7.7054],[81.6918,7.7049],[81.6899,7.7032],[81.6851,7.711],[81.6885,7.709],[81.6907,7.7135],[81.6965,7.7146]]]]', 'c9f0f895fb98ab9159f51fd0297e236d', 1, '15', 'DS', 'Batticaloa', '', '', '', '', '', '', 1, 'Batticaloa', '', '', '', '', 0, 0),
(9, 'Manmunai North', '[[[[81.7395,7.6879],[81.7222,7.6785],[81.7235,7.6756],[81.7226,7.6763],[81.7138,7.6968],[81.7118,7.6982],[81.7099,7.704],[81.7104,7.7071],[81.7079,7.7112],[81.7093,7.7268],[81.711,7.7301],[81.7076,7.7307],[81.7054,7.7365],[81.7035,7.7374],[81.7029,7.7404],[81.6915,7.7563],[81.7065,7.7426],[81.7082,7.7399],[81.7068,7.7387],[81.7074,7.7362],[81.7104,7.7354],[81.7101,7.7326],[81.7121,7.7315],[81.7132,7.7254],[81.7257,7.7101],[81.7395,7.6879]]]]', '45c48cce2e2d7fbdea1afc51c7c6ad26', 1, '18', 'DS', 'Batticaloa', '', '', '', '', '', '', 1, 'Batticaloa', '', '', '', '', 0, 0),
(10, 'Manmunai West', '[[[[81.495,7.5166],[81.4994,7.5198],[81.5171,7.5536],[81.5169,7.5558],[81.5146,7.5566],[81.5125,7.5652],[81.5127,7.578],[81.521,7.6326],[81.517,7.6398],[81.5168,7.6441],[81.5247,7.6562],[81.5316,7.6581],[81.5414,7.6701],[81.5531,7.6797],[81.5544,7.6842],[81.5589,7.6888],[81.5616,7.6947],[81.5603,7.7074],[81.5632,7.7153],[81.5687,7.7186],[81.5752,7.727],[81.579,7.7279],[81.579,7.7246],[81.5893,7.7235],[81.5912,7.7221],[81.5915,7.7193],[81.594,7.7182],[81.5971,7.7193],[81.5999,7.7151],[81.6021,7.7157],[81.6093,7.7121],[81.6104,7.7132],[81.6096,7.716],[81.6126,7.7157],[81.6152,7.719],[81.6162,7.724],[81.6151,7.7312],[81.6168,7.7343],[81.621,7.734],[81.6232,7.7293],[81.6346,7.7224],[81.6435,7.7226],[81.6518,7.7188],[81.6546,7.7218],[81.6579,7.721],[81.656,7.7149],[81.6524,7.7151],[81.6462,7.7082],[81.6515,7.7068],[81.6521,7.699],[81.661,7.6954],[81.664,7.6913],[81.6665,7.6904],[81.6657,7.6885],[81.6674,7.6871],[81.6649,7.6863],[81.6649,7.6837],[81.6671,7.6782],[81.6735,7.6812],[81.6857,7.679],[81.6971,7.6562],[81.6963,7.654],[81.6929,7.6546],[81.6918,7.6504],[81.6885,7.6521],[81.6885,7.6479],[81.6899,7.6471],[81.6885,7.6468],[81.6885,7.6429],[81.6865,7.6404],[81.6871,7.639],[81.6918,7.6399],[81.6932,7.6388],[81.6935,7.6343],[81.6896,7.6337],[81.6893,7.6324],[81.6899,7.6285],[81.6932,7.6254],[81.6937,7.6221],[81.687,7.6195],[81.6765,7.6092],[81.6697,7.612],[81.6701,7.6089],[81.6668,7.6055],[81.6642,7.5949],[81.658,7.5883],[81.6564,7.584],[81.642,7.5841],[81.6347,7.5792],[81.6316,7.5695],[81.6204,7.5703],[81.6033,7.5586],[81.5704,7.5408],[81.5684,7.5363],[81.5706,7.5331],[81.5816,7.5327],[81.5841,7.5308],[81.5888,7.5084],[81.5168,7.5092],[81.4943,7.5153],[81.495,7.5166]]],[[[81.7035,7.6557],[81.7049,7.649],[81.7015,7.6479],[81.6976,7.6529],[81.7021,7.6568],[81.7035,7.6557]]],[[[81.6995,7.7035],[81.7012,7.6999],[81.7037,7.7016],[81.7068,7.6999],[81.7071,7.6926],[81.7093,7.6874],[81.7079,7.6835],[81.7026,7.6804],[81.7001,7.6735],[81.6946,7.6713],[81.6924,7.6754],[81.6896,7.6896],[81.6918,7.6999],[81.696,7.7038],[81.6995,7.7035]]],[[[81.6657,7.7029],[81.6663,7.7015],[81.6626,7.6963],[81.659,7.6985],[81.6588,7.7015],[81.6657,7.7029]]]]', 'd3d9446802a44259755d38e6d163e820', 1, '21', 'DS', 'Batticaloa', '', '', '', '', '', '', 1, 'Batticaloa', '', '', '', '', 0, 0),
(11, 'Kattankudy', '[[[[81.7235,7.6756],[81.7222,7.6785],[81.7395,7.6879],[81.7454,7.6791],[81.7263,7.6704],[81.7235,7.6756]]]]', '6512bd43d9caa6e02c990b0a82652dca', 1, '24', 'DS', 'Batticaloa', '', '', '', '', '', '', 1, 'Batticaloa', '', '', '', '', 0, 0),
(12, 'Manmunai Pattu (Araipattai)', ' [[[[81.7321,7.6357],[81.7329,7.634],[81.731,7.6337],[81.731,7.6357],[81.7321,7.6357]]],[[[81.726,7.6714],[81.7263,7.6704],[81.7333,7.6725],[81.7454,7.6791],[81.7565,7.6629],[81.7779,7.6218],[81.7849,7.6036],[81.7652,7.5945],[81.766,7.593],[81.7654,7.5929],[81.7621,7.6043],[81.7557,7.6143],[81.7507,7.6321],[81.7513,7.6357],[81.7485,7.6368],[81.7474,7.641],[81.744,7.6385],[81.7371,7.6396],[81.7337,7.6382],[81.731,7.644],[81.7271,7.6476],[81.7257,7.6524],[81.721,7.6565],[81.721,7.6596],[81.724,7.6596],[81.726,7.6624],[81.7268,7.6676],[81.7251,7.6721],[81.726,7.6714]]],[[[81.7288,7.6424],[81.7288,7.6365],[81.7274,7.6363],[81.7257,7.6415],[81.7288,7.6424]]]]', 'c20ad4d76fe97759aa27a0c99bff6710', 1, '27', 'DS', 'Batticaloa', '', '', '', '', '', '', 1, 'Batticaloa', '', '', '', '', 0, 0),
(13, 'Manmunai South-West', '[[[[81.6423,7.5222],[81.6198,7.5083],[81.5888,7.5084],[81.5841,7.5308],[81.5816,7.5327],[81.5713,7.5328],[81.5687,7.5349],[81.5684,7.5373],[81.5735,7.5434],[81.6033,7.5586],[81.6204,7.5703],[81.6316,7.5695],[81.6347,7.5792],[81.642,7.5841],[81.6564,7.584],[81.658,7.5883],[81.6642,7.5949],[81.6668,7.6055],[81.6701,7.6089],[81.6701,7.6122],[81.6765,7.6092],[81.6866,7.6192],[81.6931,7.6228],[81.6993,7.616],[81.7007,7.6104],[81.7046,7.6093],[81.7051,7.6107],[81.699,7.6218],[81.6982,7.6307],[81.7007,7.6326],[81.7043,7.6413],[81.706,7.641],[81.7087,7.6354],[81.7113,7.6346],[81.7162,7.6451],[81.7185,7.6457],[81.7201,7.6485],[81.7218,7.6482],[81.7254,7.634],[81.7307,7.629],[81.7299,7.6254],[81.7279,7.624],[81.7301,7.624],[81.7315,7.626],[81.7346,7.6249],[81.7346,7.6271],[81.7399,7.6243],[81.7501,7.6046],[81.7524,7.6035],[81.7551,7.5982],[81.754,7.5949],[81.7487,7.5935],[81.749,7.5904],[81.7504,7.5896],[81.7532,7.5913],[81.7599,7.5876],[81.7632,7.5832],[81.7707,7.5799],[81.7699,7.5765],[81.764,7.5743],[81.7607,7.5693],[81.7604,7.5657],[81.7524,7.5635],[81.7518,7.5618],[81.7462,7.5654],[81.7436,7.5623],[81.7409,7.5637],[81.7335,7.5633],[81.7283,7.5592],[81.7178,7.557],[81.7154,7.5585],[81.7148,7.5654],[81.7133,7.5668],[81.7024,7.5622],[81.6978,7.5623],[81.6954,7.5604],[81.6887,7.5468],[81.6847,7.5426],[81.6795,7.5459],[81.6727,7.5472],[81.6566,7.5452],[81.645,7.5359],[81.6416,7.5247],[81.6423,7.5222]]]]', 'c51ce410c124a10e0db5e4b97fc2af39', 1, '30', 'DS', 'Batticaloa', '', '', '', '', '', '', 1, 'Batticaloa', '', '', '', '', 0, 0),
(14, 'Poratheevu Pattu', '[[[[81.751,7.4579],[81.7521,7.4569],[81.749,7.4553],[81.7246,7.4551],[81.7185,7.4466],[81.6904,7.4209],[81.6741,7.414],[81.6727,7.4053],[81.6703,7.4012],[81.6636,7.3988],[81.661,7.4037],[81.6628,7.4141],[81.6596,7.4213],[81.6606,7.4474],[81.6573,7.4613],[81.6606,7.4725],[81.6541,7.48],[81.6544,7.4915],[81.648,7.5026],[81.6484,7.5106],[81.6459,7.5163],[81.6497,7.5226],[81.6496,7.5252],[81.6423,7.5222],[81.6416,7.5242],[81.6455,7.5366],[81.6581,7.5457],[81.6727,7.5472],[81.6795,7.5459],[81.6851,7.5427],[81.6897,7.5484],[81.6962,7.5612],[81.7024,7.5622],[81.7126,7.5668],[81.7148,7.5654],[81.715,7.5598],[81.717,7.5571],[81.7283,7.5592],[81.7331,7.5632],[81.7409,7.5637],[81.7482,7.5613],[81.7496,7.556],[81.7557,7.5524],[81.7579,7.554],[81.7585,7.5588],[81.7621,7.561],[81.7651,7.5607],[81.7663,7.5588],[81.7654,7.5557],[81.7679,7.5554],[81.7707,7.5512],[81.771,7.5449],[81.7704,7.5401],[81.7646,7.5343],[81.7557,7.5368],[81.7546,7.5399],[81.7454,7.5476],[81.7407,7.5465],[81.7393,7.5437],[81.7396,7.5388],[81.7443,7.5287],[81.7476,7.5282],[81.7487,7.5324],[81.7549,7.5354],[81.7579,7.5351],[81.7599,7.5324],[81.7663,7.534],[81.7721,7.5265],[81.7721,7.5224],[81.7751,7.5201],[81.7793,7.5199],[81.7804,7.5218],[81.7818,7.5204],[81.7799,7.5165],[81.7757,7.516],[81.769,7.5118],[81.7668,7.5077],[81.7671,7.5015],[81.7557,7.504],[81.7513,7.5088],[81.7474,7.5082],[81.7507,7.5065],[81.7507,7.5043],[81.7529,7.5026],[81.7546,7.4935],[81.759,7.4929],[81.7615,7.4876],[81.7676,7.4865],[81.7693,7.4835],[81.7679,7.4779],[81.7635,7.4774],[81.7615,7.4799],[81.7599,7.479],[81.7599,7.4701],[81.7554,7.461],[81.751,7.4579]]]]', 'aab3238922bcc25a6f606eb525ffdc56', 1, '33', 'DS', 'Batticaloa', '', '', '', '', '', '', 1, 'Batticaloa', '', '', '', '', 0, 0),
(15, 'Manmunai South & Eruvil Pattu', '[[[[81.6423,7.5222],[81.6198,7.5083],[81.5888,7.5084],[81.5841,7.5308],[81.5816,7.5327],[81.5713,7.5328],[81.5687,7.5349],[81.5684,7.5373],[81.5735,7.5434],[81.6033,7.5586],[81.6204,7.5703],[81.6316,7.5695],[81.6347,7.5792],[81.642,7.5841],[81.6564,7.584],[81.658,7.5883],[81.6642,7.5949],[81.6668,7.6055],[81.6701,7.6089],[81.6701,7.6122],[81.6765,7.6092],[81.6866,7.6192],[81.6931,7.6228],[81.6993,7.616],[81.7007,7.6104],[81.7046,7.6093],[81.7051,7.6107],[81.699,7.6218],[81.6982,7.6307],[81.7007,7.6326],[81.7043,7.6413],[81.706,7.641],[81.7087,7.6354],[81.7113,7.6346],[81.7162,7.6451],[81.7185,7.6457],[81.7201,7.6485],[81.7218,7.6482],[81.7254,7.634],[81.7307,7.629],[81.7299,7.6254],[81.7279,7.624],[81.7301,7.624],[81.7315,7.626],[81.7346,7.6249],[81.7346,7.6271],[81.7399,7.6243],[81.7501,7.6046],[81.7524,7.6035],[81.7551,7.5982],[81.754,7.5949],[81.7487,7.5935],[81.749,7.5904],[81.7504,7.5896],[81.7532,7.5913],[81.7599,7.5876],[81.7632,7.5832],[81.7707,7.5799],[81.7699,7.5765],[81.764,7.5743],[81.7607,7.5693],[81.7604,7.5657],[81.7524,7.5635],[81.7518,7.5618],[81.7462,7.5654],[81.7436,7.5623],[81.7409,7.5637],[81.7335,7.5633],[81.7283,7.5592],[81.7178,7.557],[81.7154,7.5585],[81.7148,7.5654],[81.7133,7.5668],[81.7024,7.5622],[81.6978,7.5623],[81.6954,7.5604],[81.6887,7.5468],[81.6847,7.5426],[81.6795,7.5459],[81.6727,7.5472],[81.6566,7.5452],[81.645,7.5359],[81.6416,7.5247],[81.6423,7.5222]]]]', '9bf31c7ff062936a96d3c8bd1f8f2ff3', 1, '36', 'DS', 'Batticaloa', '', '', '', '', '', '', 1, 'Batticaloa', '', '', '', '', 0, 0),
(16, 'Dehiattakandiya', '[[[[81.214,7.647],[81.2133,7.6386],[81.2053,7.6214],[81.2096,7.6116],[81.2099,7.6053],[81.2046,7.5937],[81.1926,7.5838],[81.1931,7.5784],[81.1895,7.5737],[81.171,7.5692],[81.168,7.5706],[81.1636,7.5699],[81.1595,7.5669],[81.1316,7.5562],[81.1105,7.5428],[81.0763,7.5121],[81.0731,7.5121],[81.0723,7.5142],[81.0648,7.5152],[81.0631,7.5124],[81.0587,7.5121],[81.0567,7.5104],[81.0584,7.5077],[81.0478,7.5044],[81.0464,7.5061],[81.0411,7.5062],[81.0364,7.5247],[81.0303,7.5313],[81.0295,7.5379],[81.0219,7.5419],[81.0155,7.5529],[81.0127,7.5686],[81.0147,7.5791],[81.0133,7.5959],[81.0074,7.6024],[80.9856,7.6112],[80.9847,7.6173],[80.9809,7.6199],[80.9779,7.625],[80.9817,7.6432],[80.993,7.657],[80.9947,7.6615],[80.9928,7.6777],[80.9875,7.6888],[80.9926,7.6987],[80.9918,7.7121],[80.9891,7.7217],[81.0108,7.7183],[81.024,7.7231],[81.037,7.7199],[81.0493,7.7188],[81.0687,7.7308],[81.0957,7.7245],[81.1106,7.6977],[81.1195,7.6888],[81.1451,7.6763],[81.1471,7.6758],[81.1519,7.6796],[81.1979,7.6611],[81.214,7.647]]]]', 'c74d97b01eae257e44aa9d5bade97baf', 1, '3', 'DS', 'Ampara', '', '', '', '', '', '', 1, 'Ampara', '', '', '', '', 0, 0),
(17, 'Padiyathalawa', '[[[[81.1895,7.5737],[81.1931,7.5784],[81.1926,7.5838],[81.2046,7.5937],[81.2077,7.5992],[81.2102,7.6074],[81.2095,7.6122],[81.2386,7.6043],[81.2513,7.5957],[81.2599,7.5863],[81.2631,7.5781],[81.2686,7.5759],[81.2707,7.5676],[81.2747,7.5616],[81.2841,7.555],[81.2895,7.5486],[81.3009,7.5247],[81.2994,7.5211],[81.2865,7.5155],[81.2811,7.5119],[81.2807,7.5101],[81.2986,7.4829],[81.3021,7.4729],[81.3045,7.4564],[81.3082,7.4542],[81.3144,7.4553],[81.318,7.4475],[81.3221,7.4442],[81.3167,7.4322],[81.3071,7.4201],[81.3111,7.4152],[81.3035,7.4111],[81.2986,7.3989],[81.3133,7.3886],[81.339,7.3757],[81.3459,7.3675],[81.3512,7.3665],[81.3655,7.3579],[81.3631,7.3523],[81.367,7.3435],[81.3601,7.3396],[81.3545,7.3375],[81.3445,7.3356],[81.3372,7.3362],[81.3313,7.3341],[81.3232,7.3342],[81.3207,7.3375],[81.3213,7.3334],[81.3193,7.333],[81.3216,7.3275],[81.3181,7.3129],[81.325,7.2991],[81.3223,7.2936],[81.3221,7.2871],[81.319,7.2779],[81.323,7.2631],[81.3051,7.2574],[81.295,7.2468],[81.2864,7.2408],[81.2847,7.2409],[81.2843,7.2426],[81.2866,7.2486],[81.2779,7.2547],[81.2789,7.2624],[81.2674,7.2806],[81.2675,7.2842],[81.2716,7.2913],[81.2639,7.3077],[81.2455,7.326],[81.2467,7.3344],[81.2372,7.3418],[81.2304,7.3346],[81.2234,7.332],[81.2201,7.3329],[81.2183,7.3368],[81.2188,7.3405],[81.2148,7.3437],[81.2146,7.3478],[81.2097,7.3493],[81.2037,7.368],[81.1981,7.3754],[81.1937,7.3776],[81.1944,7.3853],[81.2013,7.3877],[81.201,7.3963],[81.1943,7.4124],[81.1943,7.4213],[81.192,7.4233],[81.1887,7.4383],[81.1835,7.4421],[81.1827,7.4453],[81.1842,7.4481],[81.19,7.4513],[81.1897,7.4544],[81.1948,7.4598],[81.1921,7.4651],[81.1992,7.4715],[81.1986,7.4854],[81.2003,7.4882],[81.1983,7.4966],[81.1996,7.503],[81.2026,7.506],[81.204,7.5126],[81.2068,7.5164],[81.2072,7.5365],[81.2051,7.5403],[81.2039,7.5514],[81.2052,7.5565],[81.2022,7.5575],[81.1987,7.5644],[81.191,7.5704],[81.1895,7.5737]]]]', '70efdf2ec9b086079795c442636b55fb', 1, '6', 'DS', 'Ampara', '', '', '', '', '', '', 1, 'Ampara', '', '', '', '', 0, 0),
(18, 'Mahaoya', '[[[[81.2095,7.6122],[81.2053,7.6214],[81.2133,7.6386],[81.214,7.647],[81.2179,7.6481],[81.2208,7.6537],[81.2197,7.6598],[81.2226,7.6721],[81.2298,7.6765],[81.2383,7.678],[81.2394,7.6798],[81.2365,7.6879],[81.2403,7.6951],[81.2379,7.7053],[81.2394,7.7134],[81.2347,7.7178],[81.2337,7.722],[81.2412,7.7392],[81.2514,7.7361],[81.2544,7.7309],[81.2585,7.7319],[81.2632,7.7359],[81.3243,7.7346],[81.3285,7.73],[81.3287,7.7195],[81.3319,7.717],[81.3386,7.7066],[81.3457,7.7024],[81.3531,7.6924],[81.3544,7.6882],[81.3636,7.6768],[81.3678,7.6673],[81.3834,7.6568],[81.4456,7.6421],[81.4429,7.6339],[81.4475,7.6197],[81.4408,7.6065],[81.4426,7.5988],[81.4398,7.5958],[81.4336,7.5809],[81.4335,7.57],[81.452,7.5428],[81.4998,7.5208],[81.4918,7.5143],[81.4917,7.502],[81.4842,7.4759],[81.4826,7.4571],[81.4791,7.454],[81.4717,7.4569],[81.4553,7.458],[81.4363,7.4436],[81.4248,7.4415],[81.4219,7.4358],[81.4075,7.4331],[81.4069,7.4299],[81.4089,7.4224],[81.4057,7.4167],[81.4003,7.4156],[81.3888,7.4079],[81.375,7.4104],[81.3737,7.3976],[81.3803,7.3878],[81.3814,7.3775],[81.3864,7.3709],[81.3745,7.3585],[81.3655,7.3579],[81.3512,7.3665],[81.3459,7.3675],[81.339,7.3757],[81.3133,7.3886],[81.2986,7.3989],[81.3035,7.4111],[81.3111,7.4152],[81.3071,7.4201],[81.3149,7.4294],[81.3223,7.4432],[81.3217,7.4452],[81.318,7.4475],[81.3144,7.4553],[81.3082,7.4542],[81.3045,7.4564],[81.3021,7.4729],[81.2986,7.4829],[81.2803,7.5112],[81.3009,7.5226],[81.2895,7.5486],[81.2841,7.555],[81.2747,7.5616],[81.2707,7.5676],[81.2692,7.5749],[81.2631,7.5781],[81.2599,7.5863],[81.2513,7.5957],[81.2366,7.6051],[81.2095,7.6122]]]]', '6f4922f45568161a8cdf4ad2299f6d23', 1, '9', 'DS', 'Ampara', '', '', '', '', '', '', 1, 'Ampara', '', '', '', '', 0, 0),
(19, 'Uhana', '[[[[81.7079,7.3083],[81.7029,7.3081],[81.6969,7.3199],[81.6895,7.3256],[81.6753,7.3329],[81.6686,7.3243],[81.6647,7.3229],[81.6557,7.3242],[81.6491,7.3232],[81.6464,7.3143],[81.6256,7.3105],[81.6256,7.3039],[81.6203,7.3026],[81.6196,7.2993],[81.6251,7.2889],[81.6198,7.2879],[81.6176,7.2807],[81.5871,7.2837],[81.5725,7.288],[81.5555,7.29],[81.5454,7.2946],[81.5382,7.2884],[81.5205,7.287],[81.5125,7.2983],[81.4956,7.3063],[81.479,7.3247],[81.4798,7.328],[81.4836,7.3297],[81.4908,7.3378],[81.4799,7.379],[81.4724,7.393],[81.4726,7.4054],[81.4771,7.4217],[81.465,7.4255],[81.462,7.4304],[81.4715,7.4443],[81.4826,7.4571],[81.4842,7.4759],[81.4917,7.502],[81.4926,7.5152],[81.4939,7.5163],[81.5168,7.5092],[81.6192,7.5082],[81.6361,7.5193],[81.6496,7.5252],[81.6497,7.5226],[81.6459,7.5163],[81.6484,7.5106],[81.648,7.5026],[81.6544,7.4915],[81.6541,7.48],[81.6606,7.4725],[81.6573,7.4613],[81.6603,7.45],[81.6596,7.4213],[81.6627,7.4157],[81.661,7.4043],[81.6632,7.3991],[81.6703,7.4012],[81.6727,7.4053],[81.6741,7.414],[81.6832,7.4188],[81.6897,7.4203],[81.7122,7.441],[81.7295,7.412],[81.7357,7.4097],[81.7473,7.3923],[81.7348,7.3786],[81.7308,7.3696],[81.7312,7.3586],[81.7223,7.3529],[81.7206,7.3397],[81.7213,7.3279],[81.7134,7.3252],[81.7121,7.3176],[81.7079,7.3115],[81.7079,7.3083]]]]', '1f0e3dad99908345f7439f8ffabdffc4', 1, '12', 'DS', 'Ampara', '', '', '', '', '', '', 1, 'Ampara', '', '', '', '', 0, 0),
(20, 'Ampara', '[[[[81.6774,7.2739],[81.6428,7.2677],[81.6296,7.245],[81.6236,7.2397],[81.6184,7.2289],[81.6155,7.2263],[81.6096,7.2266],[81.6018,7.2327],[81.5979,7.233],[81.5839,7.225],[81.5739,7.2233],[81.5632,7.2175],[81.5529,7.2183],[81.5511,7.2231],[81.5477,7.2252],[81.545,7.2305],[81.5421,7.2331],[81.5381,7.2332],[81.534,7.24],[81.5263,7.241],[81.5231,7.2429],[81.5235,7.2468],[81.5276,7.2536],[81.5239,7.2628],[81.5242,7.2705],[81.5174,7.2824],[81.5207,7.2847],[81.5205,7.287],[81.5382,7.2884],[81.5454,7.2946],[81.5555,7.29],[81.5725,7.288],[81.5871,7.2837],[81.6176,7.2807],[81.6198,7.2879],[81.6251,7.2889],[81.6196,7.2993],[81.6203,7.3026],[81.6256,7.3039],[81.6256,7.3105],[81.6464,7.3143],[81.6491,7.3232],[81.6557,7.3242],[81.6647,7.3229],[81.6686,7.3243],[81.6753,7.3329],[81.6895,7.3256],[81.6969,7.3199],[81.7029,7.3081],[81.7079,7.3083],[81.7105,7.3043],[81.701,7.2878],[81.6964,7.2826],[81.6888,7.2787],[81.6901,7.2758],[81.6833,7.2766],[81.6774,7.2739]]]]', '98f13708210194c475687be6106a3b84', 1, '15', 'DS', 'Ampara', '', '', '', '', '', '', 1, 'Ampara', '', '', '', '', 0, 0),
(21, 'Navithanveli', '[[[[81.7947,7.4206],[81.8024,7.4036],[81.7932,7.4035],[81.7777,7.3972],[81.7715,7.3972],[81.7554,7.3927],[81.7471,7.3921],[81.7357,7.4097],[81.7295,7.412],[81.7122,7.441],[81.7255,7.4557],[81.749,7.4553],[81.7515,7.4561],[81.7521,7.4569],[81.7513,7.4573],[81.751,7.4579],[81.7513,7.4579],[81.7607,7.4524],[81.764,7.4599],[81.7657,7.4599],[81.7693,7.4551],[81.7729,7.4546],[81.774,7.4579],[81.7776,7.459],[81.7782,7.4649],[81.7726,7.4682],[81.7776,7.4779],[81.781,7.469],[81.7835,7.4674],[81.7826,7.4604],[81.7846,7.4549],[81.7838,7.4501],[81.7807,7.4485],[81.7801,7.4462],[81.7832,7.4399],[81.7829,7.4343],[81.7862,7.4315],[81.7885,7.4338],[81.7904,7.4326],[81.7907,7.4232],[81.7947,7.4206]]],[[[81.7832,7.4485],[81.789,7.4424],[81.789,7.4346],[81.7857,7.4346],[81.7865,7.441],[81.7838,7.4426],[81.7849,7.4446],[81.7824,7.4463],[81.7832,7.4485]]]]', '3c59dc048e8850243be8079a5c74d079', 1, '16', 'DS', 'Ampara', '', '', '', '', '', '', 1, 'Ampara', '', '', '', '', 0, 0),
(22, 'Sammanthurai', '[[[[81.822,7.299],[81.8137,7.2962],[81.8026,7.2969],[81.8,7.2929],[81.7958,7.2908],[81.7858,7.2996],[81.7797,7.3005],[81.7769,7.2994],[81.7762,7.2974],[81.7627,7.2974],[81.7524,7.2951],[81.7478,7.2917],[81.7392,7.2889],[81.7255,7.2906],[81.7076,7.2982],[81.7105,7.3043],[81.7076,7.3087],[81.7079,7.3115],[81.7121,7.3176],[81.7134,7.3252],[81.7213,7.3279],[81.7206,7.3397],[81.7223,7.3529],[81.7312,7.3586],[81.7308,7.3696],[81.7348,7.3786],[81.7471,7.3921],[81.7554,7.3927],[81.7715,7.3972],[81.7777,7.3972],[81.7932,7.4035],[81.8024,7.4036],[81.8112,7.4004],[81.8194,7.4006],[81.8221,7.396],[81.8225,7.3902],[81.8159,7.3712],[81.8178,7.3645],[81.8163,7.3632],[81.8159,7.3568],[81.8179,7.3501],[81.8201,7.3499],[81.8208,7.3315],[81.8166,7.3258],[81.822,7.299]]]]', 'b6d767d2f8ed5d21a44b0e5886680cb9', 1, '18', 'DS', 'Ampara', '', '', '', '', '', '', 1, 'Ampara', '', '', '', '', 0, 0),
(23, 'Kalmunai Tamil Division', '[[[[81.7943,7.4307],[81.791,7.4374],[81.7949,7.4363],[81.7946,7.4338],[81.7974,7.4338],[81.7962,7.4399],[81.7937,7.4404],[81.7935,7.4387],[81.7926,7.4404],[81.7957,7.444],[81.796,7.4535],[81.7982,7.4535],[81.7968,7.4582],[81.7996,7.4593],[81.8032,7.456],[81.8051,7.4504],[81.8065,7.4549],[81.809,7.4554],[81.809,7.435],[81.7943,7.4307]]],[[[81.8158,7.4677],[81.8174,7.4662],[81.8199,7.4521],[81.8101,7.4518],[81.8118,7.4585],[81.8104,7.4593],[81.8099,7.4574],[81.8087,7.4585],[81.8063,7.4679],[81.8082,7.4768],[81.8115,7.4765],[81.8138,7.4676],[81.8151,7.4662],[81.8158,7.4677]]]]', '37693cfc748049e45d87b8c7d8b9aacd', 1, '21', 'DS', 'Ampara', '', '', '', '', '', '', 1, 'Ampara', '', '', '', '', 0, 0),
(24, 'Kalmunai', '[[[[81.7943,7.4307],[81.791,7.4374],[81.7949,7.4363],[81.7946,7.4338],[81.7974,7.4338],[81.7962,7.4399],[81.7937,7.4404],[81.7935,7.4387],[81.7926,7.4404],[81.7957,7.444],[81.796,7.4535],[81.7982,7.4535],[81.7968,7.4582],[81.7996,7.4593],[81.8032,7.456],[81.8051,7.4504],[81.8065,7.4549],[81.809,7.4554],[81.809,7.435],[81.7943,7.4307]]],[[[81.8158,7.4677],[81.8174,7.4662],[81.8199,7.4521],[81.8101,7.4518],[81.8118,7.4585],[81.8104,7.4593],[81.8099,7.4574],[81.8087,7.4585],[81.8063,7.4679],[81.8082,7.4768],[81.8115,7.4765],[81.8138,7.4676],[81.8151,7.4662],[81.8158,7.4677]]]]', '1ff1de774005f8da13f42943881c655f', 1, '24', 'DS', 'Ampara', '', '', '', '', '', '', 1, 'Ampara', '', '', '', '', 0, 0),
(25, 'Sainthamarathu', '[[[[81.7943,7.4304],[81.7964,7.4323],[81.8088,7.4345],[81.8092,7.4518],[81.8201,7.4521],[81.8232,7.4363],[81.8274,7.4279],[81.8391,7.4143],[81.8382,7.4121],[81.8404,7.4118],[81.8454,7.3916],[81.8328,7.3874],[81.822,7.3872],[81.8223,7.3952],[81.8194,7.4006],[81.8112,7.4004],[81.8024,7.4036],[81.7946,7.421],[81.7985,7.4212],[81.7971,7.4249],[81.8001,7.4271],[81.796,7.4282],[81.7943,7.426],[81.7943,7.4304]]]]', '8e296a067a37563370ded05f5a3bf3ec', 1, '25', 'DS', 'Ampara', '', '', '', '', '', '', 1, 'Ampara', '', '', '', '', 0, 0),
(26, 'Karaitheevu', '[[[[81.8454,7.3916],[81.8463,7.3865],[81.8507,7.3779],[81.8521,7.366],[81.856,7.3615],[81.8406,7.356],[81.8176,7.3507],[81.8159,7.3568],[81.8163,7.3632],[81.8178,7.3645],[81.8158,7.3708],[81.822,7.3872],[81.8328,7.3874],[81.8454,7.3916]]]]', '4e732ced3463d06de0ca9a15b6153677', 1, '27', 'DS', 'Ampara', '', '', '', '', '', '', 1, 'Ampara', '', '', '', '', 0, 0),
(27, 'Ninthavur', '[[[[81.8662,7.3094],[81.8613,7.3064],[81.8559,7.3078],[81.8516,7.3016],[81.8424,7.2968],[81.8326,7.2945],[81.8228,7.298],[81.8219,7.3041],[81.8187,7.3101],[81.8195,7.3124],[81.8166,7.3258],[81.8208,7.3315],[81.8201,7.3499],[81.8176,7.3507],[81.8406,7.356],[81.8562,7.3615],[81.8565,7.3562],[81.8579,7.356],[81.8607,7.3435],[81.8621,7.3424],[81.8632,7.3315],[81.8654,7.329],[81.8662,7.3094]]]]', '02e74f10e0327ad868d138f2b4fdd6f0', 1, '30', 'DS', 'Ampara', '', '', '', '', '', '', 1, 'Ampara', '', '', '', '', 0, 0),
(28, 'Addalachchenai', '[[[[81.8662,7.3094],[81.8671,7.3043],[81.8657,7.301],[81.866,7.2979],[81.8676,7.2971],[81.868,7.2876],[81.8646,7.2715],[81.8637,7.2457],[81.8604,7.246],[81.8596,7.2476],[81.8592,7.2461],[81.7718,7.2508],[81.7772,7.2996],[81.7858,7.2996],[81.7958,7.2908],[81.8,7.2929],[81.8026,7.2969],[81.8137,7.2962],[81.822,7.299],[81.8267,7.2959],[81.8334,7.2945],[81.849,7.2998],[81.8559,7.3078],[81.8613,7.3064],[81.8662,7.3094]]]]', '33e75ff09dd601bbe69f351039152189', 1, '33', 'DS', 'Ampara', '', '', '', '', '', '', 1, 'Trincomalee', '', '', '', '', 0, 0),
(29, 'Irakkamam', '[[[[81.7762,7.2974],[81.7712,7.2421],[81.7689,7.2351],[81.7559,7.2348],[81.7483,7.2293],[81.7432,7.2338],[81.7332,7.236],[81.7307,7.2397],[81.7279,7.2387],[81.7229,7.2411],[81.721,7.2393],[81.7205,7.2342],[81.7003,7.2249],[81.6966,7.22],[81.6975,7.2333],[81.681,7.2556],[81.6786,7.2611],[81.6774,7.2739],[81.6833,7.2766],[81.6901,7.2758],[81.6888,7.2787],[81.6964,7.2826],[81.7076,7.2982],[81.7221,7.2918],[81.7335,7.2889],[81.7415,7.2895],[81.7587,7.2968],[81.7762,7.2974]]]]', '6ea9ab1baa0efb9e19094440c317e21b', 1, '34', 'DS', 'Ampara', '', '', '', '', '', '', 1, 'Ampara', '', '', '', '', 0, 0),
(30, 'Akkaraipattu', '[[[[81.7722,7.2508],[81.8596,7.2461],[81.8624,7.2421],[81.8615,7.2379],[81.8596,7.2368],[81.8632,7.2368],[81.8615,7.2296],[81.8618,7.2168],[81.8599,7.216],[81.8615,7.2105],[81.8558,7.2103],[81.8524,7.2119],[81.8496,7.2204],[81.8342,7.2218],[81.8338,7.2188],[81.8236,7.2205],[81.8099,7.2114],[81.8005,7.2081],[81.7799,7.2044],[81.7782,7.2001],[81.7707,7.2023],[81.765,7.1908],[81.7624,7.1745],[81.7541,7.1777],[81.7519,7.1802],[81.7458,7.1933],[81.7388,7.1933],[81.7337,7.1976],[81.7282,7.1994],[81.7115,7.1956],[81.6964,7.2127],[81.696,7.2185],[81.6987,7.2238],[81.7205,7.2342],[81.7225,7.241],[81.7279,7.2387],[81.7307,7.2397],[81.7332,7.236],[81.7432,7.2338],[81.7461,7.23],[81.7491,7.2294],[81.7559,7.2348],[81.7689,7.2351],[81.7722,7.2508]]],[[[81.8609,7.246],[81.8637,7.2457],[81.864,7.2435],[81.8618,7.244],[81.8609,7.246]]]]', '34173cb38f07f89ddbebc2ac9128303f', 1, '36', 'DS', 'Ampara', '', '', '', '', '', '', 1, 'Ampara', '', '', '', '', 0, 0),
(31, 'Alayadiwembu', '[[[[81.7115,7.1956],[81.7282,7.1994],[81.7337,7.1976],[81.7388,7.1933],[81.7437,7.1942],[81.7458,7.1933],[81.7492,7.1844],[81.7541,7.1777],[81.7624,7.1745],[81.765,7.1908],[81.7707,7.2023],[81.7782,7.2001],[81.7799,7.2044],[81.7959,7.2069],[81.8099,7.2114],[81.8236,7.2205],[81.8338,7.2188],[81.8342,7.2218],[81.8496,7.2204],[81.8524,7.2119],[81.8618,7.2101],[81.8632,7.2004],[81.8607,7.1851],[81.8568,7.1838],[81.8565,7.1874],[81.8546,7.1865],[81.8526,7.1879],[81.8526,7.1863],[81.8507,7.1874],[81.8504,7.184],[81.8482,7.1818],[81.849,7.1785],[81.8465,7.1765],[81.8393,7.176],[81.8332,7.171],[81.8301,7.1654],[81.8299,7.1685],[81.8276,7.169],[81.8282,7.1746],[81.8257,7.1746],[81.8251,7.171],[81.8279,7.1679],[81.8268,7.1668],[81.8276,7.1635],[81.8243,7.1654],[81.826,7.1618],[81.8238,7.161],[81.8246,7.1582],[81.8221,7.156],[81.8246,7.1554],[81.8276,7.1604],[81.8276,7.1521],[81.8296,7.1504],[81.8313,7.1437],[81.836,7.1381],[81.8342,7.1391],[81.8277,7.138],[81.8213,7.1417],[81.8176,7.142],[81.8041,7.1409],[81.796,7.1348],[81.7868,7.1341],[81.7805,7.1382],[81.7762,7.1378],[81.7741,7.1406],[81.7634,7.1447],[81.7508,7.1435],[81.749,7.1521],[81.7115,7.1956]]]]', 'c16a5320fa475530d9583c34fd356ef5', 1, '39', 'DS', 'Ampara', '', '', '', '', '', '', 1, 'Ampara', '', '', '', '', 0, 0),
(32, 'Damana', '[[[[81.6966,7.22],[81.6964,7.2127],[81.7478,7.1537],[81.7499,7.1504],[81.7509,7.1425],[81.733,7.1345],[81.7234,7.1226],[81.7203,7.1175],[81.7196,7.1117],[81.7149,7.1058],[81.7073,7.1055],[81.7021,7.1027],[81.7004,7.1037],[81.7,7.0938],[81.6947,7.0854],[81.6963,7.0788],[81.6776,7.0696],[81.6347,7.0617],[81.6219,7.0586],[81.6177,7.0557],[81.6142,7.0685],[81.6034,7.0704],[81.5961,7.0696],[81.5893,7.0746],[81.5797,7.0763],[81.5715,7.082],[81.5637,7.0811],[81.5484,7.086],[81.5377,7.0911],[81.5365,7.0948],[81.5332,7.0904],[81.5211,7.0975],[81.5154,7.103],[81.5157,7.109],[81.5113,7.1179],[81.5131,7.1256],[81.5111,7.131],[81.5134,7.1363],[81.5097,7.1412],[81.5009,7.1478],[81.5001,7.1548],[81.5114,7.1821],[81.5148,7.1842],[81.5224,7.1976],[81.529,7.2046],[81.542,7.2136],[81.5529,7.2183],[81.5632,7.2175],[81.5739,7.2233],[81.5839,7.225],[81.5979,7.233],[81.6018,7.2327],[81.6096,7.2266],[81.6155,7.2263],[81.6184,7.2289],[81.6236,7.2397],[81.6296,7.245],[81.6428,7.2677],[81.6774,7.2739],[81.6786,7.2611],[81.681,7.2556],[81.6975,7.2333],[81.6966,7.22]]]]', '6364d3f0f495b6ab9dcf8d3b5c6e0b01', 1, '42', 'DS', 'Ampara', '', '', '', '', '', '', 1, 'Ampara', '', '', '', '', 0, 0),
(33, 'Thirukkovil', '[[[[81.7508,7.1435],[81.7634,7.1447],[81.7741,7.1406],[81.7762,7.1378],[81.7805,7.1382],[81.7868,7.1341],[81.796,7.1348],[81.8041,7.1409],[81.8176,7.142],[81.8213,7.1417],[81.8277,7.138],[81.8342,7.1391],[81.8374,7.1371],[81.8374,7.1349],[81.8343,7.1312],[81.8321,7.1318],[81.8296,7.1299],[81.8349,7.1251],[81.8351,7.1226],[81.8374,7.1229],[81.8396,7.1199],[81.8429,7.1193],[81.8429,7.1224],[81.846,7.1251],[81.8463,7.1301],[81.8449,7.1287],[81.8446,7.1326],[81.8385,7.1382],[81.846,7.141],[81.8496,7.1476],[81.8512,7.1468],[81.8521,7.1404],[81.8565,7.1418],[81.8557,7.1446],[81.8587,7.149],[81.859,7.1535],[81.8562,7.1535],[81.8557,7.1596],[81.8543,7.1599],[81.8543,7.1671],[81.8582,7.1721],[81.8585,7.1824],[81.8621,7.1843],[81.861,7.1818],[81.8613,7.1543],[81.8601,7.1537],[81.8618,7.1504],[81.859,7.1351],[81.8574,7.1338],[81.8576,7.1207],[81.859,7.1174],[81.8576,7.1018],[81.8629,7.0862],[81.8632,7.0779],[81.8668,7.0679],[81.8674,7.061],[81.8688,7.0601],[81.8679,7.0524],[81.8696,7.0504],[81.8701,7.0426],[81.8726,7.0376],[81.8757,7.0357],[81.8757,7.0343],[81.8749,7.0355],[81.8675,7.0342],[81.8562,7.0352],[81.8399,7.0258],[81.7228,7.064],[81.6996,7.0728],[81.6944,7.0834],[81.7,7.0938],[81.7004,7.1037],[81.7021,7.1027],[81.7073,7.1055],[81.7149,7.1058],[81.7196,7.1117],[81.7203,7.1175],[81.7234,7.1226],[81.733,7.1345],[81.7508,7.1435]]]]', '182be0c5cdcd5072bb1864cdee4d3d6e', 1, '45', 'DS', 'Ampara', '', '', '', '', '', '', 1, 'Ampara', '', '', '', '', 0, 0),
(34, 'Pottuvil', '[[[[81.8221,6.8105],[81.816,6.8124],[81.8098,6.8174],[81.8047,6.8155],[81.8015,6.8196],[81.7907,6.8201],[81.7802,6.8241],[81.7779,6.8269],[81.7792,6.8302],[81.778,6.8317],[81.7658,6.8351],[81.7642,6.8552],[81.7641,6.9072],[81.7583,6.9114],[81.7556,6.9162],[81.75,6.921],[81.7483,6.928],[81.7501,6.933],[81.7483,6.9362],[81.7432,6.9413],[81.7358,6.9413],[81.7313,6.9444],[81.7298,6.9478],[81.7262,6.9475],[81.722,6.9534],[81.7199,6.9623],[81.716,6.9687],[81.7117,6.972],[81.778,7.0462],[81.8399,7.0258],[81.8562,7.0352],[81.8675,7.0342],[81.8749,7.0355],[81.8785,7.0257],[81.8782,7.0204],[81.8768,7.0193],[81.8763,7.014],[81.8751,7.014],[81.876,7.0121],[81.8732,7.009],[81.8729,7.0024],[81.8696,7.0004],[81.869,6.9943],[81.8674,6.994],[81.8682,6.9918],[81.8646,6.9815],[81.8649,6.9771],[81.8674,6.9746],[81.8649,6.9674],[81.8654,6.964],[81.8593,6.9535],[81.8596,6.951],[81.8585,6.9518],[81.8587,6.9474],[81.8568,6.9457],[81.8562,6.9476],[81.856,6.9407],[81.8546,6.9382],[81.854,6.9393],[81.8529,6.9382],[81.851,6.9251],[81.8432,6.9054],[81.844,6.8993],[81.8485,6.8976],[81.8432,6.8868],[81.8432,6.884],[81.8449,6.884],[81.846,6.8815],[81.8449,6.8801],[81.846,6.8715],[81.8438,6.8693],[81.8404,6.8696],[81.8374,6.8651],[81.8374,6.8612],[81.8354,6.8612],[81.8332,6.8551],[81.8307,6.8543],[81.8321,6.8432],[81.8351,6.8396],[81.839,6.8399],[81.8399,6.8349],[81.8379,6.836],[81.8324,6.8346],[81.8279,6.8299],[81.826,6.8215],[81.8249,6.8201],[81.8224,6.8207],[81.8238,6.8157],[81.8221,6.8105]]]]', 'e369853df766fa44e1ed0ff613f563bd', 1, '48', 'DS', 'Ampara', '', '', '', '', '', '', 1, 'Ampara', '', '', '', '', 0, 0),
(35, 'Lahugala', '[[[[81.6177,7.0557],[81.6219,7.0586],[81.6347,7.0617],[81.6776,7.0696],[81.6963,7.0788],[81.6996,7.0728],[81.7047,7.0702],[81.778,7.0462],[81.7117,6.972],[81.716,6.9687],[81.7199,6.9623],[81.722,6.9534],[81.7262,6.9475],[81.7298,6.9478],[81.7313,6.9444],[81.7358,6.9413],[81.7432,6.9413],[81.7483,6.9362],[81.7501,6.933],[81.7483,6.928],[81.75,6.921],[81.7556,6.9162],[81.7583,6.9114],[81.7641,6.9072],[81.7642,6.8552],[81.7658,6.8351],[81.778,6.8317],[81.7788,6.8254],[81.7836,6.8226],[81.7924,6.8198],[81.8015,6.8196],[81.8047,6.8155],[81.8098,6.8174],[81.818,6.8114],[81.8251,6.8101],[81.8235,6.8071],[81.824,6.801],[81.8196,6.7929],[81.8182,6.7865],[81.8187,6.784],[81.824,6.7796],[81.8221,6.7735],[81.8232,6.769],[81.826,6.7676],[81.8262,6.7632],[81.8157,6.7554],[81.8163,6.7537],[81.8138,6.7537],[81.8132,6.751],[81.8096,6.7474],[81.8068,6.7393],[81.8012,6.7318],[81.8004,6.7271],[81.8032,6.7232],[81.8004,6.7177],[81.801,6.7129],[81.7993,6.7107],[81.7993,6.706],[81.796,6.7063],[81.7954,6.7029],[81.791,6.7007],[81.7862,6.6954],[81.7826,6.689],[81.7815,6.6835],[81.7771,6.6793],[81.7771,6.6768],[81.7754,6.6771],[81.7763,6.6754],[81.7738,6.674],[81.7721,6.6704],[81.7707,6.659],[81.7721,6.6543],[81.7763,6.6513],[81.7757,6.6474],[81.7779,6.6465],[81.776,6.6451],[81.7732,6.6371],[81.771,6.6285],[81.7718,6.6257],[81.7693,6.6246],[81.7701,6.6263],[81.769,6.6282],[81.7599,6.611],[81.7593,6.6051],[81.7629,6.5999],[81.761,6.5965],[81.7579,6.5951],[81.7574,6.5918],[81.7535,6.5918],[81.7504,6.5874],[81.7476,6.5874],[81.7482,6.5854],[81.7454,6.5857],[81.7412,6.5796],[81.7421,6.5768],[81.7387,6.5724],[81.7396,6.5693],[81.7279,6.5532],[81.7293,6.5499],[81.7235,6.5393],[81.7246,6.536],[81.7201,6.5338],[81.7174,6.5301],[81.7076,6.5121],[81.6997,6.5138],[81.6912,6.5127],[81.6858,6.5136],[81.673,6.5223],[81.6684,6.5335],[81.6636,6.539],[81.656,6.5405],[81.651,6.5449],[81.6425,6.5413],[81.638,6.5422],[81.6305,6.5558],[81.6208,6.5638],[81.6189,6.5713],[81.6132,6.5725],[81.6081,6.5788],[81.6175,6.6966],[81.6191,6.7561],[81.6281,6.8707],[81.6287,6.913],[81.6372,6.96],[81.6315,6.9672],[81.6224,6.9732],[81.6178,6.9791],[81.6172,6.9826],[81.6208,6.9911],[81.6209,6.9984],[81.6189,7.0013],[81.6139,7.0037],[81.6126,7.0164],[81.6072,7.0259],[81.6115,7.0417],[81.6174,7.0459],[81.6192,7.0492],[81.6177,7.0557]]]]', '1c383cd30b7c298ab50293adfecb7b18', 1, '51', 'DS', 'Ampara', '', '', '', '', '', '', 1, 'Ampara', '', '', '', '', 0, 0),
(36, 'Padavi Sri Pura', '[[[[80.912,8.8365],[80.9089,8.8365],[80.9019,8.8441],[80.8966,8.8535],[80.8911,8.8575],[80.8873,8.8694],[80.8715,8.8821],[80.8535,8.887],[80.8407,8.8949],[80.8329,8.9031],[80.826,8.9056],[80.8123,8.9153],[80.7848,8.9206],[80.7796,8.9157],[80.753,8.9052],[80.7555,8.91],[80.7561,8.919],[80.7621,8.9361],[80.7698,8.9399],[80.7719,8.9448],[80.7747,8.947],[80.782,8.947],[80.7882,8.9508],[80.7949,8.9485],[80.8027,8.9529],[80.8079,8.9521],[80.8184,8.9542],[80.8233,8.9568],[80.827,8.9557],[80.8279,8.9591],[80.8329,8.9615],[80.8495,8.9616],[80.8565,8.9606],[80.8592,8.9581],[80.8679,8.9598],[80.8705,8.964],[80.8739,8.9647],[80.8741,8.9684],[80.883,8.9695],[80.8873,8.9731],[80.8884,8.9802],[80.8936,8.9814],[80.8984,8.9789],[80.9029,8.9836],[80.9099,8.9858],[80.919,8.9842],[80.9274,8.9909],[80.9243,8.9849],[80.9157,8.9799],[80.9154,8.9779],[80.9249,8.9704],[80.9285,8.9718],[80.9304,8.9707],[80.9262,8.9635],[80.919,8.9685],[80.9146,8.9671],[80.911,8.9704],[80.9057,8.9682],[80.9063,8.9654],[80.9079,8.9649],[80.9054,8.9615],[80.909,8.9576],[80.9063,8.949],[80.9085,8.9529],[80.9115,8.9526],[80.9115,8.9474],[80.9135,8.9435],[80.9124,8.939],[80.9157,8.9401],[80.9151,8.9357],[80.919,8.9357],[80.9226,8.9382],[80.921,8.9346],[80.9229,8.9326],[80.9265,8.9343],[80.9265,8.9326],[80.9229,8.9299],[80.9235,8.9274],[80.9238,8.9293],[80.9271,8.9318],[80.9274,8.9379],[80.9288,8.9391],[80.9293,8.9374],[80.9313,8.9376],[80.9318,8.934],[80.9335,8.9346],[80.9335,8.9326],[80.9362,8.9321],[80.9368,8.9285],[80.9435,8.9282],[80.9457,8.934],[80.9482,8.9346],[80.9485,8.9363],[80.9449,8.9415],[80.9393,8.939],[80.9401,8.9427],[80.9429,8.9429],[80.9432,8.9449],[80.9474,8.946],[80.9529,8.9513],[80.9549,8.951],[80.9557,8.9479],[80.9621,8.9482],[80.9644,8.9504],[80.9629,8.9615],[80.9593,8.9671],[80.9551,8.969],[80.9579,8.9688],[80.9576,8.9718],[80.9601,8.9776],[80.9671,8.9851],[80.9765,8.9688],[80.9863,8.9579],[80.9971,8.941],[81.0032,8.9354],[81.0076,8.9385],[81.016,8.9204],[81.0157,8.9144],[81.0115,8.9076],[81.0046,8.9049],[81.0113,8.9068],[81.0036,8.9029],[81.0042,8.8964],[80.9933,8.8941],[80.9937,8.8898],[80.9919,8.8861],[80.985,8.8893],[80.9784,8.8876],[80.9774,8.8856],[80.9817,8.8795],[80.9814,8.8773],[80.9713,8.8776],[80.9676,8.8749],[80.9626,8.8788],[80.9603,8.8783],[80.9448,8.8622],[80.9416,8.8631],[80.9364,8.856],[80.9348,8.858],[80.9322,8.8567],[80.9313,8.8552],[80.9331,8.8532],[80.9312,8.8512],[80.9235,8.8482],[80.9201,8.8489],[80.9209,8.8416],[80.912,8.8365]]],[[[80.9582,8.9643],[80.9596,8.9612],[80.9604,8.9604],[80.959,8.9607],[80.9582,8.9643]]],[[[80.9582,8.9849],[80.9585,8.9868],[80.9615,8.9876],[80.961,8.986],[80.9582,8.9849]]]]', '19ca14e7ea6328a42e0eb13d585e4c22', 1, '3', 'DS', 'Trincomalee', '', '', '', '', '', '', 1, 'Trincomalee', '', '', '', '', 0, 0),
(37, 'Kuchchaveli', '[[[[81.2051,8.7232],[81.2071,8.7213],[81.2024,8.7215],[81.2032,8.7229],[81.2051,8.7232]]],[[[81.0578,8.7355],[81.0152,8.7726],[80.9726,8.8358],[80.9524,8.8553],[80.9523,8.8698],[80.9585,8.8768],[80.9626,8.8788],[80.9676,8.8749],[80.9713,8.8776],[80.9814,8.8773],[80.9817,8.8795],[80.9774,8.8856],[80.9788,8.888],[80.985,8.8893],[80.9914,8.8858],[80.9937,8.8898],[80.9933,8.8941],[81.0042,8.8964],[81.004,8.9034],[81.0135,8.9074],[81.0151,8.9099],[81.016,8.9071],[81.0143,8.906],[81.0163,8.9057],[81.0151,8.9043],[81.0174,8.9043],[81.0182,8.9118],[81.016,8.916],[81.0171,8.9185],[81.0268,8.8968],[81.0313,8.8921],[81.0332,8.8874],[81.0407,8.8785],[81.0593,8.8615],[81.0674,8.8574],[81.0715,8.8585],[81.0701,8.8535],[81.0713,8.8504],[81.0738,8.8549],[81.0751,8.8535],[81.0757,8.8568],[81.0746,8.8588],[81.0693,8.8601],[81.074,8.8615],[81.0794,8.8687],[81.0804,8.8674],[81.0779,8.8618],[81.0832,8.859],[81.0849,8.8618],[81.0863,8.8612],[81.0846,8.8551],[81.091,8.8485],[81.0896,8.8412],[81.0918,8.8349],[81.0993,8.8218],[81.1024,8.8212],[81.1087,8.8068],[81.1188,8.7938],[81.1188,8.7915],[81.1157,8.791],[81.119,8.7888],[81.1221,8.7921],[81.1379,8.771],[81.1443,8.7668],[81.1476,8.7688],[81.1474,8.7651],[81.159,8.7468],[81.1649,8.7396],[81.1746,8.7337],[81.1726,8.7293],[81.1665,8.7274],[81.1668,8.7254],[81.1612,8.7157],[81.1629,8.7149],[81.1629,8.7171],[81.1665,8.7193],[81.169,8.7265],[81.1743,8.7282],[81.1754,8.7307],[81.1813,8.7188],[81.1901,8.7062],[81.201,8.6821],[81.2087,8.6715],[81.2152,8.6535],[81.2145,8.6464],[81.2062,8.6428],[81.1978,8.6358],[81.1833,8.6275],[81.1744,8.6296],[81.1699,8.6325],[81.1698,8.6359],[81.1744,8.6458],[81.1742,8.6495],[81.1723,8.6499],[81.1642,8.6362],[81.1533,8.6334],[81.1358,8.623],[81.1392,8.6322],[81.1388,8.6393],[81.1371,8.6444],[81.1299,8.6549],[81.117,8.6683],[81.0905,8.6902],[81.0734,8.7147],[81.0656,8.7304],[81.0578,8.7355]]],[[[81.016,8.9135],[81.0149,8.9107],[81.0132,8.9107],[81.0135,8.9088],[81.0116,8.9079],[81.0154,8.9146],[81.016,8.9135]]]]', 'a5bfc9e07964f8dddeb95fc584cd965d', 1, '6', 'DS', 'Trincomalee', '', '', '', '', '', '', 1, 'Trincomalee', '', '', '', '', 0, 0),
(38, 'Gomarankadawala', '[[[[80.9133,8.6751],[80.9116,8.6892],[80.9053,8.6985],[80.8993,8.7121],[80.8945,8.7158],[80.8914,8.7225],[80.8915,8.73],[80.8933,8.7322],[80.891,8.7426],[80.885,8.7468],[80.8822,8.7469],[80.8788,8.7527],[80.8796,8.7685],[80.8819,8.7729],[80.8821,8.7827],[80.884,8.7861],[80.8828,8.7877],[80.8924,8.7994],[80.8929,8.8041],[80.901,8.8164],[80.9037,8.8171],[80.9066,8.8212],[80.9109,8.8236],[80.9125,8.8279],[80.9121,8.8359],[80.9213,8.8425],[80.9201,8.8489],[80.9235,8.8482],[80.9297,8.8501],[80.9331,8.8532],[80.9313,8.8552],[80.9322,8.8567],[80.9348,8.858],[80.9364,8.856],[80.9416,8.8631],[80.9448,8.8622],[80.9495,8.8684],[80.9523,8.8698],[80.9529,8.8543],[80.9726,8.8358],[81.0146,8.7734],[81.0586,8.7349],[81.05,8.7232],[81.0386,8.7198],[81.0369,8.7151],[81.0328,8.7128],[81.0331,8.7079],[81.0295,8.7046],[81.0285,8.6983],[81.0299,8.6915],[81.0281,8.682],[81.0301,8.6676],[81.0277,8.6624],[81.0283,8.6565],[81.0235,8.652],[81.0193,8.6432],[81.0124,8.6352],[81.0121,8.6323],[80.9891,8.6471],[80.9465,8.6505],[80.9431,8.6537],[80.9411,8.6625],[80.9388,8.6657],[80.9133,8.6751]]]]', 'a5771bce93e200c36f7cd9dfd0e5deaa', 1, '9', 'DS', 'Trincomalee', '', '', '', '', '', '', 1, 'Trincomalee', '', '', '', '', 0, 0),
(39, 'Morawewa', '[[[[80.9463,8.5382],[80.9454,8.5482],[80.9431,8.5535],[80.9171,8.5848],[80.9147,8.5984],[80.9159,8.6051],[80.9074,8.612],[80.8947,8.6192],[80.8938,8.6228],[80.8965,8.6267],[80.8971,8.6315],[80.8915,8.6376],[80.8934,8.6461],[80.897,8.6501],[80.9007,8.6589],[80.9,8.6625],[80.9088,8.667],[80.9143,8.6749],[80.9388,8.6657],[80.9411,8.6625],[80.9431,8.6537],[80.9465,8.6505],[80.9891,8.6471],[81.0121,8.6323],[81.0124,8.6352],[81.0193,8.6432],[81.0235,8.652],[81.0283,8.6565],[81.0277,8.6624],[81.0301,8.6676],[81.0281,8.682],[81.0299,8.6915],[81.0285,8.6983],[81.0295,8.7046],[81.0331,8.7079],[81.0328,8.7128],[81.0369,8.7151],[81.0386,8.7198],[81.05,8.7232],[81.0586,8.7349],[81.0656,8.7304],[81.0734,8.7147],[81.0886,8.6924],[81.1277,8.6577],[81.1384,8.6411],[81.1394,8.6339],[81.1379,8.6266],[81.1358,8.623],[81.1336,8.6237],[81.1332,8.6225],[81.1328,8.6103],[81.1343,8.6038],[81.1258,8.5873],[81.1194,8.5646],[81.1174,8.5499],[81.1145,8.5437],[81.1151,8.5417],[81.104,8.5418],[81.0875,8.5508],[81.078,8.5538],[81.0553,8.5536],[81.052,8.556],[81.0481,8.5624],[81.0423,8.5633],[81.0324,8.553],[81.0274,8.5507],[80.9974,8.5458],[80.9563,8.542],[80.95,8.5408],[80.9463,8.5382]]]]', 'd67d8ab4f4c10bf22aa353e27879133c', 1, '12', 'DS', 'Trincomalee', '', '', '', '', '', '', 1, 'Trincomalee', '', '', '', '', 0, 0);
INSERT INTO `client_registration` (`c_id`, `client_name`, `coordinates`, `md5_client`, `user_license`, `client_id`, `client_type`, `district`, `supply_by`, `client_email`, `client_phone`, `contact_name`, `contact_email`, `contact_phone`, `status`, `regNumber`, `region`, `bank_and_branch`, `account_number`, `account_name`, `payment_sms`, `remindes_sms`) VALUES
(40, 'Trincomalee Town and Gravets', '[[[[81.2307,8.5313],[81.2324,8.534],[81.2346,8.5346],[81.2335,8.5318],[81.2307,8.5313]]],[[[81.2485,8.5429],[81.2462,8.5421],[81.2451,8.5421],[81.2462,8.5437],[81.2485,8.5429]]],[[[81.2285,8.5556],[81.2271,8.554],[81.2263,8.554],[81.226,8.5554],[81.2285,8.5556]]],[[[81.2251,8.5124],[81.226,8.5146],[81.2271,8.5146],[81.2265,8.5121],[81.2251,8.5124]]],[[[81.216,8.5425],[81.2138,8.5415],[81.2135,8.544],[81.2157,8.5443],[81.216,8.5425]]],[[[81.2115,8.5482],[81.2138,8.5471],[81.2118,8.5451],[81.2132,8.541],[81.2087,8.5387],[81.2057,8.5437],[81.2074,8.5463],[81.2049,8.5474],[81.2115,8.5482]]],[[[81.1395,8.6249],[81.1533,8.6334],[81.1642,8.6362],[81.1723,8.6499],[81.1742,8.6495],[81.1744,8.6458],[81.1698,8.6359],[81.1699,8.6325],[81.1744,8.6296],[81.1833,8.6275],[81.1978,8.6358],[81.2062,8.6428],[81.213,8.6454],[81.215,8.6481],[81.2152,8.6535],[81.2087,8.6713],[81.2126,8.6663],[81.2154,8.6651],[81.2162,8.6621],[81.2196,8.661],[81.2243,8.6557],[81.226,8.6488],[81.2226,8.6435],[81.2224,8.6388],[81.2268,8.6285],[81.2193,8.6204],[81.2196,8.6085],[81.2232,8.5951],[81.2265,8.5893],[81.2285,8.5888],[81.2288,8.5851],[81.2351,8.5779],[81.2401,8.5763],[81.244,8.5826],[81.2457,8.5829],[81.2446,8.5754],[81.2396,8.5743],[81.2376,8.5699],[81.2407,8.5651],[81.244,8.5649],[81.2426,8.5621],[81.2468,8.5601],[81.2451,8.5549],[81.2476,8.5465],[81.2393,8.5432],[81.2326,8.5379],[81.2324,8.5357],[81.2268,8.5354],[81.2265,8.5404],[81.2293,8.5446],[81.2324,8.546],[81.2321,8.5474],[81.2246,8.5432],[81.2218,8.5432],[81.2218,8.5457],[81.2265,8.5504],[81.2265,8.5526],[81.231,8.5549],[81.231,8.5585],[81.2343,8.5615],[81.2324,8.5662],[81.2296,8.5682],[81.2282,8.5729],[81.224,8.576],[81.2154,8.5685],[81.2126,8.5688],[81.2118,8.5668],[81.2076,8.5654],[81.2104,8.5724],[81.2151,8.574],[81.2213,8.5807],[81.2199,8.584],[81.2151,8.581],[81.2076,8.5707],[81.2032,8.5682],[81.2038,8.576],[81.2012,8.5751],[81.2007,8.5779],[81.1985,8.5765],[81.2007,8.5718],[81.1932,8.5735],[81.1935,8.569],[81.1979,8.5696],[81.1985,8.5685],[81.1951,8.5626],[81.1921,8.5615],[81.194,8.5596],[81.1921,8.5543],[81.1954,8.5546],[81.1971,8.5579],[81.1982,8.5579],[81.1974,8.5549],[81.2049,8.5563],[81.2057,8.5549],[81.2049,8.5518],[81.2029,8.5515],[81.2032,8.5532],[81.2018,8.5535],[81.2018,8.5521],[81.1943,8.549],[81.1949,8.5454],[81.1923,8.5454],[81.1946,8.544],[81.2001,8.5463],[81.2007,8.5437],[81.2029,8.5429],[81.2021,8.5404],[81.199,8.5401],[81.1993,8.5382],[81.2024,8.5396],[81.2054,8.536],[81.2046,8.5343],[81.201,8.5343],[81.2015,8.5296],[81.2132,8.5318],[81.2054,8.5279],[81.2063,8.526],[81.2096,8.5265],[81.2076,8.519],[81.211,8.5179],[81.2107,8.5137],[81.2129,8.5104],[81.2118,8.5082],[81.2057,8.5101],[81.1988,8.5057],[81.1957,8.5079],[81.1926,8.5076],[81.1907,8.5126],[81.1865,8.5118],[81.1851,8.5135],[81.1865,8.5196],[81.1846,8.5218],[81.1885,8.531],[81.1843,8.5363],[81.1804,8.5365],[81.1815,8.5318],[81.1776,8.526],[81.1754,8.5304],[81.1712,8.5332],[81.1668,8.5393],[81.1546,8.5451],[81.1535,8.5451],[81.1521,8.5385],[81.1488,8.5371],[81.1479,8.5335],[81.1493,8.5313],[81.1473,8.5305],[81.1432,8.5238],[81.1357,8.5182],[81.1327,8.5132],[81.129,8.5212],[81.1292,8.5254],[81.1256,8.5286],[81.1237,8.5355],[81.1203,8.5395],[81.1147,8.542],[81.1258,8.5873],[81.1343,8.6038],[81.1328,8.6103],[81.1333,8.6231],[81.1395,8.6249]]]]', 'd645920e395fedad7bbbed0eca3fe2e0', 1, '15', 'DS', 'Trincomalee', '', 'test@test.com', '0261234563', '', '', '', 1, 'Trincomalee', '', 'BOC-Trincomalee', '123456', 'divisional secretary,Trincomalee Town and Gravets', 0, 0),
(41, 'Thambalagamuwa', '[[[[80.9618,8.4525],[80.9726,8.4601],[80.9717,8.4686],[80.9752,8.4692],[80.9796,8.4672],[80.9829,8.4681],[80.989,8.471],[80.9908,8.4754],[80.9859,8.4849],[80.9633,8.4857],[80.9651,8.4925],[80.9633,8.4986],[80.9514,8.5033],[80.9473,8.5075],[80.9448,8.5243],[80.9469,8.5317],[80.9463,8.5382],[80.95,8.5408],[80.9563,8.542],[80.9974,8.5458],[81.0274,8.5507],[81.0324,8.553],[81.0423,8.5633],[81.0481,8.5624],[81.052,8.556],[81.0553,8.5536],[81.078,8.5538],[81.0875,8.5508],[81.104,8.5418],[81.1151,8.5417],[81.1208,8.5392],[81.1237,8.5355],[81.1259,8.5281],[81.1292,8.5254],[81.129,8.5212],[81.1327,8.5132],[81.1338,8.5137],[81.1321,8.5115],[81.1278,8.5118],[81.1218,8.509],[81.1221,8.5024],[81.1276,8.4943],[81.1312,8.4935],[81.1346,8.489],[81.1392,8.4886],[81.1392,8.4798],[81.1442,8.4734],[81.144,8.4685],[81.1383,8.4617],[81.1366,8.456],[81.1276,8.4474],[81.1067,8.4379],[81.0916,8.4243],[81.0893,8.4271],[81.0844,8.4274],[81.0799,8.4257],[81.0722,8.4189],[81.0581,8.4161],[81.0535,8.421],[81.0506,8.427],[81.0442,8.4285],[81.0407,8.4354],[81.032,8.441],[81.0204,8.4419],[80.982,8.4387],[80.9672,8.4459],[80.9618,8.4525]]]]', '3416a75f4cea9109507cacd8e2f2aefc', 1, '18', 'DS', 'Trincomalee', '', '', '', '', '', '', 1, 'Trincomalee', '', '', '', '', 0, 0),
(42, 'Kantale', '[[[[80.9242,8.3369],[80.9241,8.3414],[80.9292,8.3577],[80.9264,8.3666],[80.9278,8.3751],[80.9315,8.3814],[80.9333,8.3898],[80.9378,8.3923],[80.9412,8.3974],[80.946,8.4181],[80.9538,8.4392],[80.9618,8.4525],[80.9672,8.4459],[80.982,8.4387],[81.0204,8.4419],[81.032,8.441],[81.0407,8.4354],[81.0442,8.4285],[81.0506,8.427],[81.0576,8.4162],[81.0713,8.4185],[81.0818,8.4266],[81.0893,8.4271],[81.094,8.4186],[81.0888,8.3911],[81.0913,8.3858],[81.0957,8.3823],[81.1189,8.3761],[81.1278,8.3782],[81.1343,8.3855],[81.1503,8.3849],[81.1535,8.3839],[81.1576,8.377],[81.1762,8.3731],[81.1831,8.3741],[81.1943,8.3792],[81.1995,8.3723],[81.2072,8.3706],[81.2084,8.3689],[81.2081,8.3662],[81.2032,8.3632],[81.1959,8.355],[81.1954,8.3501],[81.1981,8.3459],[81.1938,8.3384],[81.1896,8.3355],[81.1881,8.3362],[81.1877,8.341],[81.1861,8.3405],[81.1835,8.3364],[81.1786,8.335],[81.1714,8.3301],[81.1702,8.3269],[81.1727,8.319],[81.1711,8.3089],[81.1655,8.3056],[81.1621,8.2978],[81.1663,8.2951],[81.1694,8.285],[81.1697,8.2797],[81.1672,8.27],[81.1795,8.2586],[81.1783,8.2556],[81.1731,8.255],[81.1725,8.2534],[81.1772,8.2509],[81.1857,8.2421],[81.1854,8.2388],[81.1808,8.2335],[81.1807,8.2297],[81.1773,8.2306],[81.1727,8.2353],[81.1678,8.234],[81.1603,8.2384],[81.1394,8.2609],[81.1364,8.2593],[81.1324,8.2621],[81.1241,8.263],[81.1185,8.259],[81.1108,8.2599],[81.1056,8.256],[81.0984,8.2604],[81.0901,8.2622],[81.0776,8.2716],[81.0656,8.2707],[81.0553,8.273],[81.0501,8.2722],[81.0462,8.2758],[81.0363,8.2789],[81.026,8.2769],[81.0173,8.279],[80.999,8.2727],[80.9888,8.2731],[80.9801,8.3125],[80.9674,8.3179],[80.9623,8.3237],[80.9553,8.3245],[80.952,8.3229],[80.9408,8.3425],[80.9311,8.3452],[80.9242,8.3369]]]]', 'a1d0c6e83f027327d8461063f4ac58a6', 1, '21', 'DS', 'Trincomalee', '', '', '', '', '', '', 1, 'Trincomalee', '', '', '', '', 0, 0),
(43, 'Kinniya', '[[[[81.207,8.3706],[81.1999,8.372],[81.1938,8.3793],[81.1831,8.3741],[81.1772,8.373],[81.1581,8.3768],[81.156,8.378],[81.1535,8.3839],[81.1492,8.385],[81.1343,8.3855],[81.1278,8.3782],[81.1167,8.3763],[81.0941,8.3831],[81.0888,8.3911],[81.0936,8.4122],[81.0938,8.4196],[81.0916,8.4243],[81.1067,8.4379],[81.1261,8.4465],[81.1357,8.4548],[81.1383,8.4617],[81.1444,8.47],[81.1441,8.4739],[81.139,8.4807],[81.1387,8.4918],[81.1443,8.4935],[81.146,8.4985],[81.1488,8.501],[81.1499,8.5068],[81.1546,8.5068],[81.1574,8.5096],[81.1679,8.5118],[81.1699,8.514],[81.1768,8.5101],[81.1787,8.5115],[81.1813,8.5082],[81.1907,8.506],[81.1924,8.5021],[81.1913,8.4957],[81.1935,8.4868],[81.196,8.4801],[81.2012,8.4735],[81.1974,8.4671],[81.2001,8.4671],[81.1982,8.4646],[81.2021,8.4618],[81.1996,8.4579],[81.1929,8.4582],[81.1888,8.4529],[81.1826,8.4513],[81.1837,8.4479],[81.1815,8.4476],[81.1821,8.446],[81.1837,8.446],[81.1849,8.4485],[81.1874,8.4471],[81.1824,8.4393],[81.1837,8.4357],[81.1829,8.4293],[81.1846,8.4332],[81.184,8.4401],[81.1885,8.4449],[81.1882,8.4485],[81.1837,8.451],[81.1899,8.4515],[81.1946,8.4576],[81.1974,8.4554],[81.2001,8.4565],[81.2012,8.4596],[81.2038,8.4604],[81.2018,8.464],[81.2038,8.469],[81.2221,8.4607],[81.2296,8.4606],[81.2206,8.4549],[81.2246,8.4482],[81.2241,8.4447],[81.2219,8.443],[81.2164,8.4458],[81.2149,8.4429],[81.218,8.4356],[81.2167,8.4297],[81.2239,8.4245],[81.2208,8.421],[81.2149,8.4231],[81.2103,8.4209],[81.2105,8.4175],[81.2168,8.4107],[81.2172,8.408],[81.2121,8.4034],[81.2178,8.4029],[81.2147,8.3974],[81.2166,8.393],[81.2152,8.3865],[81.2186,8.3835],[81.2165,8.3817],[81.212,8.3826],[81.2129,8.3765],[81.2062,8.373],[81.207,8.3706]]],[[[81.2307,8.4621],[81.2301,8.4621],[81.2312,8.4623],[81.2307,8.4621]]]]', '17e62166fc8586dfa4d1bc0e1742c08b', 1, '24', 'DS', 'Trincomalee', '', '', '', '', '', '', 1, 'Trincomalee', '', '', '', '', 0, 0),
(44, 'Muttur', '[[[[81.2312,8.4623],[81.2299,8.4626],[81.2535,8.4624],[81.2515,8.4593],[81.2521,8.4582],[81.256,8.4626],[81.2782,8.4649],[81.2851,8.4749],[81.2879,8.4843],[81.2874,8.489],[81.2838,8.4926],[81.2843,8.4988],[81.2807,8.5074],[81.3015,8.509],[81.3054,8.5126],[81.3121,8.5146],[81.3132,8.5162],[81.3124,8.5196],[81.3165,8.5249],[81.3215,8.5251],[81.3299,8.514],[81.3374,8.509],[81.3401,8.5049],[81.3471,8.5032],[81.3476,8.4993],[81.3538,8.496],[81.3538,8.4924],[81.3524,8.4915],[81.3535,8.4832],[81.3559,8.4799],[81.3557,8.4751],[81.361,8.4635],[81.3715,8.4137],[81.3559,8.4118],[81.3538,8.4142],[81.3375,8.4085],[81.3287,8.4112],[81.3243,8.409],[81.3213,8.4053],[81.3174,8.4044],[81.3108,8.3946],[81.3034,8.3706],[81.283,8.3419],[81.2812,8.328],[81.2777,8.3246],[81.2702,8.3381],[81.272,8.3466],[81.2678,8.3507],[81.2534,8.3527],[81.241,8.3593],[81.2261,8.3578],[81.2242,8.3592],[81.2558,8.3813],[81.2564,8.4],[81.2585,8.4084],[81.2568,8.4144],[81.2535,8.4159],[81.2498,8.4154],[81.2417,8.409],[81.2213,8.387],[81.2178,8.3849],[81.2152,8.3865],[81.2166,8.393],[81.2147,8.3974],[81.2178,8.4029],[81.2121,8.4034],[81.2172,8.408],[81.2168,8.4107],[81.2105,8.4175],[81.2103,8.4209],[81.2149,8.4231],[81.2208,8.421],[81.2239,8.4245],[81.2167,8.4297],[81.218,8.4356],[81.2149,8.4429],[81.2164,8.4458],[81.2219,8.443],[81.2241,8.4447],[81.2246,8.4482],[81.2206,8.4549],[81.2232,8.4572],[81.2299,8.4579],[81.2312,8.4623]]],[[[81.2281,8.4594],[81.2284,8.4596],[81.2285,8.4593],[81.2281,8.4594]]],[[[81.2296,8.4605],[81.229,8.4596],[81.2284,8.4596],[81.2291,8.4602],[81.2296,8.4605]]],[[[81.227,8.4587],[81.2271,8.4585],[81.2268,8.4585],[81.2268,8.4585],[81.227,8.4587]]],[[[81.2273,8.4587],[81.2276,8.459],[81.2276,8.4587],[81.2273,8.4587]]],[[[81.2278,8.459],[81.2281,8.4594],[81.2282,8.459],[81.2278,8.459]]]]', 'f7177163c833dff4b38fc8d2872f1ec6', 1, '27', 'DS', 'Trincomalee', '', '', '', '', '', '', 1, 'Trincomalee', '', '', '', '', 0, 0),
(45, 'Seruvila', '[[[[81.3102,8.2527],[81.2982,8.255],[81.2881,8.2611],[81.2859,8.2571],[81.2812,8.2563],[81.28,8.2497],[81.2734,8.2474],[81.2726,8.2412],[81.271,8.2405],[81.2685,8.2425],[81.2658,8.241],[81.266,8.2394],[81.2693,8.2393],[81.2701,8.2379],[81.269,8.2348],[81.2661,8.2353],[81.2634,8.2312],[81.2587,8.2321],[81.2575,8.231],[81.2578,8.226],[81.2564,8.2251],[81.2503,8.2261],[81.2498,8.2227],[81.2521,8.2164],[81.2514,8.21],[81.2431,8.1964],[81.2398,8.1967],[81.2376,8.1943],[81.2389,8.1861],[81.2424,8.1823],[81.2429,8.1791],[81.2369,8.1785],[81.2345,8.1741],[81.2339,8.1691],[81.2355,8.1686],[81.233,8.164],[81.2342,8.161],[81.2315,8.1553],[81.2291,8.1576],[81.222,8.1539],[81.219,8.1552],[81.208,8.1488],[81.193,8.1512],[81.1921,8.1543],[81.1961,8.1571],[81.1973,8.1601],[81.2069,8.163],[81.2134,8.1795],[81.2106,8.1833],[81.2074,8.1824],[81.2045,8.1839],[81.2041,8.1925],[81.2015,8.1971],[81.2061,8.214],[81.2037,8.2218],[81.2044,8.2269],[81.1978,8.2322],[81.1869,8.2274],[81.1807,8.2297],[81.1808,8.2335],[81.1854,8.2388],[81.1857,8.2421],[81.1772,8.2509],[81.1725,8.2534],[81.1731,8.255],[81.1783,8.2556],[81.1795,8.2586],[81.1672,8.27],[81.1697,8.2797],[81.1694,8.285],[81.1663,8.2951],[81.1621,8.2978],[81.1655,8.3056],[81.1711,8.3089],[81.1727,8.319],[81.1702,8.3269],[81.1714,8.3301],[81.1786,8.335],[81.1835,8.3364],[81.1861,8.3405],[81.1877,8.341],[81.1881,8.3362],[81.1896,8.3355],[81.1938,8.3384],[81.1981,8.3459],[81.1954,8.3501],[81.1952,8.3535],[81.2032,8.3632],[81.2081,8.3662],[81.2084,8.3689],[81.2062,8.373],[81.2124,8.3756],[81.212,8.3826],[81.2185,8.3826],[81.2178,8.3849],[81.227,8.3923],[81.2417,8.409],[81.2508,8.4158],[81.2568,8.4144],[81.2586,8.41],[81.2564,8.4],[81.2561,8.3817],[81.2242,8.3592],[81.2261,8.3578],[81.241,8.3593],[81.2534,8.3527],[81.2678,8.3507],[81.272,8.3466],[81.2702,8.3381],[81.2777,8.3246],[81.2812,8.328],[81.283,8.3419],[81.3034,8.3706],[81.3103,8.3935],[81.317,8.404],[81.3213,8.4053],[81.3277,8.411],[81.3375,8.4085],[81.3473,8.4115],[81.344,8.4089],[81.3429,8.4056],[81.34,8.4044],[81.3394,8.3997],[81.3242,8.3725],[81.3246,8.3695],[81.3268,8.3686],[81.3364,8.3731],[81.3333,8.3609],[81.3394,8.3552],[81.3395,8.3523],[81.3276,8.3467],[81.3242,8.3435],[81.323,8.3311],[81.3208,8.3275],[81.3157,8.3283],[81.3078,8.3334],[81.3037,8.3328],[81.291,8.3109],[81.277,8.3021],[81.2745,8.2985],[81.2758,8.285],[81.283,8.2711],[81.2936,8.2615],[81.3102,8.2527]]]]', '6c8349cc7260ae62e3b1396831a8398f', 1, '30', 'DS', 'Trincomalee', '', '', '', '', '', '', 1, 'Trincomalee', '', '', '', '', 0, 0),
(46, 'VERUGAL (EACHCHILAMPATTU).', '[[[[81.404,8.2631],[81.4011,8.261],[81.4,8.2491],[81.3931,8.2508],[81.3927,8.2531],[81.3951,8.255],[81.3914,8.2619],[81.3853,8.2588],[81.3863,8.2563],[81.3853,8.2541],[81.3776,8.257],[81.374,8.253],[81.3703,8.2531],[81.3673,8.2563],[81.364,8.2569],[81.3593,8.2546],[81.3544,8.2571],[81.3538,8.2604],[81.3566,8.2651],[81.3526,8.2682],[81.3434,8.2631],[81.3281,8.2644],[81.3225,8.2614],[81.317,8.2556],[81.3102,8.2527],[81.2881,8.2656],[81.2813,8.2735],[81.2758,8.285],[81.2743,8.2926],[81.2752,8.3002],[81.291,8.3109],[81.3037,8.3328],[81.3078,8.3334],[81.3157,8.3283],[81.3208,8.3275],[81.323,8.3311],[81.3242,8.3435],[81.3276,8.3467],[81.3395,8.3523],[81.3394,8.3552],[81.3333,8.3609],[81.3364,8.3731],[81.326,8.3686],[81.3246,8.3695],[81.3244,8.3733],[81.3394,8.3997],[81.34,8.4044],[81.3429,8.4056],[81.344,8.4089],[81.3473,8.4115],[81.3536,8.4142],[81.3559,8.4118],[81.3715,8.4137],[81.3835,8.3701],[81.3876,8.364],[81.3932,8.3596],[81.3899,8.356],[81.389,8.3593],[81.386,8.359],[81.3849,8.3621],[81.3824,8.3599],[81.3788,8.3604],[81.3746,8.3646],[81.3754,8.3679],[81.3726,8.3757],[81.3696,8.3796],[81.374,8.3687],[81.3718,8.3643],[81.3754,8.3624],[81.3735,8.3588],[81.3774,8.3568],[81.3757,8.3512],[81.3776,8.3515],[81.3776,8.3549],[81.3801,8.3565],[81.3879,8.3576],[81.3876,8.3299],[81.3929,8.3126],[81.3949,8.2963],[81.4007,8.2813],[81.4015,8.2682],[81.404,8.2631]]]]', 'd9d4f495e875a2e075a1a4a6e1b9770f', 1, '33', 'DS', 'Trincomalee', '', '', '', '', '', '', 1, 'Trincomalee', '', '', '', '', 0, 0);

-- --------------------------------------------------------

--
-- Table structure for table `gn_division`
--

CREATE TABLE `gn_division` (
  `gn_id` int(11) NOT NULL,
  `gn_name` varchar(100) NOT NULL,
  `gn_no` varchar(50) DEFAULT NULL,
  `gn_code` varchar(50) DEFAULT NULL,
  `c_id` int(11) DEFAULT NULL
) ENGINE=InnoDB DEFAULT CHARSET=utf8 COLLATE=utf8_general_ci;

--
-- Dumping data for table `gn_division`
--

INSERT INTO `gn_division` (`gn_id`, `gn_name`, `gn_no`, `gn_code`, `c_id`) VALUES
(2, 'Kathiraveli', '213', '5', 2),
(3, 'Ammanthanaaveli', '213D', '10', 2),
(4, 'Puchchakkerni', '213C', '15', 2),
(5, 'Palchenai', '213A', '20', 2),
(6, 'Vakarai North', '212A', '25', 2),
(7, 'Ooriyankattu', '212B', '30', 2),
(8, 'Kaddumurivu', '213B', '35', 2),
(9, 'Vakarai Centrel', '212', '40', 2),
(10, 'Panichchankerni', '211C', '45', 2),
(11, 'Mathurankernikulam', '211E', '50', 2),
(12, 'Punanai East', '211B', '55', 2),
(13, 'Kirmichai', '211F', '60', 2),
(14, 'Mankerny Central', '211', '65', 2),
(15, 'Mankerny South', '211G', '70', 2),
(16, 'Kayankerny', '211A', '75', 2),
(17, 'Vattavan', '211D', '80', 2),
(18, 'Punanai East', '211B', '5', 3),
(19, 'Thiyavattavan', '210C', '10', 3),
(20, 'Valaichchenai 5 Muslim', '206B', '15', 3),
(21, 'Valaichchenai 4 Muslim', '206', '20', 3),
(22, 'Valaichchenai 5Muslim South', '206D', '25', 3),
(23, 'Brynthuraichenai North', '206A', '30', 3),
(24, 'Brynthuraichenai  South', '206C', '35', 3),
(25, 'Mavadichenai', '208A', '40', 3),
(26, 'Chemmann Odai', '208D', '45', 3),
(27, 'Paper Town', '210B', '5', 4),
(28, 'Oddamavadi 01 North', '208B/2', '10', 4),
(29, 'Oddamavadi 01 South', '208B', '15', 4),
(30, 'Oddamavadi 02', '208C', '20', 4),
(31, 'Oddamavadi 03', '208', '25', 4),
(32, 'Meeravodai Muslim  West', '207', '30', 4),
(33, 'Meeravodai Muslim East', '207B', '35', 4),
(34, 'Mancholai', '207A', '40', 4),
(35, 'Nasivanthivu', '205C', '5', 5),
(36, 'Valachchenai Tamil', '205', '10', 5),
(37, 'Puthukudiyiruppu', '205A', '15', 5),
(38, 'Peththalai', '205B', '20', 5),
(39, 'Kalkuda', '204', '25', 5),
(40, 'Kalmadu', '204A', '30', 5),
(41, 'Kannagipuram', '205D', '35', 5),
(42, 'Kumburumulai', '203B', '40', 5),
(43, 'Sungankerny', '202C', '45', 5),
(44, 'Kinnayadi', '202B', '50', 5),
(45, 'Karuwakerni', '202A', '55', 5),
(46, 'Meeravodai Tamil', '202', '60', 5),
(47, 'Punanai West', '210E', '5', 6),
(48, 'Vahaneri', '210', '10', 6),
(49, 'Muruthanai', '209A', '15', 6),
(50, 'Uthuchchenai', '210A/2', '20', 6),
(51, 'Kallichchai', '210A', '25', 6),
(52, 'Vadamunai', '210A/1', '30', 6),
(53, 'Kudumpimalai', '209D', '35', 6),
(54, 'Perillaveli', '209', '40', 6),
(55, 'Poolakadu', '209C', '45', 6),
(56, 'Kiran East', '203', '50', 6),
(57, 'Kiran West', '203A', '55', 6),
(58, 'Korakallimadu', '203C', '60', 6),
(59, 'Santhiveli', '200', '65', 6),
(60, 'Palaiyadithona', '200B', '70', 6),
(61, 'Thevapuram', '199A', '75', 6),
(62, 'Murakkottanchenai', '199', '80', 6),
(63, 'Thihilivaddai', '200A', '85', 6),
(64, 'Koraveli', '209B', '90', 6),
(65, 'Sittandy 3', '201/3', '5', 7),
(66, 'Sittandy 2', '201/2', '10', 7),
(67, 'Sittandy 4', '201/4', '15', 7),
(68, 'Sittandy 1', '201/1', '20', 7),
(69, 'Mavadivembu 2', '197E', '25', 7),
(70, 'Mavadivembu 1', '197A', '30', 7),
(71, 'Kaluwankerny 1', '198', '35', 7),
(72, 'Kaluwankerny 2', '198A', '40', 7),
(73, 'Thalavai', '193', '45', 7),
(74, 'Iyankerny Tamil', '193C', '50', 7),
(75, 'Kommathurai North', '196B', '55', 7),
(76, 'Palachcholai', '197C', '60', 7),
(77, 'Vantharumoolai East', '197', '65', 7),
(78, 'Vantharumoolai West', '197B', '70', 7),
(79, 'Iralkulam', '201A', '75', 7),
(80, 'Mayilavaddavan', '197D', '80', 7),
(81, 'Koduwamadu', '195A', '85', 7),
(82, 'Kommathurai West', '196A', '90', 7),
(83, 'Kommathurai East', '196', '95', 7),
(84, 'Chenkalady - 2', '195', '100', 7),
(85, 'Chenkalady 1', '195/1', '105', 7),
(86, 'Iyankerny Muslim', '193D', '110', 7),
(87, 'Meerakerny', '193E', '115', 7),
(88, 'Mich Nagar', '193B', '120', 7),
(89, 'Savukkady', '193A', '125', 7),
(90, 'Thannamunai', '189A', '130', 7),
(91, 'Mylampavely', '189B', '135', 7),
(92, 'Arumugathan Kudiyiruppu 2', '189C', '140', 7),
(93, 'Arumugathan Kudiyiruppu 1', '189', '145', 7),
(94, 'Kumaraveliar Kiramam', '195B', '150', 7),
(95, 'Pankudahvely', '186', '155', 7),
(96, 'Vepavedduwan', '186A', '160', 7),
(97, 'Karadiyannaru', '185A', '165', 7),
(98, 'Marappalam', '185C', '170', 7),
(99, 'Kithulwewa', '185B', '175', 7),
(100, 'Rugam', '185', '180', 7),
(101, 'Koppavely', '146A', '185', 7),
(102, 'Periyapullumalai', '146', '190', 7),
(103, 'Gemunupura', '135A', '195', 7),
(104, 'Ellainagar', '194B', '5', 8),
(105, 'Eravur 04', '194', '10', 8),
(106, 'Eravur 03', '192', '15', 8),
(107, 'Eravur 03A', '192B', '20', 8),
(108, 'Eravur 02', '191', '25', 8),
(109, 'Eravur 02B', '191B', '30', 8),
(110, 'Eravur 02C', '191C', '35', 8),
(111, 'Eravur 02A', '191A', '40', 8),
(112, 'Eravur 01B', '190B', '45', 8),
(113, 'Eravur 01', '190', '50', 8),
(114, 'Eravur 01A', '190A', '55', 8),
(115, 'Eravur 06A', '192C', '60', 8),
(116, 'Eravur 06D', '192D', '65', 8),
(117, 'Eravur 06', '192A', '70', 8),
(118, 'Eravur 05', '194A', '75', 8),
(119, 'Palameen  Madu', '173C', '5', 9),
(120, 'Navalady', '172', '10', 9),
(121, 'Amirthakali', '173', '15', 9),
(122, 'Punnachcholai', '173D', '20', 9),
(123, 'Thiraimadu', '173E', '25', 9),
(124, 'Saththurukondan', '176A', '30', 9),
(125, 'Panichalady', '176D', '35', 9),
(126, 'Kokkuvil', '176', '40', 9),
(127, 'Sinna  Oorani', '176F', '45', 9),
(128, 'Jayanthipuram', '176G', '50', 9),
(129, 'Karuvappankerny', '176B', '55', 9),
(130, 'Mamangam', '173A', '60', 9),
(131, 'Koolavadi', '173F', '65', 9),
(132, 'Koolavadi East', '173I', '70', 9),
(133, 'Thamaraikerny', '177B', '75', 9),
(134, 'Periya Uppodai', '178A', '80', 9),
(135, 'Dutch Bar', '172C', '85', 9),
(136, 'Thissaveerasingam Sathukam', '173J', '90', 9),
(137, 'Iruthayapuram  East', '173B', '95', 9),
(138, 'Iruthayapuram Central', '176H', '100', 9),
(139, 'Iruthayapuram  West', '176E', '105', 9),
(140, 'Periya Oorani', '176C', '110', 9),
(141, 'Gnasooriyam Sathukam', '173G', '115', 9),
(142, 'Vettukkadu', '173K', '120', 9),
(143, 'Barathipuram', '173H', '125', 9),
(144, 'Thandavanveli', '177', '130', 9),
(145, 'Arasadi', '177A', '135', 9),
(146, 'Koddamunai', '178', '140', 9),
(147, 'Kallady Mugathuvaram', '172A', '145', 9),
(148, 'Thiruchendhoor', '172B', '150', 9),
(149, 'Kallady', '171', '155', 9),
(150, 'Kallady Veloor', '171C', '160', 9),
(151, 'Kallady Uppodai', '171B', '165', 9),
(152, 'Puliyanthivu  East', '179 A', '170', 9),
(153, 'Puliyanthivu  Central', '179B', '175', 9),
(154, 'Puliyanthivu West', '179', '180', 9),
(155, 'Puliyanthivu  South', '179C', '185', 9),
(156, 'Thiruperunthurai', '181A', '190', 9),
(157, 'Puthunagar', '181C', '195', 9),
(158, 'Seththukudah', '181D', '200', 9),
(159, 'Veechikalmunai', '181B', '205', 9),
(160, 'Thimilathivu', '181', '210', 9),
(161, 'Nochchimunai', '171A', '215', 9),
(162, 'Navatkudah', '168B', '220', 9),
(163, 'Navatkudah East', '168C', '225', 9),
(164, 'Navatkudah South', '168D', '230', 9),
(165, 'Manjanthoduvai North', '168', '235', 9),
(166, 'Manjanthoduvai South', '168A', '240', 9),
(167, 'Narippulthoddam', '184D', '5', 10),
(168, 'Mahilavedduvaan', '184', '10', 10),
(169, 'Karaveddi', '183', '15', 10),
(170, 'Vilavedduwan', '183A', '20', 10),
(171, 'Naavatkaadu', '182B', '25', 10),
(172, 'Eachchantivu', '182', '30', 10),
(173, 'Mankikaddu', '182C', '35', 10),
(174, 'Vavunativu', '182A', '40', 10),
(175, 'Ayithiyamalai South', '184C', '45', 10),
(176, 'Ayithiyamalai North', '184B', '50', 10),
(177, 'Nediyamadu', '184E', '55', 10),
(178, 'Pavatkodichenai', '148A', '60', 10),
(179, 'Kurinchaamunai', '149B', '65', 10),
(180, 'Paruththichenai', '149D', '70', 10),
(181, 'Kannankudah', '149', '75', 10),
(182, 'Mandapathadi', '149C', '80', 10),
(183, 'Karaiyakkantivu', '149A', '85', 10),
(184, 'Puthumandapaththadi', '149E', '90', 10),
(185, 'Kaanthinagar', '148C', '95', 10),
(186, 'Unnichchi', '184A', '100', 10),
(187, 'Panchenai', '148B', '105', 10),
(188, 'Iluppadichenai', '148', '110', 10),
(189, 'Koththiyapulai', '148E', '115', 10),
(190, 'Kaanchirankudah', '148D', '120', 10),
(191, 'Kattankudy Division 1', '167', '5', 11),
(192, 'Kattankudy Division 1 South', '167E', '10', 11),
(193, 'Kattankudy Division 2', '166', '15', 11),
(194, 'Kattankudy Division 2 North', '166A', '20', 11),
(195, 'New Kattankudy Division North', '167A', '25', 11),
(196, 'New Kattankudy Division South', '167C', '30', 11),
(197, 'Kattankudy Division 3 East', '165B', '35', 11),
(198, 'Kattankudy Division 3', '165', '40', 11),
(199, 'Kattankudy Division 3 West', '165A', '45', 11),
(200, 'Kattankudy Division 4  West', '164C', '50', 11),
(201, 'Kattankudy Division 4', '164', '55', 11),
(202, 'Kattankudy Division 6', '162', '60', 11),
(203, 'New Kattankudy Division West', '167D', '65', 11),
(204, 'New Kattankudy Division East', '167B', '70', 11),
(205, 'Kattankudy Division 6 South', '162A', '75', 11),
(206, 'Kattankudy Division 6 West', '162B', '80', 11),
(207, 'Kattankudy Division 5', '164A', '85', 11),
(208, 'Kattankudy Division 5 South', '164 B', '90', 11),
(209, 'Kirankulam North', '150', '5', 12),
(210, 'Kirankulam South', '150A', '10', 12),
(211, 'Kirankulam', '150B', '15', 12),
(212, 'Kirankulam  Central', '150C', '20', 12),
(213, 'Puthukudiyiruppu', '151', '25', 12),
(214, 'Puthukudiyiruppu South', '151A', '30', 12),
(215, 'Puthukudiyiruppu North', '151B', '35', 12),
(216, 'Palamunai', '152', '40', 12),
(217, 'Thalankudah', '153', '45', 12),
(218, 'Manmunai', '153A', '50', 12),
(219, 'Vedarkudiyiruppu', '153B', '55', 12),
(220, 'Mavilankanthurai', '154', '60', 12),
(221, 'Kankeyanodai', '155', '65', 12),
(222, 'Ollikulam', '155A', '70', 12),
(223, 'Kankeyanodai South', '155B', '75', 12),
(224, 'Araipattai  03', '156', '80', 12),
(225, 'Rajadurai Kiramam', '156A', '85', 12),
(226, 'Araipattai South', '156B', '90', 12),
(227, 'Kovilkulam', '156C', '95', 12),
(228, 'Araipattai  Central', '156D', '100', 12),
(229, 'Araipattai 02', '157', '105', 12),
(230, 'Selvanagar', '157A', '110', 12),
(231, 'Selvanagar East', '157B', '115', 12),
(232, 'Araipattai East', '157C', '120', 12),
(233, 'Araipattai North', '157D', '125', 12),
(234, 'Araipattai  01', '158', '130', 12),
(235, 'Araipattai West', '158A', '135', 12),
(236, 'Munaikkadu West', '133A', '5', 13),
(237, 'Munaikkadu North', '133C', '10', 13),
(238, 'Munaikkadu East', '133', '15', 13),
(239, 'Muthalaikkudah West', '131A', '20', 13),
(240, 'Muthalaikkudah', '131', '25', 13),
(241, 'Mahiladitivu', '129A', '30', 13),
(242, 'Mahiladitivu South', '129B', '35', 13),
(243, 'Kokkadichcholai', '134', '40', 13),
(244, 'Munaikkadu South', '133B', '45', 13),
(245, 'Kokkadichcholai South', '134A', '50', 13),
(246, 'Pandariyaveli', '129', '55', 13),
(247, 'Arasaditivu North', '128C', '60', 13),
(248, 'Paddippalai', '128B', '65', 13),
(249, 'Kuluvinamadu', '135B', '70', 13),
(250, 'Arasaditivu', '128', '75', 13),
(251, 'Kadukkamunai', '128A', '80', 13),
(252, 'Ampilanthurai North', '127B', '85', 13),
(253, 'Ampilanthurai', '127', '90', 13),
(254, 'Ampilanthurai West', '127A', '95', 13),
(255, 'Katchenai', '127C', '100', 13),
(256, 'Mavadimunmaari', '135', '105', 13),
(257, 'Thanthamalai', '135A', '110', 13),
(258, 'Kachchakodi', '135C', '115', 13),
(259, 'Panichchiyadimunmari', '135D', '120', 13),
(260, 'Selvapuram', '107F', '5', 14),
(261, 'Vammiyadiyoottu', '107C', '10', 14),
(262, 'Thumpankerni (Y.F.S.)', '107H', '15', 14),
(263, 'Kalumunthanveli', '107E', '20', 14),
(264, 'Ganthipuram', '107B', '25', 14),
(265, 'Maavelkudah', '107D', '30', 14),
(266, 'Vipulananthapuram', '107G', '35', 14),
(267, 'Palugaamam I', '107', '40', 14),
(268, 'Palugaamam II', '106', '45', 14),
(269, 'Vanninagar', '106D', '50', 14),
(270, 'Veeranchenai', '106B', '55', 14),
(271, 'Thumpankerni', '106C', '60', 14),
(272, 'Saravanayadiyoottu', '106E', '65', 14),
(273, 'Thikkodai', '106A', '70', 14),
(274, 'Navakirinagar', '107A', '75', 14),
(275, 'Kannapuram', '99G', '80', 14),
(276, 'Paalaiyadivaddai', '99B', '85', 14),
(277, 'Nellikkadu', '99F', '90', 14),
(278, 'Vivekananthapuram', '99J', '95', 14),
(279, 'Vellaveli', '99', '100', 14),
(280, 'Punnakkulam', '108B', '105', 14),
(281, 'Kovilporativu West', '109B', '110', 14),
(282, 'Kovilporativu', '109', '115', 14),
(283, 'Munaitivu', '108A', '120', 14),
(284, 'Paddaapuram', '108C', '125', 14),
(285, 'Periyaporativu', '108', '130', 14),
(286, 'Kovilporativu South', '109A', '135', 14),
(287, 'Mandur 1 and  2 South', '97B', '140', 14),
(288, 'Mandur Koddaimunai', '96A', '145', 14),
(289, 'Mandur 3', '96', '150', 14),
(290, 'Mandur 1 and  2 North', '97', '155', 14),
(291, 'Paalamunai', '97A', '160', 14),
(292, 'Thambalawatta', '98', '165', 14),
(293, 'Ganeshapuram', '98C', '170', 14),
(294, 'Sangarpuram', '98B', '175', 14),
(295, 'Palachcholai', '99I', '180', 14),
(296, 'Kaakkachchivaddai', '99A', '185', 14),
(297, 'Kannapuram East', '99K', '190', 14),
(298, 'Vilanthoddam', '99D', '195', 14),
(299, 'Sinnawattai', '99C', '200', 14),
(300, 'Maalaiyarkaddu', '99H', '205', 14),
(301, 'Anaikaddiyaveli', '99E', '210', 14),
(302, 'Raanamadu', '98A', '215', 14),
(303, 'Kurukkalmadam North', '126C', '5', 15),
(304, 'Kurukkalmadam South', '126', '10', 15),
(305, 'Cheddipalayam North', '126A 1', '15', 15),
(306, 'Cheddipalayam South', '126A2', '20', 15),
(307, 'Mankadu', '123', '25', 15),
(308, 'Thottathivu North', '122', '30', 15),
(309, 'Thottathivu  South', '122A', '35', 15),
(310, 'Thottathivu  South 2', '122C', '40', 15),
(311, 'Thottathivu  South 1', '122B', '45', 15),
(312, 'Kaluthawalai 1', '119', '50', 15),
(313, 'Kaluthawalai Central', '119B', '55', 15),
(314, 'Kaluthawalai 2', '119A', '60', 15),
(315, 'Kaluthawalai 3', '117', '65', 15),
(316, 'Kaluthawalai 4', '117A', '70', 15),
(317, 'Kaluthawalai 4 Santhipuram', '117B', '75', 15),
(318, 'Kaluwanchikudy North 1', '116B', '80', 15),
(319, 'Kaluwanchikudy North', '116', '85', 15),
(320, 'Paddiruppu', '116C', '90', 15),
(321, 'Eruvil North', '115', '95', 15),
(322, 'Kaluwanchikudy South', '116A', '100', 15),
(323, 'Onthachimadam North', '111', '105', 15),
(324, 'Eruvil East', '115B', '110', 15),
(325, 'Eruvil  South', '115A', '115', 15),
(326, 'Kurumanvely 11 West', '114B', '120', 15),
(327, 'Kurumanvely 11 East', '114', '125', 15),
(328, 'Kurumanvely 12', '114A', '130', 15),
(329, 'Mahiloor West', '110', '135', 15),
(330, 'Mahiloor South West', '110C', '140', 15),
(331, 'Mahiloor East', '110A', '145', 15),
(332, 'Onthachimadam South', '111A', '150', 15),
(333, 'Koddaikallar North', '113', '155', 15),
(334, 'Koddaikallar West', '113C', '160', 15),
(335, 'Mahiloor Munai', '110B', '165', 15),
(336, 'Koddaikallar East', '113B', '170', 15),
(337, 'Koddaikallar South', '113A', '175', 15),
(338, 'Periyakallar 1', '76', '180', 15),
(339, 'Periyakallar 1 South', '76A', '185', 15),
(340, 'Periyakallar 2 West', '75B', '190', 15),
(341, 'Periyakallar 2', '75', '195', 15),
(342, 'Periyakallar 3 South', '75C', '200', 15),
(343, 'Periyakallar 3', '75A', '205', 15),
(344, 'Thuraineelavanai North', '74', '210', 15),
(345, 'Thuraineelavanai North 1', '74B', '215', 15),
(346, 'Thuraineelavanai  South', '74A', '220', 15),
(347, 'Thuraineelavanai South 1', '74C', '225', 15),
(348, 'Rideela', '142L', '5', 16),
(349, 'Bakmeedeniya', '142K', '10', 16),
(350, 'Dehiattakandiya', '142J', '15', 16),
(351, 'Kadirapura', '142N', '20', 16),
(352, 'Mawanagama', '142I', '25', 16),
(353, 'Lihiniyagama', '142H', '30', 16),
(354, 'Serupitiya', '142G', '35', 16),
(355, 'Sadamadulla', '142F', '40', 16),
(356, 'Sandunpura', '142E', '45', 16),
(357, 'Paranagama', '142C', '50', 16),
(358, 'Ihalagama', '142D', '55', 16),
(359, 'Nawa Medagama', '142B', '60', 16),
(360, 'Wewmedagama', '142A', '65', 16),
(361, 'Galode', '141A', '5', 17),
(362, 'Palathuruwella', '137C', '10', 17),
(363, 'Pulungasmulla', '137D', '15', 17),
(364, 'Serankada', '137A', '20', 17),
(365, 'Unapana', '141B', '25', 17),
(366, 'Hagamwela', '141C', '30', 17),
(367, 'Kirawana', '140C', '35', 17),
(368, 'Padiyathalawa', '140A', '40', 17),
(369, 'Thalapitaoya  Left', '140D', '45', 17),
(370, 'Saranagama', '141D', '50', 17),
(371, 'Pallegama', '141', '55', 17),
(372, 'Moradeniya', '137B', '60', 17),
(373, 'Thalapitaoya South', '140B', '65', 17),
(374, 'Holike', '138', '70', 17),
(375, 'Kehelulla', '140', '75', 17),
(376, 'Miriswatta', '138A', '80', 17),
(377, 'Kolamanthalawa', '138B', '85', 17),
(378, 'Dorakumbura', '139', '90', 17),
(379, 'Marangala', '139A', '95', 17),
(380, 'Komana', '139B', '100', 17),
(381, 'Bogmuyaya', '144B/1', '5', 18),
(382, 'Tempitiya', '145', '10', 18),
(383, 'Poolawala', '145A', '15', 18),
(384, 'Bedirekka', '144C', '20', 18),
(385, 'Unuwathura Bubula', '144B', '25', 18),
(386, 'Iddapola', '144A/1', '30', 18),
(387, 'Thepelpola', '144D', '35', 18),
(388, 'Mahaoya', '144', '40', 18),
(389, 'Samagipura', '136A/2', '45', 18),
(390, 'Borapola', '136A/1', '50', 18),
(391, 'Kelavinna', '136', '55', 18),
(392, 'Dambadeniya', '137A/1', '60', 18),
(393, 'Kekirihena', '144A', '65', 18),
(394, 'Kudaharasgala', '137A/2', '70', 18),
(395, 'Lahugala', '137', '75', 18),
(396, 'Pollebedda', '136B', '80', 18),
(397, 'Aranthalawa', '136A', '85', 18),
(398, 'Piyangala', 'W/104/5', '5', 19),
(399, 'Nugelanda North', 'W/104/1', '10', 19),
(400, 'Nugelanda South', 'W/104/2', '15', 19),
(401, 'Bakkiella', 'W/104', '20', 19),
(402, 'Rajagalathenna South', 'W/104/4', '25', 19),
(403, 'Rajagalathenna North', 'W/104/3', '30', 19),
(404, 'Gonagolla', 'W/104B/1', '35', 19),
(405, 'Galapitagala West', 'W/104C/1', '40', 19),
(406, 'Galapitagala East', 'W/104C', '45', 19),
(407, 'Kothmale', 'W/104A/1', '50', 19),
(408, 'Mayadunna', 'W/104A', '55', 19),
(409, 'Nawagiriyawa', 'W/104B', '60', 19),
(410, 'Bandaradoowa', 'W/104B/2', '65', 19),
(411, 'Lathugala', 'W/100/1', '70', 19),
(412, 'Bokkabedda', 'W/100', '75', 19),
(413, 'Kohombana', 'W/102', '80', 19),
(414, 'Walagampura', 'W/102/1', '85', 19),
(415, 'Verenketagoda', 'W/102A', '90', 19),
(416, 'Senagama North', 'W/102A/1', '95', 19),
(417, 'Senagama South', 'W/102A/2', '100', 19),
(418, 'Gonagala', 'W/104C/2', '105', 19),
(419, 'Veheragama East', 'W/94A/2', '110', 19),
(420, 'Veheragama West', 'W/94A/3', '115', 19),
(421, 'Gemunupura', 'W/94/A/4', '120', 19),
(422, 'Siyambalawewa', '94A/5', '125', 19),
(423, 'Rajagama North', 'W/94A', '130', 19),
(424, 'Rajagama South', 'W/94A/1', '135', 19),
(425, 'Suhadagama North', 'W/93A/2', '140', 19),
(426, 'Suhadagama South', 'W/93A/3', '145', 19),
(427, 'Kumarigama', 'W/88B/3', '150', 19),
(428, 'Komariya', 'W/88B/2', '155', 19),
(429, 'Udagirigama West', 'W/88B/1', '160', 19),
(430, 'Udagirigama East', 'W/88B', '165', 19),
(431, 'Galahitiyagoda', 'W/88A', '170', 19),
(432, 'Mahakandiya', 'W/100A/1', '175', 19),
(433, 'Kahatagasyaya', 'W/100A', '180', 19),
(434, 'Velikahagolla', 'W/88A/1', '185', 19),
(435, 'Dematamalpelessa', 'W/88A/2', '190', 19),
(436, 'Uhana', 'W/88', '195', 19),
(437, 'Uhana Thissapura West', 'W/88/1', '200', 19),
(438, 'Uhana Thissapura East', 'W/88/2', '205', 19),
(439, 'Udayapura', 'W/93A/1', '210', 19),
(440, 'Sandanadapura', 'W/93A', '215', 19),
(441, 'Weeragoda North', 'W/93C/4', '220', 19),
(442, 'Weeragoda South', 'W/93C/3', '225', 19),
(443, 'Dadayanthalawa West', 'W/93B/1', '230', 19),
(444, 'Dadayanthalawa East', 'W/93B', '235', 19),
(445, 'Wijayapura East', 'W/93B/2', '240', 19),
(446, 'Wijayapura West', 'W/93B/3', '245', 19),
(447, 'Kumudugama', 'W/93C/2', '250', 19),
(448, 'Ruhunugama', 'W/93C/1', '255', 19),
(449, 'Buddhangala', 'W/93C', '260', 19),
(450, 'Palam Kandavura', 'W/88/3', '265', 19),
(451, 'Himidurawa', 'W/88C', '270', 19),
(452, 'Abhayapura', 'W/88C/01', '275', 19),
(453, 'Dambethalawa', 'W/86C', '5', 20),
(454, 'Samapura', 'W/89B', '10', 20),
(455, 'Karangawa', 'W/89J', '15', 20),
(456, 'Gemunupura', 'W/89G', '20', 20),
(457, 'Thissapura', 'W/89C', '25', 20),
(458, 'Nawagampura', 'W/89I', '30', 20),
(459, 'Senanayakepura', 'W/89D', '35', 20),
(460, 'Jayawardhanapura', 'W/89A', '40', 20),
(461, 'Indrasarapura', 'W/89E', '45', 20),
(462, 'Mihindupura', 'W/89H', '50', 20),
(463, 'Saddhathissapura', 'W/89F', '55', 20),
(464, 'Kotavehera', 'W/89K', '60', 20),
(465, 'Paragahakele East', 'W/86J', '65', 20),
(466, 'Paragahakele West', 'W/86', '70', 20),
(467, 'Ambagahawella', 'W/86B', '75', 20),
(468, 'Ambamalthalawa', 'W/86H', '80', 20),
(469, 'Namalthalawa', 'W/86I', '85', 20),
(470, 'Namal Oya (ii)', 'W/86 G', '90', 20),
(471, 'Polwaga Janapadaya', 'W/86F', '95', 20),
(472, 'Wavinna North', 'W/86D', '100', 20),
(473, 'Wavinna South', 'W/86E', '105', 20),
(474, 'Namal Oya (i)', 'W/86A', '110', 20),
(475, 'Central Camp 01', 'SP/93/A', '5', 21),
(476, 'Central Camp 02', 'SP/93/B', '10', 21),
(477, 'Central Camp 03', 'SP/93C', '15', 21),
(478, 'Central Camp 05', 'SP/93E', '20', 21),
(479, 'Central Camp 06', 'SP/93/F', '25', 21),
(480, 'Central Camp 04', 'SP/93D', '30', 21),
(481, 'Chalambaikerny 03', 'SP/94D', '35', 21),
(482, 'Chalambaikerny 04', 'SP/94E', '40', 21),
(483, 'Chalambaikerny 05', 'SP/94F', '45', 21),
(484, 'Chalambaikerny 01', 'SP/94A', '50', 21),
(485, 'Chalambaikerny 02', 'SP/94B', '55', 21),
(486, 'Sorikalmunai 3', 'SP/90B', '60', 21),
(487, 'Sorikalmunai 1', 'SP/90', '65', 21),
(488, 'Sorikalmunai 2', 'SP/90A', '70', 21),
(489, 'Chavalakade', 'SP/93', '75', 21),
(490, 'Navithanveli 02', 'SP/94/2', '80', 21),
(491, 'Annamalai 03', 'SP/95/C', '85', 21),
(492, 'Annamalai 02', 'SP/95/B', '90', 21),
(493, 'Navithanveli 01', 'SP/94/1', '95', 21),
(494, 'Annamalai 01', 'SP/95A', '100', 21),
(495, 'Veeramunai 04', '92F', '5', 22),
(496, 'Sammanthurai 08', '81', '10', 22),
(497, 'Sammanthurai 06', '80', '15', 22),
(498, 'Sammanthurai Tamil Division 01', '77', '20', 22),
(499, 'Sammanthurai Tamil Division 04', '77E', '25', 22),
(500, 'Sammanthurai Tamil Division 02', '77C', '30', 22),
(501, 'Sammanthurai 01', '78C', '35', 22),
(502, 'Sammanthurai 02', '78', '40', 22),
(503, 'Sammanthurai 05', '78B', '45', 22),
(504, 'Karuwaddukal 01', '92A', '50', 22),
(505, 'Karuwaddukal 03', '92H', '55', 22),
(506, 'Karuwaddukal 02', '92G', '60', 22),
(507, 'Sammanthurai 11', '92C', '65', 22),
(508, 'Sammanthurai 10', '92B', '70', 22),
(509, 'Sammanthurai 09', '81A', '75', 22),
(510, 'Sammanthurai 07', '80A', '80', 22),
(511, 'Sammanthurai 04', '78A', '85', 22),
(512, 'Sammanthurai Tamil Division 03', '77D', '90', 22),
(513, 'Maddakalaputharavai 02', '77B', '95', 22),
(514, 'Maddakalaputharavai 01', '77A', '100', 22),
(515, 'Sammanthurai 03', '78D', '105', 22),
(516, 'Veeramunai 03', '92I', '110', 22),
(517, 'Veeramunai 02', '92E', '115', 22),
(518, 'Veeramunai 01', '92', '120', 22),
(519, 'Sammanthurai 12', '92D', '125', 22),
(520, 'Malwatte 02', '89D', '130', 22),
(521, 'Block \'J\' East 01', '79', '135', 22),
(522, 'Block \'J\' West 02', '79R', '140', 22),
(523, 'Kallarichchel 02', '79M', '145', 22),
(524, 'Block \'J\' West 01', '79A', '150', 22),
(525, 'Kallarichchel 03', '79N', '155', 22),
(526, 'Udanga 01', '79B', '160', 22),
(527, 'Udanga 02', '79G', '165', 22),
(528, 'Vilinayadi 01', '79C', '170', 22),
(529, 'Sennelgramam 01', '79E', '175', 22),
(530, 'Sennelgramam 02', '79H', '180', 22),
(531, 'Block \'J\' East 03', '79L', '185', 22),
(532, 'Block \'J\' East 02', '79K', '190', 22),
(533, 'Malayadikiramam 01', '79F', '195', 22),
(534, 'Malayadikiramam 03', '79P', '200', 22),
(535, 'Malwatte 03', '89E', '205', 22),
(536, 'Malwatte 01', '89', '210', 22),
(537, 'Malkampiddy', '82', '215', 22),
(538, 'Malayadikiramam 04', '79Q', '220', 22),
(539, 'Malayadikiramam 02', '79O', '225', 22),
(540, 'Vilinayadi 02', '79I', '230', 22),
(541, 'Vilinayadi 03', '79J', '235', 22),
(542, 'Kallarichchel 01', '79D', '240', 22),
(543, 'Valathapitty 02', '89C', '245', 22),
(544, 'Valathapitty 01', '89B', '250', 22),
(545, 'Malwatte 04', '89A', '255', 22),
(546, 'Periyaneelavanai 01B', 'KP/71/3', '5', 23),
(547, 'Periyaneelavanai 01A', 'KP/71/2', '10', 23),
(548, 'Periyaneelavanai 01', 'KP/71/1', '15', 23),
(549, 'Periyaneelavanai 02', 'KP/71/4', '20', 23),
(550, 'Chenaikudiyiruppu 01A', 'KP/69/2', '25', 23),
(551, 'Pandiruppu  01', 'KP/66/1', '30', 23),
(552, 'Pandiruppu  01B', 'KP/66/3', '35', 23),
(553, 'Pandiruppu  01C', 'KP/66/4', '40', 23),
(554, 'Pandiruppu  01A', 'KP/66/2', '45', 23),
(555, 'Pandiruppu  02', 'KP/66A/1', '50', 23),
(556, 'Pandiruppu 02B', 'KP/66A/3', '55', 23),
(557, 'Pandiruppu  02C', 'KP/66A/4', '60', 23),
(558, 'Pandiruppu  02A', 'KP/66A/2', '65', 23),
(559, 'Kalmunai  01D', 'KP/61/5', '70', 23),
(560, 'Kalmunai  01B', 'KP/61/3', '75', 23),
(561, 'Kalmunai  01A', 'KP/61/2', '80', 23),
(562, 'Kalmunai  01', 'KP/61/1', '85', 23),
(563, 'Natpiddimunai (T.P.) 03', 'KP/62/3', '90', 23),
(564, 'Natpiddimunai (T.P.) 02', 'KP/62/2', '95', 23),
(565, 'Natpiddimunai (T.P.) 01', 'KP/62/1', '100', 23),
(566, 'Chenaikudiyiruppu 01B', 'KP/69/3', '105', 23),
(567, 'Chenaikudiyiruppu  01', 'KP/69/1', '110', 23),
(568, 'Kalmunai  01C', 'KP/61/4', '115', 23),
(569, 'Kalmunai  01E', 'KP/61/6', '120', 23),
(570, 'Kalmunai  02B', 'KP/61/9', '125', 23),
(571, 'Kalmunai  02A', 'KP/61/8', '130', 23),
(572, 'Kalmunai  02', 'KP/61/7', '135', 23),
(573, 'Kalmunai  03', 'KP/59/1', '140', 23),
(574, 'Kalmunai  03A', 'KP/59/2', '145', 23),
(575, 'Periyaneelavanai Muslim Section 01', 'KP/72', '5', 24),
(576, 'Periyaneelavanai Muslim Section 02', 'KP/72A', '10', 24),
(577, 'Maruthamunai 01', 'KP/67B', '15', 24),
(578, 'Maruthamunai  02', 'KP/67', '20', 24),
(579, 'Maruthamunai  03', 'KP/67A', '25', 24),
(580, 'Maruthamunai  04', 'KP/67C', '30', 24),
(581, 'Maruthamunai 05', 'KP/67D', '35', 24),
(582, 'Maruthamunai 06', 'KP/68', '40', 24),
(583, 'Natpiddimunai (M.P) 03', 'KP/64', '45', 24),
(584, 'Natpiddimunai (M.P) 02', 'KP/64B', '50', 24),
(585, 'Natpiddimunai (M.P) 01', 'KP/64A', '55', 24),
(586, 'Natpiddimunai (M.P) 05', 'KP/64D', '60', 24),
(587, 'Natpiddimunai (M.P) 04', 'KP/64C', '65', 24),
(588, 'Islamabad & Kalmunai Town', 'KP/59A', '70', 24),
(589, 'Kalmunai Muslim Section', 'KP/59', '75', 24),
(590, 'Kalmunaikudi 01', 'KP/58', '80', 24),
(591, 'Kalmunaikudi 03', 'KP/58A', '85', 24),
(592, 'Kalmunaikudi 02', 'KP/58C', '90', 24),
(593, 'Kalmunaikudi 04', 'KP/58B', '95', 24),
(594, 'Kalmunaikudi 05', 'KP/56', '100', 24),
(595, 'Kalmunaikudi 06', 'KP/56F', '105', 24),
(596, 'Kalmunaikudi 08', 'KP/56D', '110', 24),
(597, 'Kalmunaikudi 09', 'KP/56B', '115', 24),
(598, 'Kalmunaikudi 07', 'KP/56E', '120', 24),
(599, 'Kalmunaikudi 10', 'KP/56C', '125', 24),
(600, 'Kalmunaikudi 11', 'KP/56A', '130', 24),
(601, 'Kalmunaikudi 12', 'KP/55', '135', 24),
(602, 'Kalmunaikudi 13', 'KP/54A', '140', 24),
(603, 'Kalmunaikudi 14', 'KP/54', '145', 24),
(604, 'Sainthamaruthu  1', 'KP/53', '5', 25),
(605, 'Sainthamaruthu  2', 'KP/53A', '10', 25),
(606, 'Sainthamaruthu  3', 'KP/52', '15', 25),
(607, 'Sainthamaruthu  4', 'KP/52B', '20', 25),
(608, 'Sainthamaruthu  5', 'KP/52A', '25', 25),
(609, 'Sainthamaruthu  6', 'KP/52C', '30', 25),
(610, 'Sainthamaruthu  7', 'KP/50A', '35', 25),
(611, 'Sainthamaruthu  8', 'KP/50B', '40', 25),
(612, 'Sainthamaruthu  9', 'KP/50', '45', 25),
(613, 'Sainthamaruthu 10', 'KP/50C', '50', 25),
(614, 'Sainthamaruthu 11', 'KP/47A', '55', 25),
(615, 'Sainthamaruthu 13', 'KP/47D', '60', 25),
(616, 'Sainthamaruthu 12', 'KP/47B', '65', 25),
(617, 'Sainthamaruthu 17', 'KP/47', '70', 25),
(618, 'Sainthamaruthu 14', 'KP/47E', '75', 25),
(619, 'Sainthamaruthu 15', 'KP/47F', '80', 25),
(620, 'Sainthamaruthu 16', 'KP/47C', '85', 25),
(621, 'Mavadipalli West', '43A', '5', 26),
(622, 'Mavadipalli East', '43', '10', 26),
(623, 'Maligaikadu West', '44A', '15', 26),
(624, 'Maligaikadu Central', '44B', '20', 26),
(625, 'Maligaikadu East', '44C', '25', 26),
(626, 'Karaitheevu 03', '45A', '30', 26),
(627, 'Karaitheevu 02', '45', '35', 26),
(628, 'Karaitheevu 01', '44', '40', 26),
(629, 'Karaitheevu 06', '44D', '45', 26),
(630, 'Karaitheevu 05', '45C', '50', 26),
(631, 'Karaitheevu 04', '45B', '55', 26),
(632, 'Karaitheevu 08', '42B', '60', 26),
(633, 'Karaitheevu 07', '42', '65', 26),
(634, 'Karaitheevu 10', '42A', '70', 26),
(635, 'Karaitheevu 09', '42C', '75', 26),
(636, 'Karaitheevu 11', '42D', '80', 26),
(637, 'Karaitheevu 12', '42E', '85', 26),
(638, 'Ninthavur 24', '39C', '5', 27),
(639, 'Ninthavur 11', '41A', '10', 27),
(640, 'Ninthavur 12', '41B', '15', 27),
(641, 'Ninthavur 01', '41', '20', 27),
(642, 'Ninthavur 02', '40', '25', 27),
(643, 'Ninthavur 13', '40A', '30', 27),
(644, 'Ninthavur 14', '39A', '35', 27),
(645, 'Ninthavur 15', '39B', '40', 27),
(646, 'Ninthavur 03', '39', '45', 27),
(647, 'Ninthavur 04', '38', '50', 27),
(648, 'Ninthavur 16', '38B', '55', 27),
(649, 'Ninthavur 17', '38C', '60', 27),
(650, 'Ninthavur 18', '37D', '65', 27),
(651, 'Ninthavur 05', '37', '70', 27),
(652, 'Ninthavur 06', '38A', '75', 27),
(653, 'Ninthavur 19', '38D', '80', 27),
(654, 'Ninthavur 25', '38E', '85', 27),
(655, 'Ninthavur 20', '37E', '90', 27),
(656, 'Ninthavur 07', '37A', '95', 27),
(657, 'Ninthavur 08', '37B', '100', 27),
(658, 'Ninthavur 21', '37F', '105', 27),
(659, 'Ninthavur 22', '37G', '110', 27),
(660, 'Ninthavur 09', '37C', '115', 27),
(661, 'Ninthavur 10', '36', '120', 27),
(662, 'Ninthavur 23', '36A', '125', 27),
(663, 'Deeghawapiya 01', 'AD/35A', '5', 28),
(664, 'Oluvil 01', 'AD/35', '10', 28),
(665, 'Oluvil 04', 'AD/35E', '15', 28),
(666, 'Oluvil 06', 'AD/35C/2', '20', 28),
(667, 'Oluvil 05', 'AD/35C/1', '25', 28),
(668, 'Oluvil 03', 'AD/35C', '30', 28),
(669, 'Oluvil 02', 'AD/35B', '35', 28),
(670, 'Palamuna 06', 'AD/34B/1', '40', 28),
(671, 'Oluvil 07', 'AD/35C/3', '45', 28),
(672, 'Palamuna 02', 'AD/34A', '50', 28),
(673, 'Palamuna 01', 'AD/34', '55', 28),
(674, 'Palamuna 03', 'AD/34B', '60', 28),
(675, 'Palamuna 04', 'AD/34A/1', '65', 28),
(676, 'Palamuna 05', 'AD/34A/2', '70', 28),
(677, 'Addalachchenai 02', 'AD/31', '75', 28),
(678, 'Addalachchenai 09', 'AD/33A', '80', 28),
(679, 'Addalachchenai 10', 'AD/33B', '85', 28),
(680, 'Addalachchenai 08', 'AD/30C/2', '90', 28),
(681, 'Addalachchenai 06', 'AD/30C', '95', 28),
(682, 'Addalachchenai 01', 'AD/33', '100', 28),
(683, 'Addalachchenai 11', 'AD/31A', '105', 28),
(684, 'Addalachchenai 03', 'AD/30A', '110', 28),
(685, 'Addalachchenai 07', 'AD/30C/1', '115', 28),
(686, 'Addalachchenai 12', 'AD/30A/1', '120', 28),
(687, 'Addalachchenai 14', 'AD/30E', '125', 28),
(688, 'Addalachchenai 13', 'AD/30D', '130', 28),
(689, 'Addalachchenai 04', 'AD/30', '135', 28),
(690, 'Addalachchenai 15', 'AD/30B/1', '140', 28),
(691, 'Addalachchenai 16', 'AD/30B/2', '145', 28),
(692, 'Addalachchenai 05', 'AD/30B', '150', 28),
(693, 'Addalachchenai 17', 'AD/30B/3', '155', 28),
(694, 'Deeghawapiya 02', 'AD/35D', '160', 28),
(695, 'Irakkamam 07', 'IR84C', '5', 29),
(696, 'Varipathanchenai 01', 'IR85', '10', 29),
(697, 'Irakkamam 02', 'IR84G', '15', 29),
(698, 'Irakkamam 08', 'IR84D', '20', 29),
(699, 'Irakkamam 09', 'IR84H', '25', 29),
(700, 'Irakkamam 06', 'IR84', '30', 29),
(701, 'Irakkamam 01', 'IR84B', '35', 29),
(702, 'Irakkamam 03', 'IR84A', '40', 29),
(703, 'Varipathanchenai 03', 'IR85B', '45', 29),
(704, 'Irakkamam 05', 'IR84F', '50', 29),
(705, 'Irakkamam 04', 'IR84E', '55', 29),
(706, 'Varipathanchenai 02', 'IR85A', '60', 29),
(707, 'Alim Nagar', 'AP/20A/4', '5', 30),
(708, 'Easankanichcheemai', 'AP/20A/3', '10', 30),
(709, 'Pallikudiyiruppu 02', 'AP/20A/2', '15', 30),
(710, 'Paddyadippiddy', 'AP/20A', '20', 30),
(711, 'Akkaraipattu 06', 'AP/20', '25', 30),
(712, 'Akkaraipattu 05', 'AP/19', '30', 30),
(713, 'Akkaraipattu 04', 'AP/18', '35', 30),
(714, 'Akkaraipattu 16', 'AP/17A', '40', 30),
(715, 'Akkaraipattu 15', 'AP/16A', '45', 30),
(716, 'Akkaraipattu 14', 'AP/15/5', '50', 30),
(717, 'Akkaraipattu 13', 'AP/15/4', '55', 30),
(718, 'Akkaraipattu 12', 'AP/15/3', '60', 30),
(719, 'Akkaraipattu 11', 'AP/15/2', '65', 30),
(720, 'Akkaraipattu 01', 'AP/15', '70', 30),
(721, 'Town Division 03', 'AP/15A/2', '75', 30),
(722, 'Akkaraipattu 10', 'AP/15/1', '80', 30),
(723, 'Town Division 02', 'AP/15A/1', '85', 30),
(724, 'Akkaraipattu  02', 'AP/16', '90', 30),
(725, 'Akkaraipattu  03', 'AP/17', '95', 30),
(726, 'Akkaraipattu  17', 'AP/18A', '100', 30),
(727, 'Akkaraipattu  18', 'AP/19A', '105', 30),
(728, 'Akkaraipattu  20', 'AP/20/1', '110', 30),
(729, 'Akkaraipattu  21', 'AP/20/2', '115', 30),
(730, 'Pallikudiyiruppu 01', 'AP/20A/1', '120', 30),
(731, 'Akkaraipattu  19', 'AP/18/19/\n20', '125', 30),
(732, 'Town Division 01', 'AP/15A', '130', 30),
(733, 'Town Division 05', 'AP/15A/4', '135', 30),
(734, 'Town Division 04', 'AP/15A/3', '140', 30),
(735, 'Akkaraipattu 8/1', 'AV/10', '5', 31),
(736, 'Akkaraipattu 9', 'AP/22A', '10', 31),
(737, 'Akkaraipattu 8/3', 'AV/12', '15', 31),
(738, 'Akkaraipattu 8/2', 'AV/11', '20', 31),
(739, 'Akkaraipattu 7/1', 'AV/05', '25', 31),
(740, 'Akkaraipattu 7/2', 'AV/06', '30', 31),
(741, 'Vachchikuda', 'AV/1', '35', 31),
(742, 'Kannahikiramam  01', 'AV/20', '40', 31),
(743, 'Aligambai', 'AV/22', '45', 31),
(744, 'Akkaraipattu 7/4', 'AV/08', '50', 31),
(745, 'Akkaraipattu 7/3', 'AV/07', '55', 31),
(746, 'Akkaraipattu 7', 'AP/21', '60', 31),
(747, 'Akkaraipattu 8', 'AP/22', '65', 31),
(748, 'Sinnamugathuwaram', 'AV/14', '70', 31),
(749, 'Kolavil  03', 'AP/23', '75', 31),
(750, 'Navatkadu', 'AV/03', '80', 31),
(751, 'Kolavil  02', 'AV/17', '85', 31),
(752, 'Kolavil  01', 'AV/16', '90', 31),
(753, 'Panankadu', 'AP/13', '95', 31),
(754, 'Sinna Panankadu', 'AV/19', '100', 31),
(755, 'Kannahikiramam  02', 'AV/21', '105', 31),
(756, 'Alayadivembu', 'AP/21A', '110', 31),
(757, 'Keenawatta', 'W/27E', '5', 32),
(758, 'Muwangala', 'W/27B', '10', 32),
(759, 'Galmaduwa', 'W/27H', '15', 32),
(760, 'Uksiripura', 'W/27I', '20', 32),
(761, 'Helagampura', 'W/27G', '25', 32),
(762, 'Karalewa', 'W/27F', '30', 32),
(763, 'Hingurana', 'W/27A', '35', 32),
(764, 'Diviyagala', 'W/27D', '40', 32),
(765, 'Padagoda', 'W/28', '45', 32),
(766, 'Pahalalanda', 'W/28A', '50', 32),
(767, 'Hindakalugama', 'W/28D', '55', 32),
(768, 'Kalugolla', 'W/28E', '60', 32),
(769, 'Dewalahida', 'W/26E', '65', 32),
(770, 'Koknahara', 'W/28B', '70', 32),
(771, 'Moragahapallama', 'W/28C', '75', 32),
(772, 'Damana', 'W/27', '80', 32),
(773, 'Alahena', 'W/27C', '85', 32),
(774, 'Madawalalanda', 'W/24A', '90', 32),
(775, 'Madana', 'W/24', '95', 32),
(776, 'Ekgaloya', 'W/24B', '100', 32),
(777, 'Kethsirigama', 'W/26A', '105', 32),
(778, 'Galkanda', 'W/26D', '110', 32),
(779, 'Pallanoya', 'W/26B', '115', 32),
(780, 'Kivulegama', 'W/26C', '120', 32),
(781, 'Thimbirigolla', 'W/24C', '125', 32),
(782, 'Ambalanoya', 'W/24D', '130', 32),
(783, 'Veheragala', 'W/25C', '135', 32),
(784, '18A. Janapadaya', 'W/25E', '140', 32),
(785, 'Thottama', 'W/25', '145', 32),
(786, 'Kumana', 'W/25D', '150', 32),
(787, 'Wadinagala', 'W/26', '155', 32),
(788, 'Pannalgama', 'W/25A', '160', 32),
(789, 'Bakmitiyawa', 'W/25B', '165', 32),
(790, 'Thambiluvil 2', 'TK/12A/1', '5', 33),
(791, 'Thambiluvil 1', 'TK/12A', '10', 33),
(792, 'Thambiluvil 1 West', 'TK/12', '15', 33),
(793, 'Thambiluvil 1 East', 'TK/12C', '20', 33),
(794, 'Thambiluvil 1 South', 'TK/12B', '25', 33),
(795, 'Sangamam', 'TK/11C', '30', 33),
(796, 'Thambiluvil 2 West', 'TK/11B', '35', 33),
(797, 'Thambiluvil 2 North', 'TK/11', '40', 33),
(798, 'Thambiluvil 2 East', 'TK/11A', '45', 33),
(799, 'Thirukkovil 3', 'TK/10/2', '50', 33),
(800, 'Thirukkovil 1', 'TK/10', '55', 33),
(801, 'Thirukkovil 2', 'TK/10/1', '60', 33),
(802, 'Vinayagapuram 4', 'TK/10A/3', '65', 33),
(803, 'Vinayagapuram 1', 'TK/10A', '70', 33),
(804, 'Vinayagapuram 2', 'TK/10A/1', '75', 33),
(805, 'Thirukkovil 4', 'TK/10E/1', '80', 33),
(806, 'Kanchirankuda', 'TK/10D/1', '85', 33),
(807, 'Kanchikudicharu', 'TK/10B', '90', 33),
(808, 'Vinayagapuram 3', 'TK/10A/2', '95', 33),
(809, 'Sangamangramam', 'TK/10D', '100', 33),
(810, 'Thandiyadi', 'TK/10C', '105', 33),
(811, 'Thangavelayudapuram', 'TK/10E', '110', 33),
(812, 'Sangaman Kandy', 'P/22', '5', 34),
(813, 'Sinna Ullai', 'P/18', '10', 34),
(814, 'Sinna Puthukkudiyiruppu', 'P/06', '15', 34),
(815, 'Victor Estate 2', 'P/17', '20', 34),
(816, 'Vaddively', 'P/11', '25', 34),
(817, 'Victor Estate 1', 'P/16', '30', 34),
(818, 'Rasak Moulana Nagar', 'P/27', '35', 34),
(819, 'Sarvodayapuram', 'P/05', '40', 34),
(820, 'Pothuvil 02 / Unit 3', 'P/08', '45', 34),
(821, 'Kundumadu', 'P/09', '50', 34),
(822, 'Pothuvil 01 / Unit II', 'P/02', '55', 34),
(823, 'Pakkiyawatta 2', 'P/14', '60', 34),
(824, 'Pasarichchenai', 'P/19', '65', 34),
(825, 'Pothuvil Town', 'P/12', '70', 34),
(826, 'Pakkiyawatta 1', 'P/13', '75', 34),
(827, 'Komarie 02', 'P/24', '80', 34),
(828, 'Komarie 01', 'P/23', '85', 34),
(829, 'Kalappukaddu', 'P/15', '90', 34),
(830, 'Jalaldeen Square', 'P/04', '95', 34),
(831, 'Hidayapuram 2', 'P/21', '100', 34),
(832, 'Hidayapuram 1', 'P/20', '105', 34),
(833, 'Kanagarkiramam', 'P/25', '110', 34),
(834, 'Hijra Nagar', 'P/26', '115', 34),
(835, 'Pothuvil 01 / Unit I', 'P/01', '120', 34),
(836, 'Pothuvil 01 / Unit III', 'P/03', '125', 34),
(837, 'Inspector Etham', 'P/10', '130', 34),
(838, 'Pothuvil 02 / Unit 2', 'P/07', '135', 34),
(839, 'Kandahindagama', 'PP13', '5', 35),
(840, 'Hulannugee West', 'PP12', '10', 35),
(841, 'Hulannuge', 'PP/11', '15', 35),
(842, 'Perani Lahugala', 'PP10', '20', 35),
(843, 'Lahugala', 'PP09', '25', 35),
(844, 'Dewalagoda', 'PP08', '30', 35),
(845, 'Pansalgoda', 'PP07', '35', 35),
(846, 'Panama West', 'PP03', '40', 35),
(847, 'Shasthrawela', 'PP06', '45', 35),
(848, 'Panama Central', 'PP05', '50', 35),
(849, 'Panama North', 'PP/04', '55', 35),
(850, 'Panama South', 'PP02', '60', 35),
(851, 'Seva Janapadaya', '31 K', '5', 36),
(852, 'Gemunupura', '31N', '10', 36),
(853, 'Kavanthissapura', '31H', '15', 36),
(854, 'Lassanagama', '31P', '20', 36),
(855, 'Singhapura', '31J', '25', 36),
(856, 'Parana Medawachchiya', '31 F', '30', 36),
(857, 'Samanpura', '31M', '35', 36),
(858, 'Sri Thissapura', '31L', '40', 36),
(859, 'Sri Pura', '31D', '45', 36),
(860, 'Jayanthiwewa', '31I', '50', 36),
(861, 'Thennaimaravady', '31 E', '5', 37),
(862, 'Pulmoddai Division No. 3', '31G', '10', 37),
(863, 'Pulmoddai Division No. 2', '31H', '15', 37),
(864, 'Pulmoddai Division No. 1', '31I', '20', 37),
(865, 'Pulmoddai Division No. 4', '31J', '25', 37),
(866, 'Thiriyai', '237', '30', 37),
(867, 'Senthoor', '237B', '35', 37),
(868, 'Kaddukulam\nKaddukulam', '237C', '40', 37),
(869, 'Kallampattai', '237D', '45', 37),
(870, 'Kuchchaveli', '239', '50', 37),
(871, 'Iranaikerni', '239A', '55', 37),
(872, 'Veerancholai', '239B', '60', 37),
(873, 'Jayanagar', '239C', '65', 37),
(874, 'Cassimnagar', '239D', '70', 37),
(875, 'Kumburupiddy South', '240', '75', 37),
(876, 'Kumburupiddy North', '240A', '80', 37),
(877, 'Kumburupiddy East', '240B', '85', 37),
(878, 'Nilaveli', '241', '90', 37),
(879, 'Irakkandy', '241A', '95', 37),
(880, 'Gopalapuram', '241B', '100', 37),
(881, 'Veloor', '241C', '105', 37),
(882, 'Iqbalnagar', '241D', '110', 37),
(883, 'Periyakulam', '241E', '115', 37),
(884, 'Valayoothu', '241G', '120', 37),
(885, 'Gomarankadawala', '231', '5', 38),
(886, 'Kalyanapura', '231C', '10', 38),
(887, 'Galkadawala', '232', '15', 38),
(888, 'Pamburugaswewa', '232A', '20', 38),
(889, 'Kandamalawa', '232B', '25', 38),
(890, 'Madawachchiya', '233', '30', 38),
(891, 'Kivulakadawala', '233A', '35', 38),
(892, 'Pulikandikulama', '233B', '40', 38),
(893, 'Mailawewa', '233C', '45', 38),
(894, 'Bakmeegama', '233D', '50', 38),
(895, 'Peniketiyawa', '230', '5', 39),
(896, 'Mahadivulwewa Stage I', '230A', '10', 39),
(897, 'Mahadivulwewa Stage II', '230B', '15', 39),
(898, 'Nochchikulama', '230C', '20', 39),
(899, 'Morawewa South', '231A', '25', 39),
(900, 'Morawewa North', '231B', '30', 39),
(901, 'Awvainagar', '231G', '35', 39),
(902, 'Namalwatta', '231D', '40', 39),
(903, 'Kithuluthuwa', '231E', '45', 39),
(904, 'Pankulama', '231F', '50', 39),
(905, 'Wilgama', '243E', '5', 40),
(906, 'Welveri', '243Q', '10', 40),
(907, 'Kanniya', '243B', '15', 40),
(908, 'Eluppaikulam', '242B', '20', 40),
(909, 'Sampalthivu', '242', '25', 40),
(910, 'Salli', '242A', '30', 40),
(911, 'Uppuveli', '243', '35', 40),
(912, 'Puliyankulam', '243L', '40', 40),
(913, 'Varothayanagar', '243N', '45', 40),
(914, 'Peeliyady', '243J', '50', 40),
(915, 'Mankaiyoottu', '243K', '55', 40),
(916, 'Andankulama', '243A', '60', 40),
(917, 'Singhapura', '243H', '65', 40),
(918, 'Kovilady', '243P', '70', 40),
(919, 'Palaiyoottu', '243D', '75', 40),
(920, 'Abayapura', '244N', '80', 40),
(921, 'Anpuvalipuram', '243C', '85', 40),
(922, 'Mihindupura', '243I', '90', 40),
(923, 'Selvanayahapuram', '243M', '95', 40),
(924, 'Jinnanagar', '244O', '100', 40),
(925, 'Murugapuri', '243G', '105', 40),
(926, 'Thirukadaloor', '243F', '110', 40),
(927, 'Pattanatheru', '244K', '115', 40),
(928, 'Peruntheru', '244L', '120', 40),
(929, 'Sivapuri', '244Q', '125', 40),
(930, 'Linganagar', '244R', '130', 40),
(931, 'Mudcove', '244M', '135', 40),
(932, 'Poompuhar', '243O', '140', 40),
(933, 'Sumedhankarapura', '229B', '145', 40),
(934, 'Muththunagar', '229F', '150', 40),
(935, 'Kappalthurai', '229E', '155', 40),
(936, 'Kavaddikuda', '229D', '160', 40),
(937, 'Nachchikuda', '229C', '165', 40),
(938, 'Wellaimanal', '229', '170', 40),
(939, 'Chaina Bay', '229A', '175', 40),
(940, 'Orr\'s Hill', '244P', '180', 40),
(941, 'Thillainagar', '244H', '185', 40),
(942, 'Arasadi', '244J', '190', 40),
(943, 'Manayaveli', '244F', '195', 40),
(944, 'Sonagavadi', '244I', '200', 40),
(945, 'Arunagirinagar', '244G', '205', 40),
(946, 'Villundy', '244E', '210', 40),
(947, 'Galmetiyawa North', '228L', '5', 41),
(948, 'Palampoddaru', '228', '10', 41),
(949, 'Puthukudiyirippu', '228J', '15', 41),
(950, 'Porkuruni', '228I', '20', 41),
(951, 'Meeranagar', '228H', '25', 41),
(952, 'Siraj Nagar', '228E', '30', 41),
(953, 'Kovil Kudiyiruppu', '228K', '35', 41),
(954, 'Thambalagamuwa', '228A', '40', 41),
(955, 'Mollipothana North', '228G', '45', 41),
(956, 'Galmetiyawa South', '228C', '50', 41),
(957, 'Mollipothana', '228B', '55', 41),
(958, 'Mollipothana East', '228F', '60', 41),
(959, 'Vendrasanpura Unit 16', '227R', '5', 42),
(960, 'Ganthalawa Unit 12', '227S', '10', 42),
(961, 'Ganthalawa Unit 11', '227P', '15', 42),
(962, 'Wanela East', '227D', '20', 42),
(963, 'Wanela West', '227V', '25', 42),
(964, 'Pansalgodella', '227W', '30', 42),
(965, 'Sooriyapura', '227F', '35', 42),
(966, 'Jayanthipura', '227J', '40', 42),
(967, 'Rajaela Unit 04', '227M', '45', 42),
(968, 'Rajaela Unit 05', '227N', '50', 42),
(969, 'Vendrasanpura Unit 15', '227Q', '55', 42),
(970, 'Vendrasanpura  Unit 14', '227A', '60', 42),
(971, 'Bhathiyagama', '227L', '65', 42),
(972, 'Rajaela  Unit 03', '227B', '70', 42),
(973, 'Peraru Unit 02', '227G', '75', 42),
(974, 'Peraru East', '227O', '80', 42),
(975, 'Peraru West', '227H', '85', 42),
(976, 'Kantale Town South', '227K', '90', 42),
(977, 'Kantale Town', '227', '95', 42),
(978, 'Agbopura', '227C', '100', 42),
(979, 'Batukachchiya', '227T', '105', 42),
(980, 'Rajawewa', '227U', '110', 42),
(981, 'Seenipura', '227E', '115', 42),
(982, 'Munaichenai', '226I', '5', 43),
(983, 'Maniarasankulam', '226P', '10', 43),
(984, 'Mancholai', '225C', '15', 43),
(985, 'Malinthurai', '226C', '20', 43),
(986, 'Majeed Nagar', '226O', '25', 43),
(987, 'Maharoof Gramam', '226L', '30', 43),
(988, 'Maharuf Nagar', '225E', '35', 43),
(989, 'Ayiliyady', '226Q', '40', 43),
(990, 'Annal Nagar', '225F', '45', 43),
(991, 'Alankerny', '225J', '50', 43),
(992, 'Ehuthar Nagar', '226A', '55', 43),
(993, 'Echchanthivu', '225L', '60', 43),
(994, 'Kuddikarachchi', '226E', '65', 43),
(995, 'Kurinchakerny', '226G', '70', 43),
(996, 'Mancholaichenai', '225D', '75', 43),
(997, 'Nadoottu', '226M', '80', 43),
(998, 'Naduthivu', '226H', '85', 43),
(999, 'Periya Kinniya', '226B', '90', 43),
(1000, 'Periyaththumunai', '226', '95', 43),
(1001, 'Poovarasanthivu', '225H', '100', 43),
(1002, 'Kinniya', '226D', '105', 43),
(1003, 'Idiman', '226F', '110', 43),
(1004, 'Faizal Nagar', '225G', '115', 43),
(1005, 'Kachchakodithivu', '226J', '120', 43),
(1006, 'Kattaiaru', '225B', '125', 43),
(1007, 'Kakamunai', '226K', '130', 43),
(1008, 'Rahumaniya Nagar', '225', '135', 43),
(1009, 'Samavechchativu', '225I', '140', 43),
(1010, 'Sinna Kinniya', '225A', '145', 43),
(1011, 'Soorangal', '226N', '150', 43),
(1012, 'Upparu', '225K', '155', 43),
(1013, 'Sampoor West', '220A', '5', 44),
(1014, 'Koonitivu', '221', '10', 44),
(1015, 'Navarathnapuram', '221A', '15', 44),
(1016, 'Sampoor East', '220', '20', 44),
(1017, 'Kadarkaraichenai', '222C', '25', 44),
(1018, 'Kaddaiparichchan North', '222B', '30', 44),
(1019, 'Thaqwa Nagar', '223C', '35', 44),
(1020, 'Muttur East', '223A', '40', 44),
(1021, 'Naduthivu', '223E', '45', 44),
(1022, 'Thaha Nagar', '224C', '50', 44),
(1023, 'Muttur Central', '223F', '55', 44),
(1024, 'Muttur West', '224', '60', 44),
(1025, 'Ralkully', '224D', '65', 44),
(1026, 'Shaffi Nagar', '224F', '70', 44),
(1027, 'Periyapalam', '224A', '75', 44),
(1028, 'Jayanagar', '224G', '80', 44),
(1029, 'Alimnagar', '224B', '85', 44),
(1030, 'Anaichenai', '223B', '90', 44),
(1031, 'Neithal Nagar', '223D', '95', 44),
(1032, 'Palanagar', '223G', '100', 44),
(1033, 'Kaddaiparichchan South', '222', '105', 44),
(1034, 'Pallikkudiyiruppu', '219', '110', 44),
(1035, 'Chenaiyoor', '222A', '115', 44),
(1036, 'Paddalipuram', '219B', '120', 44),
(1037, 'Nalloor', '219A', '125', 44),
(1038, 'Iqbal Nagar', '216B', '130', 44),
(1039, 'Allainagar East', '216A', '135', 44),
(1040, 'Allainagar West', '216E', '140', 44),
(1041, 'Thoppur', '216', '145', 44),
(1042, 'Palathoppur', '216C', '150', 44),
(1043, 'Jinna Nagar', '224E', '155', 44),
(1044, 'Iruthayapuram', '218E', '160', 44),
(1045, 'Peruveli', '218D', '165', 44),
(1046, 'Mallikaithivu', '218', '170', 44),
(1047, 'Paddithidal', '218B', '175', 44),
(1048, 'Palathadichenai', '218F', '180', 44),
(1049, 'Jinna Nagar', '216D', '185', 44),
(1050, 'Assathnagar', '218H', '190', 44),
(1051, 'Barathipuram', '218G', '195', 44),
(1052, 'Kiliveddi', '218A', '200', 44),
(1053, 'Mengamam', '218I', '205', 44),
(1054, 'Kanguvely', '218C', '210', 44),
(1055, 'Neelapola', '217B', '5', 45),
(1056, 'Samagipura', '217C', '10', 45),
(1057, 'Sivapuram', '217F', '15', 45),
(1058, 'Dehiwatta', '217', '20', 45),
(1059, 'Thanganagar', '215G', '25', 45),
(1060, 'Kavanthissapura', '215E', '30', 45),
(1061, 'Seruvila', '215', '35', 45),
(1062, 'Navatkernikadu', '215B', '40', 45),
(1063, 'Sumedhankarapura', '215D', '45', 45),
(1064, 'Mahindapura', '215C', '50', 45),
(1065, 'Serunuwara', '215F', '55', 45),
(1066, 'Mahaweligama', '215A', '60', 45),
(1067, 'Lingapuram', '217E', '65', 45),
(1068, 'Ariyamankerni', '217D', '70', 45),
(1069, 'Sirimangalapura', '217G', '75', 45),
(1070, 'Somapura', '217A', '80', 45),
(1071, 'Ilangaithurai', '214C', '5', 46),
(1072, 'Ilangaithurai Mugathuvaram', '214F', '10', 46),
(1073, 'Karukkamunai', '214G', '15', 46),
(1074, 'Poonagar', '214B', '20', 46),
(1075, 'Poomarathadichenai', '214H', '25', 46),
(1076, 'Eachchilampathai', '214', '30', 46),
(1077, 'Verugal', '214A', '35', 46),
(1078, 'Anaitheevu', '214D', '40', 46),
(1079, 'Verugal Mugathuvaram', '214E', '45', 46),
(1080, 'Uppooral', '215H', '50', 46);

-- --------------------------------------------------------

--
-- Table structure for table `group_activity_map`
--

CREATE TABLE `group_activity_map` (
  `id` int(11) NOT NULL,
  `group_id` int(11) NOT NULL,
  `act_id` int(11) NOT NULL,
  `status` tinyint(1) DEFAULT 1
) ENGINE=InnoDB DEFAULT CHARSET=utf8 COLLATE=utf8_general_ci;

--
-- Dumping data for table `group_activity_map`
--

INSERT INTO `group_activity_map` (`id`, `group_id`, `act_id`, `status`) VALUES
(1, 1, 2, 1),
(2, 1, 3, 1),
(3, 2, 2, 0),
(4, 4, 1, 0),
(5, 4, 4, 0),
(6, 4, 2, 0),
(7, 2, 4, 0),
(8, 3, 4, 0),
(9, 1, 1, 1),
(10, 5, 1, 0),
(11, 3, 1, 1),
(12, 2, 5, 0),
(13, 2, 1, 1),
(14, 1, 4, 1),
(15, 1, 5, 0),
(16, 5, 4, 0),
(17, 1, 6, 0),
(18, 1, 7, 0),
(19, 1, 8, 1),
(20, 1, 9, 1),
(21, 2, 9, 1),
(22, 1, 11, 1),
(23, 2, 11, 0),
(24, 1, 12, 1),
(25, 1, 13, 1),
(26, 1, 14, 1),
(27, 1, 15, 1),
(28, 1, 17, 1),
(29, 1, 16, 1),
(30, 1, 18, 1),
(31, 1, 19, 1),
(32, 1, 20, 1),
(33, 1, 21, 1),
(34, 1, 22, 1),
(35, 1, 23, 1),
(36, 4, 11, 0),
(37, 4, 12, 0),
(38, 4, 13, 0),
(39, 4, 18, 0),
(40, 4, 19, 0),
(41, 4, 20, 0),
(42, 4, 21, 0),
(43, 4, 23, 0),
(44, 4, 22, 0),
(45, 4, 16, 0),
(46, 3, 9, 1),
(47, 2, 15, 1),
(48, 3, 15, 1),
(49, 5, 11, 1),
(50, 5, 12, 1),
(51, 5, 13, 1),
(52, 5, 18, 1),
(53, 5, 19, 1),
(54, 5, 20, 1),
(55, 5, 21, 1),
(56, 5, 23, 1),
(57, 5, 22, 1),
(58, 5, 16, 1),
(59, 1, 24, 1),
(60, 1, 25, 1),
(61, 1, 27, 1),
(62, 1, 26, 1),
(63, 1, 28, 1);

-- --------------------------------------------------------

--
-- Table structure for table `land_registration`
--

CREATE TABLE `land_registration` (
  `land_id` int(11) NOT NULL,
  `ds_id` int(11) NOT NULL,
  `gn_id` int(11) NOT NULL,
  `address` varchar(255) NOT NULL,
  `land_area` decimal(15,4) NOT NULL,
  `scaled_by` varchar(32) NOT NULL,
  `hectares` decimal(15,6) NOT NULL,
  `latitude` varchar(10) NOT NULL,
  `longitude` varchar(10) NOT NULL,
  `created_by` int(11) NOT NULL,
  `created_on` datetime NOT NULL DEFAULT current_timestamp(),
  `lcg_area` decimal(15,6) DEFAULT NULL,
  `lcg_area_unit` varchar(32) DEFAULT NULL,
  `lcg_hectares` decimal(15,6) DEFAULT NULL,
  `lcg_plan_no` varchar(64) DEFAULT NULL,
  `val_area` decimal(15,6) DEFAULT NULL,
  `val_area_unit` varchar(32) DEFAULT NULL,
  `val_hectares` decimal(15,6) DEFAULT NULL,
  `val_plan_no` varchar(64) DEFAULT NULL,
  `survey_area` decimal(15,6) DEFAULT NULL,
  `survey_area_unit` varchar(32) DEFAULT NULL,
  `survey_hectares` decimal(15,6) DEFAULT NULL,
  `survey_plan_no` varchar(64) DEFAULT NULL
) ENGINE=InnoDB DEFAULT CHARSET=utf8 COLLATE=utf8_general_ci;

-- --------------------------------------------------------

--
-- Table structure for table `leases`
--

CREATE TABLE `leases` (
  `lease_id` int(11) NOT NULL,
  `land_id` int(11) NOT NULL,
  `beneficiary_id` int(11) NOT NULL,
  `location_id` int(11) NOT NULL,
  `lease_number` varchar(100) DEFAULT NULL,
  `file_number` varchar(100) NOT NULL,
  `valuation_amount` decimal(15,2) NOT NULL,
  `premium` decimal(10,2) NOT NULL,
  `initial_annual_rent` decimal(10,2) NOT NULL,
  `annual_rent_percentage` decimal(5,2) DEFAULT 4.00,
  `revision_period` int(11) DEFAULT 5,
  `revision_percentage` decimal(5,2) DEFAULT 20.00,
  `start_date` date NOT NULL,
  `end_date` date NOT NULL,
  `status` enum('inactive','active','expired','cancelled') DEFAULT 'active',
  `created_by` int(11) NOT NULL,
  `created_on` datetime DEFAULT current_timestamp(),
  `approved_date` date DEFAULT NULL,
  `valuation_date` date NOT NULL DEFAULT current_timestamp(),
  `value_date` date DEFAULT NULL,
  `duration_years` decimal(10,2) NOT NULL,
  `lease_type_id` int(11) NOT NULL,
  `type_of_project` varchar(100) NOT NULL,
  `name_of_the_project` varchar(100) NOT NULL,
  `updated_by` varchar(10) NOT NULL,
  `updated_on` date DEFAULT NULL,
  `lease_status` int(11) NOT NULL DEFAULT 1,
  `first_lease` int(11) NOT NULL DEFAULT 1,
  `last_lease_annual_value` decimal(10,2) NOT NULL,
  `inactive_date` date DEFAULT NULL,
  `inactive_reason` varchar(300) NOT NULL
) ENGINE=InnoDB DEFAULT CHARSET=utf8 COLLATE=utf8_general_ci;

--
-- Dumping data for table `leases`
--

INSERT INTO `leases` (`lease_id`, `land_id`, `beneficiary_id`, `location_id`, `lease_number`, `file_number`, `valuation_amount`, `premium`, `initial_annual_rent`, `annual_rent_percentage`, `revision_period`, `revision_percentage`, `start_date`, `end_date`, `status`, `created_by`, `created_on`, `approved_date`, `valuation_date`, `value_date`, `duration_years`, `lease_type_id`, `type_of_project`, `name_of_the_project`, `updated_by`, `updated_on`, `lease_status`, `first_lease`, `last_lease_annual_value`, `inactive_date`, `inactive_reason`) VALUES
(1, 1, 1, 40, '4/10/63570', 'DTG/LND/B/Lease/Pub01/177', 2500000.00, 300000.00, 100000.00, 4.00, 5, 20.00, '2016-07-07', '2046-07-07', 'active', 107, '2025-12-09 16:18:24', '2023-01-16', '2024-02-10', '2023-12-29', 30.00, 1, 'Commercial', '', '1', '2025-12-31', 1, 1, 0.00, NULL, ''),
(2, 2, 2, 40, '4/10/67195', 'DTG/LND/B/LEASE/PUB 01/233', 800000.00, 0.00, 16000.00, 2.00, 5, 20.00, '2022-09-20', '2052-09-20', 'active', 1, '2025-12-09 16:53:59', '2023-02-16', '2024-12-19', '2024-11-08', 30.00, 1, 'Commercial', 'Vechile service center', '1', '2025-12-23', 1, 1, 0.00, NULL, ''),
(3, 3, 4, 40, 'Pending', 'DTG/LND/B/LEASE/PUB 01/', 5250000.00, 0.00, 210000.00, 4.00, 5, 20.00, '2020-10-26', '2050-10-26', 'inactive', 1, '2025-12-30 18:38:32', '0000-00-00', '2022-02-25', '0000-00-00', 30.00, 1, 'Commercial', '', '1', '2025-12-30', 0, 1, 0.00, '2025-12-30', 'comptes'),
(4, 4, 3, 40, 'Pending', 'DTG/LND/B/LEASE/PUB 01/', 0.00, 0.00, 6000.00, 4.00, 5, 20.00, '2021-01-01', '2051-01-01', 'active', 1, '2025-12-30 21:25:59', '0000-00-00', '0000-00-00', '0000-00-00', 30.00, 1, 'Commercial', '', '1', '2025-12-30', 1, 0, 5000.00, NULL, ''),
(5, 5, 5, 40, 'Pending', 'DTG/LND/B/LEASE/PUB 01/', 0.00, 360000.00, 120000.00, 4.00, 5, 20.00, '2019-12-23', '2049-12-23', 'active', 1, '2025-12-30 21:54:33', '2025-12-18', '2020-12-12', '0000-00-00', 30.00, 1, 'Commercial', '', '1', '2025-12-30', 1, 0, 100000.00, NULL, ''),
(6, 6, 6, 40, 'Pending', 'DTG/LND/B/LEASE/PUB 01/', 0.00, 360000.00, 120000.00, 4.00, 5, 20.00, '2017-01-01', '2047-01-01', 'active', 1, '2025-12-30 22:42:01', '2500-01-05', '0000-00-00', '0000-00-00', 30.00, 1, 'Commercial', '', '1', '2025-12-30', 1, 0, 100000.00, NULL, ''),
(7, 7, 7, 40, 'Pending', 'DTG/LND/B/LEASE/PUB 01/', 0.00, 360000.00, 120000.00, 4.00, 5, 20.00, '2017-01-01', '2047-01-01', 'active', 1, '2025-12-30 22:46:57', '0000-00-00', '0000-00-00', '0000-00-00', 30.00, 1, 'Commercial', '', '', NULL, 1, 0, 100000.00, NULL, ''),
(8, 8, 8, 40, 'Pending', 'DTG/LND/B/LEASE/PUB 01/', 12222.00, 0.00, 244.44, 2.00, 5, 20.00, '2020-01-01', '2050-01-01', 'active', 1, '2026-01-02 15:05:42', '0000-00-00', '2023-01-01', '0000-00-00', 30.00, 1, 'Commercial', '', '1', '2026-01-02', 1, 1, 0.00, NULL, '');

-- --------------------------------------------------------

--
-- Table structure for table `lease_master`
--

CREATE TABLE `lease_master` (
  `lease_type_id` int(11) NOT NULL,
  `lease_type_name` varchar(100) NOT NULL,
  `purpose` varchar(50) NOT NULL,
  `base_rent_percent` decimal(5,2) NOT NULL,
  `economy_rate` decimal(10,2) NOT NULL,
  `economy_valuvation` decimal(10,2) NOT NULL,
  `premium_percent` decimal(5,2) DEFAULT NULL,
  `duration_years` int(11) NOT NULL,
  `revision_interval` int(11) DEFAULT NULL,
  `revision_increase_percent` decimal(5,2) DEFAULT NULL,
  `penalty_rate` decimal(5,2) DEFAULT NULL,
  `allow_interest_waiver` tinyint(1) DEFAULT 0,
  `discount_percent` decimal(5,2) DEFAULT NULL,
  `discount_start` date DEFAULT NULL,
  `discount_end` date DEFAULT NULL,
  `effective_from` date NOT NULL,
  `discount_rate` decimal(10,2) NOT NULL,
  `premium_times` int(11) NOT NULL,
  `status` enum('Active','Inactive') DEFAULT 'Active',
  `created_by` int(11) DEFAULT NULL,
  `created_on` timestamp NOT NULL DEFAULT current_timestamp()
) ENGINE=InnoDB DEFAULT CHARSET=utf8 COLLATE=utf8_general_ci;

--
-- Dumping data for table `lease_master`
--

INSERT INTO `lease_master` (`lease_type_id`, `lease_type_name`, `purpose`, `base_rent_percent`, `economy_rate`, `economy_valuvation`, `premium_percent`, `duration_years`, `revision_interval`, `revision_increase_percent`, `penalty_rate`, `allow_interest_waiver`, `discount_percent`, `discount_start`, `discount_end`, `effective_from`, `discount_rate`, `premium_times`, `status`, `created_by`, `created_on`) VALUES
(1, 'Commercial', 'Commercial', 4.00, 2.00, 5000000.00, 0.00, 30, 5, 20.00, 10.00, 0, NULL, NULL, NULL, '0001-01-01', 10.00, 3, 'Active', NULL, '2025-10-05 08:39:06'),
(2, 'Residential', 'Residential', 4.00, 2.00, 5000000.00, 0.00, 30, 5, 20.00, 10.00, 0, NULL, NULL, NULL, '0001-01-01', 10.00, 3, 'Active', NULL, '2025-10-19 05:40:03'),
(8, 'Religious', 'Religious', 0.50, 0.00, 0.00, 0.00, 30, 0, 0.00, 0.00, 0, NULL, NULL, NULL, '0001-01-01', 0.00, 0, 'Active', NULL, '2025-11-21 13:15:36');

-- --------------------------------------------------------

--
-- Table structure for table `lease_payments`
--

CREATE TABLE `lease_payments` (
  `payment_id` int(11) NOT NULL,
  `location_id` int(11) NOT NULL,
  `lease_id` int(11) NOT NULL,
  `schedule_id` int(11) NOT NULL,
  `payment_date` date NOT NULL,
  `amount` decimal(15,2) NOT NULL,
  `rent_paid` decimal(10,2) NOT NULL,
  `panalty_paid` decimal(10,2) NOT NULL,
  `premium_paid` decimal(10,2) NOT NULL,
  `discount_apply` decimal(10,2) NOT NULL,
  `current_year_payment` decimal(10,2) NOT NULL,
  `payment_type` enum('rent','penalty','both') DEFAULT 'both',
  `receipt_number` varchar(100) DEFAULT NULL,
  `payment_method` enum('cash','cheque','bank_transfer','online') DEFAULT 'cash',
  `reference_number` varchar(100) DEFAULT NULL,
  `notes` text DEFAULT NULL,
  `status` int(11) NOT NULL DEFAULT 1,
  `created_by` int(11) NOT NULL,
  `created_on` datetime DEFAULT current_timestamp()
) ENGINE=InnoDB DEFAULT CHARSET=utf8 COLLATE=utf8_general_ci;

--
-- Dumping data for table `lease_payments`
--

INSERT INTO `lease_payments` (`payment_id`, `location_id`, `lease_id`, `schedule_id`, `payment_date`, `amount`, `rent_paid`, `panalty_paid`, `premium_paid`, `discount_apply`, `current_year_payment`, `payment_type`, `receipt_number`, `payment_method`, `reference_number`, `notes`, `status`, `created_by`, `created_on`) VALUES
(1, 40, 1, 574, '2020-07-01', 120000.00, 0.00, 0.00, 120000.00, 0.00, 0.00, '', 'RCPT-20251223-014956-317', 'cash', 'ss', '', 0, 1, '2025-12-23 06:19:56'),
(2, 40, 1, 574, '2020-07-01', 400000.00, 220000.00, 0.00, 180000.00, 0.00, 0.00, '', 'RCPT-20251223-015254-809', 'cash', '211', '', 0, 1, '2025-12-23 06:22:54'),
(3, 40, 1, 1027, '2023-03-06', 258000.00, 0.00, 0.00, 258000.00, 0.00, 0.00, '', 'RCPT-20251223-033409-834', 'cash', 's', '', 0, 1, '2025-12-23 08:04:09'),
(4, 40, 1, 1028, '2024-06-24', 258000.00, 216000.00, 0.00, 42000.00, 0.00, 0.00, '', 'RCPT-20251223-033440-357', 'cash', 's', '', 0, 1, '2025-12-23 08:04:40'),
(5, 40, 1, 909, '2024-09-05', 258000.00, 165000.00, 93000.00, 0.00, 0.00, 0.00, '', 'RCPT-20251223-033506-975', 'cash', 's', '', 0, 1, '2025-12-23 08:05:06'),
(6, 40, 1, 849, '2024-12-09', 258000.00, 258000.00, 0.00, 0.00, 66.67, 60000.00, '', 'RCPT-20251223-033540-541', 'cash', '2', '', 0, 1, '2025-12-23 08:05:40'),
(7, 40, 1, 849, '2025-07-04', 144000.00, 144000.00, 0.00, 0.00, 10333.33, 51000.00, '', 'RCPT-20251223-033828-972', 'cash', 's', '', 0, 1, '2025-12-23 08:08:28'),
(8, 40, 1, 1029, '2024-09-05', 258000.00, 216600.00, 41400.00, 0.00, 0.00, 0.00, '', 'RCPT-20251223-043942-920', 'cash', 's', '', 0, 1, '2025-12-23 09:09:42'),
(9, 40, 1, 1030, '2025-12-09', 258000.00, 227100.00, 30900.00, 0.00, 0.00, 0.00, '', 'RCPT-20251223-045817-405', 'cash', 'd', '', 0, 1, '2025-12-23 09:28:17'),
(10, 40, 1, 1029, '2024-12-09', 258000.00, 258000.00, 0.00, 0.00, 66.67, 60000.00, '', 'RCPT-20251223-045838-270', 'cash', 's', '', 0, 1, '2025-12-23 09:28:38'),
(11, 40, 1, 1029, '2025-07-04', 144000.00, 144000.00, 0.00, 0.00, 16000.00, 0.00, '', 'RCPT-20251223-050018-788', 'cash', 'd', '', 0, 1, '2025-12-23 09:30:18'),
(12, 40, 1, 1987, '2022-12-23', 930000.00, 630000.00, 0.00, 300000.00, 6000.00, 60000.00, '', 'RCPT-20251223-050327-798', 'cash', 'd', '', 1, 1, '2025-12-23 09:33:27'),
(13, 40, 3, 1202, '2022-02-28', 630000.00, 630000.00, 0.00, 0.00, 21000.00, 210000.00, '', 'RCPT-20251230-140904-978', 'cash', 'a', '', 1, 1, '2025-12-30 18:39:04'),
(14, 40, 3, 1204, '2023-10-27', 210000.00, 210000.00, 0.00, 0.00, 18900.00, 170100.00, '', 'RCPT-20251230-141158-542', 'cash', '122', '', 1, 1, '2025-12-30 18:41:58'),
(15, 40, 5, 1837, '2026-01-01', 500000.00, 0.00, 340000.00, 160000.00, 0.00, 0.00, '', 'RCPT-20260101-071013-774', 'cash', '12', '', 1, 1, '2026-01-01 11:40:13'),
(16, 40, 5, 1837, '2026-01-01', 4500000.00, 4300000.00, 0.00, 200000.00, 384729.60, 108000.00, '', 'RCPT-20260101-071108-119', 'cash', '44', '', 1, 1, '2026-01-01 11:41:08'),
(17, 40, 5, 1837, '2026-01-01', 500.00, 500.00, 0.00, 0.00, 0.00, 0.00, '', 'RCPT-20260101-071400-139', 'cash', 'asdasd', '', 1, 1, '2026-01-01 11:44:00'),
(18, 40, 5, 1837, '2026-01-01', 4580.00, 4580.00, 0.00, 0.00, 0.00, 0.00, '', 'RCPT-20260101-072137-257', 'cash', '2500', '', 1, 1, '2026-01-01 11:51:37'),
(19, 40, 8, 2077, '2026-01-02', 12.00, 0.00, 12.00, 0.00, 0.00, 0.00, '', 'RCPT-20260102-105802-721', 'cash', '12', '', 1, 1, '2026-01-02 15:28:02'),
(20, 40, 8, 2077, '2026-01-02', 22.00, 0.00, 22.00, 0.00, 0.00, 0.00, '', 'RCPT-20260102-105921-520', 'cash', 'ss', '', 1, 1, '2026-01-02 15:29:21');

-- --------------------------------------------------------

--
-- Table structure for table `lease_payments_detail`
--

CREATE TABLE `lease_payments_detail` (
  `id` int(11) NOT NULL,
  `payment_id` int(11) NOT NULL,
  `schedule_id` int(11) NOT NULL,
  `rent_paid` decimal(10,2) NOT NULL,
  `penalty_paid` decimal(10,2) NOT NULL,
  `premium_paid` decimal(10,2) NOT NULL,
  `discount_apply` decimal(10,2) NOT NULL,
  `current_year_payment` decimal(10,2) NOT NULL,
  `status` int(11) NOT NULL
) ENGINE=InnoDB DEFAULT CHARSET=utf8 COLLATE=utf8_general_ci;

--
-- Dumping data for table `lease_payments_detail`
--

INSERT INTO `lease_payments_detail` (`id`, `payment_id`, `schedule_id`, `rent_paid`, `penalty_paid`, `premium_paid`, `discount_apply`, `current_year_payment`, `status`) VALUES
(235, 13, 1201, 210000.00, 0.00, 0.00, 0.00, 0.00, 1),
(236, 13, 1202, 210000.00, 0.00, 0.00, 0.00, 210000.00, 1),
(237, 13, 1203, 189000.00, 0.00, 0.00, 21000.00, 0.00, 1),
(238, 13, 1204, 21000.00, 0.00, 0.00, 0.00, 0.00, 1),
(239, 14, 1204, 170100.00, 0.00, 0.00, 18900.00, 170100.00, 1),
(240, 14, 1205, 39900.00, 0.00, 0.00, 0.00, 0.00, 1),
(241, 12, 1981, 100000.00, 0.00, 300000.00, 0.00, 0.00, 1),
(242, 12, 1982, 100000.00, 0.00, 0.00, 0.00, 0.00, 1),
(243, 12, 1983, 100000.00, 0.00, 0.00, 0.00, 0.00, 1),
(244, 12, 1984, 100000.00, 0.00, 0.00, 0.00, 0.00, 1),
(245, 12, 1985, 50000.00, 0.00, 0.00, 0.00, 0.00, 1),
(246, 12, 1986, 60000.00, 0.00, 0.00, 0.00, 0.00, 1),
(247, 12, 1987, 60000.00, 0.00, 0.00, 0.00, 60000.00, 1),
(248, 12, 1988, 54000.00, 0.00, 0.00, 6000.00, 0.00, 1),
(249, 12, 1989, 6000.00, 0.00, 0.00, 0.00, 0.00, 1),
(250, 15, 1832, 0.00, 48000.00, 0.00, 0.00, 0.00, 1),
(251, 15, 1833, 0.00, 58000.00, 0.00, 0.00, 0.00, 1),
(252, 15, 1834, 0.00, 68000.00, 0.00, 0.00, 0.00, 1),
(253, 15, 1835, 0.00, 78000.00, 0.00, 0.00, 0.00, 1),
(254, 15, 1836, 0.00, 88000.00, 0.00, 0.00, 0.00, 1),
(255, 15, 1831, 0.00, 0.00, 160000.00, 0.00, 0.00, 1),
(256, 16, 1831, 120000.00, 0.00, 200000.00, 0.00, 0.00, 1),
(257, 16, 1832, 100000.00, 0.00, 0.00, 0.00, 0.00, 1),
(258, 16, 1833, 100000.00, 0.00, 0.00, 0.00, 0.00, 1),
(259, 16, 1834, 100000.00, 0.00, 0.00, 0.00, 0.00, 1),
(260, 16, 1835, 100000.00, 0.00, 0.00, 0.00, 0.00, 1),
(261, 16, 1836, 120000.00, 0.00, 0.00, 0.00, 0.00, 1),
(262, 16, 1837, 108000.00, 0.00, 0.00, 12000.00, 108000.00, 1),
(263, 16, 1838, 108000.00, 0.00, 0.00, 12000.00, 0.00, 1),
(264, 16, 1839, 108000.00, 0.00, 0.00, 12000.00, 0.00, 1),
(265, 16, 1840, 108000.00, 0.00, 0.00, 12000.00, 0.00, 1),
(266, 16, 1841, 129600.00, 0.00, 0.00, 14400.00, 0.00, 1),
(267, 16, 1842, 129600.00, 0.00, 0.00, 14400.00, 0.00, 1),
(268, 16, 1843, 129600.00, 0.00, 0.00, 14400.00, 0.00, 1),
(269, 16, 1844, 129600.00, 0.00, 0.00, 14400.00, 0.00, 1),
(270, 16, 1845, 129600.00, 0.00, 0.00, 14400.00, 0.00, 1),
(271, 16, 1846, 155520.00, 0.00, 0.00, 17280.00, 0.00, 1),
(272, 16, 1847, 155520.00, 0.00, 0.00, 17280.00, 0.00, 1),
(273, 16, 1848, 155520.00, 0.00, 0.00, 17280.00, 0.00, 1),
(274, 16, 1849, 155520.00, 0.00, 0.00, 17280.00, 0.00, 1),
(275, 16, 1850, 155520.00, 0.00, 0.00, 17280.00, 0.00, 1),
(276, 16, 1851, 186624.00, 0.00, 0.00, 20736.00, 0.00, 1),
(277, 16, 1852, 186624.00, 0.00, 0.00, 20736.00, 0.00, 1),
(278, 16, 1853, 186624.00, 0.00, 0.00, 20736.00, 0.00, 1),
(279, 16, 1854, 186624.00, 0.00, 0.00, 20736.00, 0.00, 1),
(280, 16, 1855, 186624.00, 0.00, 0.00, 20736.00, 0.00, 1),
(281, 16, 1856, 223948.80, 0.00, 0.00, 24883.20, 0.00, 1),
(282, 16, 1857, 223948.80, 0.00, 0.00, 24883.20, 0.00, 1),
(283, 16, 1858, 223948.80, 0.00, 0.00, 24883.20, 0.00, 1),
(284, 16, 1859, 197433.60, 0.00, 0.00, 0.00, 0.00, 1),
(285, 17, 1859, 500.00, 0.00, 0.00, 0.00, 0.00, 1),
(286, 18, 1859, 4580.00, 0.00, 0.00, 0.00, 0.00, 1),
(291, 19, 2075, 0.00, 12.00, 0.00, 0.00, 0.00, 1),
(292, 20, 2075, 0.00, 22.00, 0.00, 0.00, 0.00, 1);

-- --------------------------------------------------------

--
-- Table structure for table `lease_schedules`
--

CREATE TABLE `lease_schedules` (
  `schedule_id` int(11) NOT NULL,
  `lease_id` int(11) NOT NULL,
  `schedule_year` year(4) NOT NULL,
  `due_date` date NOT NULL DEFAULT current_timestamp(),
  `start_date` date DEFAULT NULL,
  `end_date` date DEFAULT NULL,
  `base_amount` decimal(15,2) NOT NULL,
  `premium` decimal(10,2) NOT NULL,
  `premium_paid` decimal(10,2) NOT NULL,
  `annual_amount` decimal(15,2) NOT NULL,
  `panalty` decimal(10,2) NOT NULL,
  `paid_rent` decimal(10,2) NOT NULL,
  `discount_apply` decimal(10,2) NOT NULL,
  `total_paid` decimal(10,2) NOT NULL,
  `panalty_paid` decimal(10,2) NOT NULL,
  `revision_number` int(11) DEFAULT 0,
  `is_revision_year` tinyint(1) DEFAULT 0,
  `penalty_rate` decimal(5,2) DEFAULT 10.00,
  `status` enum('pending','paid','overdue') DEFAULT 'pending',
  `created_on` datetime DEFAULT current_timestamp(),
  `penalty_last_calc` date DEFAULT NULL,
  `penalty_updated_by` int(11) NOT NULL,
  `penalty_remarks` varchar(255) NOT NULL
) ENGINE=InnoDB DEFAULT CHARSET=utf8 COLLATE=utf8_general_ci;

--
-- Dumping data for table `lease_schedules`
--

INSERT INTO `lease_schedules` (`schedule_id`, `lease_id`, `schedule_year`, `due_date`, `start_date`, `end_date`, `base_amount`, `premium`, `premium_paid`, `annual_amount`, `panalty`, `paid_rent`, `discount_apply`, `total_paid`, `panalty_paid`, `revision_number`, `is_revision_year`, `penalty_rate`, `status`, `created_on`, `penalty_last_calc`, `penalty_updated_by`, `penalty_remarks`) VALUES
(1081, 2, '2022', '2022-03-31', '2022-09-20', '2023-09-19', 16000.00, 0.00, 0.00, 16000.00, 0.00, 0.00, 0.00, 0.00, 0.00, 0, 0, 10.00, 'pending', '2025-12-23 11:19:04', NULL, 0, ''),
(1082, 2, '2023', '2023-03-31', '2023-09-20', '2024-09-19', 16000.00, 0.00, 0.00, 16000.00, 0.00, 0.00, 0.00, 0.00, 0.00, 0, 0, 10.00, 'pending', '2025-12-23 11:19:04', NULL, 0, ''),
(1083, 2, '2024', '2024-03-31', '2024-09-20', '2025-09-19', 16000.00, 0.00, 0.00, 16000.00, 0.00, 0.00, 0.00, 0.00, 0.00, 0, 0, 10.00, 'pending', '2025-12-23 11:19:04', NULL, 0, ''),
(1084, 2, '2025', '2025-03-31', '2025-09-20', '2026-09-19', 16000.00, 0.00, 0.00, 16000.00, 4800.00, 0.00, 0.00, 0.00, 0.00, 0, 0, 10.00, 'pending', '2025-12-23 11:19:04', '2026-01-02', 0, 'Penalty calculated on 2026-01-02'),
(1085, 2, '2026', '2026-03-31', '2026-09-20', '2027-09-19', 16000.00, 0.00, 0.00, 16000.00, 0.00, 0.00, 0.00, 0.00, 0.00, 0, 0, 10.00, 'pending', '2025-12-23 11:19:04', NULL, 0, ''),
(1086, 2, '2027', '2027-03-31', '2027-09-20', '2028-09-19', 16000.00, 0.00, 0.00, 19200.00, 0.00, 0.00, 0.00, 0.00, 0.00, 1, 1, 10.00, 'pending', '2025-12-23 11:19:04', NULL, 0, ''),
(1087, 2, '2028', '2028-03-31', '2028-09-20', '2029-09-19', 16000.00, 0.00, 0.00, 19200.00, 0.00, 0.00, 0.00, 0.00, 0.00, 1, 0, 10.00, 'pending', '2025-12-23 11:19:04', NULL, 0, ''),
(1088, 2, '2029', '2029-03-31', '2029-09-20', '2030-09-19', 16000.00, 0.00, 0.00, 19200.00, 0.00, 0.00, 0.00, 0.00, 0.00, 1, 0, 10.00, 'pending', '2025-12-23 11:19:04', NULL, 0, ''),
(1089, 2, '2030', '2030-03-31', '2030-09-20', '2031-09-19', 16000.00, 0.00, 0.00, 19200.00, 0.00, 0.00, 0.00, 0.00, 0.00, 1, 0, 10.00, 'pending', '2025-12-23 11:19:04', NULL, 0, ''),
(1090, 2, '2031', '2031-03-31', '2031-09-20', '2032-09-19', 16000.00, 0.00, 0.00, 19200.00, 0.00, 0.00, 0.00, 0.00, 0.00, 1, 0, 10.00, 'pending', '2025-12-23 11:19:04', NULL, 0, ''),
(1091, 2, '2032', '2032-03-31', '2032-09-20', '2033-09-19', 16000.00, 0.00, 0.00, 23040.00, 0.00, 0.00, 0.00, 0.00, 0.00, 2, 1, 10.00, 'pending', '2025-12-23 11:19:04', NULL, 0, ''),
(1092, 2, '2033', '2033-03-31', '2033-09-20', '2034-09-19', 16000.00, 0.00, 0.00, 23040.00, 0.00, 0.00, 0.00, 0.00, 0.00, 2, 0, 10.00, 'pending', '2025-12-23 11:19:04', NULL, 0, ''),
(1093, 2, '2034', '2034-03-31', '2034-09-20', '2035-09-19', 16000.00, 0.00, 0.00, 23040.00, 0.00, 0.00, 0.00, 0.00, 0.00, 2, 0, 10.00, 'pending', '2025-12-23 11:19:04', NULL, 0, ''),
(1094, 2, '2035', '2035-03-31', '2035-09-20', '2036-09-19', 16000.00, 0.00, 0.00, 23040.00, 0.00, 0.00, 0.00, 0.00, 0.00, 2, 0, 10.00, 'pending', '2025-12-23 11:19:04', NULL, 0, ''),
(1095, 2, '2036', '2036-03-31', '2036-09-20', '2037-09-19', 16000.00, 0.00, 0.00, 23040.00, 0.00, 0.00, 0.00, 0.00, 0.00, 2, 0, 10.00, 'pending', '2025-12-23 11:19:04', NULL, 0, ''),
(1096, 2, '2037', '2037-03-31', '2037-09-20', '2038-09-19', 16000.00, 0.00, 0.00, 27648.00, 0.00, 0.00, 0.00, 0.00, 0.00, 3, 1, 10.00, 'pending', '2025-12-23 11:19:04', NULL, 0, ''),
(1097, 2, '2038', '2038-03-31', '2038-09-20', '2039-09-19', 16000.00, 0.00, 0.00, 27648.00, 0.00, 0.00, 0.00, 0.00, 0.00, 3, 0, 10.00, 'pending', '2025-12-23 11:19:04', NULL, 0, ''),
(1098, 2, '2039', '2039-03-31', '2039-09-20', '2040-09-19', 16000.00, 0.00, 0.00, 27648.00, 0.00, 0.00, 0.00, 0.00, 0.00, 3, 0, 10.00, 'pending', '2025-12-23 11:19:04', NULL, 0, ''),
(1099, 2, '2040', '2040-03-31', '2040-09-20', '2041-09-19', 16000.00, 0.00, 0.00, 27648.00, 0.00, 0.00, 0.00, 0.00, 0.00, 3, 0, 10.00, 'pending', '2025-12-23 11:19:04', NULL, 0, ''),
(1100, 2, '2041', '2041-03-31', '2041-09-20', '2042-09-19', 16000.00, 0.00, 0.00, 27648.00, 0.00, 0.00, 0.00, 0.00, 0.00, 3, 0, 10.00, 'pending', '2025-12-23 11:19:04', NULL, 0, ''),
(1101, 2, '2042', '2042-03-31', '2042-09-20', '2043-09-19', 16000.00, 0.00, 0.00, 33177.60, 0.00, 0.00, 0.00, 0.00, 0.00, 4, 1, 10.00, 'pending', '2025-12-23 11:19:04', NULL, 0, ''),
(1102, 2, '2043', '2043-03-31', '2043-09-20', '2044-09-19', 16000.00, 0.00, 0.00, 33177.60, 0.00, 0.00, 0.00, 0.00, 0.00, 4, 0, 10.00, 'pending', '2025-12-23 11:19:04', NULL, 0, ''),
(1103, 2, '2044', '2044-03-31', '2044-09-20', '2045-09-19', 16000.00, 0.00, 0.00, 33177.60, 0.00, 0.00, 0.00, 0.00, 0.00, 4, 0, 10.00, 'pending', '2025-12-23 11:19:04', NULL, 0, ''),
(1104, 2, '2045', '2045-03-31', '2045-09-20', '2046-09-19', 16000.00, 0.00, 0.00, 33177.60, 0.00, 0.00, 0.00, 0.00, 0.00, 4, 0, 10.00, 'pending', '2025-12-23 11:19:04', NULL, 0, ''),
(1105, 2, '2046', '2046-03-31', '2046-09-20', '2047-09-19', 16000.00, 0.00, 0.00, 33177.60, 0.00, 0.00, 0.00, 0.00, 0.00, 4, 0, 10.00, 'pending', '2025-12-23 11:19:04', NULL, 0, ''),
(1106, 2, '2047', '2047-03-31', '2047-09-20', '2048-09-19', 16000.00, 0.00, 0.00, 39813.12, 0.00, 0.00, 0.00, 0.00, 0.00, 5, 1, 10.00, 'pending', '2025-12-23 11:19:04', NULL, 0, ''),
(1107, 2, '2048', '2048-03-31', '2048-09-20', '2049-09-19', 16000.00, 0.00, 0.00, 39813.12, 0.00, 0.00, 0.00, 0.00, 0.00, 5, 0, 10.00, 'pending', '2025-12-23 11:19:04', NULL, 0, ''),
(1108, 2, '2049', '2049-03-31', '2049-09-20', '2050-09-19', 16000.00, 0.00, 0.00, 39813.12, 0.00, 0.00, 0.00, 0.00, 0.00, 5, 0, 10.00, 'pending', '2025-12-23 11:19:04', NULL, 0, ''),
(1109, 2, '2050', '2050-03-31', '2050-09-20', '2051-09-19', 16000.00, 0.00, 0.00, 39813.12, 0.00, 0.00, 0.00, 0.00, 0.00, 5, 0, 10.00, 'pending', '2025-12-23 11:19:04', NULL, 0, ''),
(1110, 2, '2051', '2051-03-31', '2051-09-20', '2052-09-19', 16000.00, 0.00, 0.00, 39813.12, 0.00, 0.00, 0.00, 0.00, 0.00, 5, 0, 10.00, 'pending', '2025-12-23 11:19:04', NULL, 0, ''),
(1201, 3, '2020', '2020-03-31', '2020-10-26', '2021-10-25', 210000.00, 0.00, 0.00, 210000.00, 0.00, 210000.00, 0.00, 210000.00, 0.00, 0, 0, 10.00, 'pending', '2025-12-30 18:46:11', NULL, 0, ''),
(1202, 3, '2021', '2021-03-31', '2021-10-26', '2022-10-25', 210000.00, 0.00, 0.00, 210000.00, 0.00, 210000.00, 0.00, 210000.00, 0.00, 0, 0, 10.00, 'pending', '2025-12-30 18:46:11', NULL, 0, ''),
(1203, 3, '2022', '2022-03-31', '2022-10-26', '2023-10-25', 210000.00, 0.00, 0.00, 210000.00, 0.00, 189000.00, 21000.00, 189000.00, 0.00, 0, 0, 10.00, 'pending', '2025-12-30 18:46:11', '2026-01-02', 0, 'Penalty calculated on 2026-01-02'),
(1204, 3, '2023', '2023-03-31', '2023-10-26', '2024-10-25', 210000.00, 0.00, 0.00, 210000.00, 0.00, 191100.00, 18900.00, 191100.00, 0.00, 0, 0, 10.00, 'pending', '2025-12-30 18:46:11', '2026-01-02', 0, 'Penalty calculated on 2026-01-02'),
(1205, 3, '2024', '2024-03-31', '2024-10-26', '2025-10-25', 210000.00, 0.00, 0.00, 210000.00, 0.00, 39900.00, 0.00, 39900.00, 0.00, 0, 0, 10.00, 'pending', '2025-12-30 18:46:11', '2026-01-02', 0, 'Penalty calculated on 2026-01-02'),
(1206, 3, '2025', '2025-03-31', '2025-10-26', '2026-10-25', 210000.00, 0.00, 0.00, 252000.00, 17010.00, 0.00, 0.00, 0.00, 0.00, 1, 1, 10.00, 'pending', '2025-12-30 18:46:11', '2026-01-02', 0, 'Penalty calculated on 2026-01-02'),
(1207, 3, '2026', '2026-03-31', '2026-10-26', '2027-10-25', 210000.00, 0.00, 0.00, 252000.00, 0.00, 0.00, 0.00, 0.00, 0.00, 1, 0, 10.00, 'pending', '2025-12-30 18:46:11', NULL, 0, ''),
(1208, 3, '2027', '2027-03-31', '2027-10-26', '2028-10-25', 210000.00, 0.00, 0.00, 252000.00, 0.00, 0.00, 0.00, 0.00, 0.00, 1, 0, 10.00, 'pending', '2025-12-30 18:46:11', NULL, 0, ''),
(1209, 3, '2028', '2028-03-31', '2028-10-26', '2029-10-25', 210000.00, 0.00, 0.00, 252000.00, 0.00, 0.00, 0.00, 0.00, 0.00, 1, 0, 10.00, 'pending', '2025-12-30 18:46:11', NULL, 0, ''),
(1210, 3, '2029', '2029-03-31', '2029-10-26', '2030-10-25', 210000.00, 0.00, 0.00, 252000.00, 0.00, 0.00, 0.00, 0.00, 0.00, 1, 0, 10.00, 'pending', '2025-12-30 18:46:11', NULL, 0, ''),
(1211, 3, '2030', '2030-03-31', '2030-10-26', '2031-10-25', 210000.00, 0.00, 0.00, 302400.00, 0.00, 0.00, 0.00, 0.00, 0.00, 2, 1, 10.00, 'pending', '2025-12-30 18:46:11', NULL, 0, ''),
(1212, 3, '2031', '2031-03-31', '2031-10-26', '2032-10-25', 210000.00, 0.00, 0.00, 302400.00, 0.00, 0.00, 0.00, 0.00, 0.00, 2, 0, 10.00, 'pending', '2025-12-30 18:46:11', NULL, 0, ''),
(1213, 3, '2032', '2032-03-31', '2032-10-26', '2033-10-25', 210000.00, 0.00, 0.00, 302400.00, 0.00, 0.00, 0.00, 0.00, 0.00, 2, 0, 10.00, 'pending', '2025-12-30 18:46:11', NULL, 0, ''),
(1214, 3, '2033', '2033-03-31', '2033-10-26', '2034-10-25', 210000.00, 0.00, 0.00, 302400.00, 0.00, 0.00, 0.00, 0.00, 0.00, 2, 0, 10.00, 'pending', '2025-12-30 18:46:11', NULL, 0, ''),
(1215, 3, '2034', '2034-03-31', '2034-10-26', '2035-10-25', 210000.00, 0.00, 0.00, 302400.00, 0.00, 0.00, 0.00, 0.00, 0.00, 2, 0, 10.00, 'pending', '2025-12-30 18:46:11', NULL, 0, ''),
(1216, 3, '2035', '2035-03-31', '2035-10-26', '2036-10-25', 210000.00, 0.00, 0.00, 362880.00, 0.00, 0.00, 0.00, 0.00, 0.00, 3, 1, 10.00, 'pending', '2025-12-30 18:46:11', NULL, 0, ''),
(1217, 3, '2036', '2036-03-31', '2036-10-26', '2037-10-25', 210000.00, 0.00, 0.00, 362880.00, 0.00, 0.00, 0.00, 0.00, 0.00, 3, 0, 10.00, 'pending', '2025-12-30 18:46:11', NULL, 0, ''),
(1218, 3, '2037', '2037-03-31', '2037-10-26', '2038-10-25', 210000.00, 0.00, 0.00, 362880.00, 0.00, 0.00, 0.00, 0.00, 0.00, 3, 0, 10.00, 'pending', '2025-12-30 18:46:11', NULL, 0, ''),
(1219, 3, '2038', '2038-03-31', '2038-10-26', '2039-10-25', 210000.00, 0.00, 0.00, 362880.00, 0.00, 0.00, 0.00, 0.00, 0.00, 3, 0, 10.00, 'pending', '2025-12-30 18:46:11', NULL, 0, ''),
(1220, 3, '2039', '2039-03-31', '2039-10-26', '2040-10-25', 210000.00, 0.00, 0.00, 362880.00, 0.00, 0.00, 0.00, 0.00, 0.00, 3, 0, 10.00, 'pending', '2025-12-30 18:46:11', NULL, 0, ''),
(1221, 3, '2040', '2040-03-31', '2040-10-26', '2041-10-25', 210000.00, 0.00, 0.00, 435456.00, 0.00, 0.00, 0.00, 0.00, 0.00, 4, 1, 10.00, 'pending', '2025-12-30 18:46:11', NULL, 0, ''),
(1222, 3, '2041', '2041-03-31', '2041-10-26', '2042-10-25', 210000.00, 0.00, 0.00, 435456.00, 0.00, 0.00, 0.00, 0.00, 0.00, 4, 0, 10.00, 'pending', '2025-12-30 18:46:11', NULL, 0, ''),
(1223, 3, '2042', '2042-03-31', '2042-10-26', '2043-10-25', 210000.00, 0.00, 0.00, 435456.00, 0.00, 0.00, 0.00, 0.00, 0.00, 4, 0, 10.00, 'pending', '2025-12-30 18:46:11', NULL, 0, ''),
(1224, 3, '2043', '2043-03-31', '2043-10-26', '2044-10-25', 210000.00, 0.00, 0.00, 435456.00, 0.00, 0.00, 0.00, 0.00, 0.00, 4, 0, 10.00, 'pending', '2025-12-30 18:46:11', NULL, 0, ''),
(1225, 3, '2044', '2044-03-31', '2044-10-26', '2045-10-25', 210000.00, 0.00, 0.00, 435456.00, 0.00, 0.00, 0.00, 0.00, 0.00, 4, 0, 10.00, 'pending', '2025-12-30 18:46:11', NULL, 0, ''),
(1226, 3, '2045', '2045-03-31', '2045-10-26', '2046-10-25', 210000.00, 0.00, 0.00, 522547.20, 0.00, 0.00, 0.00, 0.00, 0.00, 5, 1, 10.00, 'pending', '2025-12-30 18:46:11', NULL, 0, ''),
(1227, 3, '2046', '2046-03-31', '2046-10-26', '2047-10-25', 210000.00, 0.00, 0.00, 522547.20, 0.00, 0.00, 0.00, 0.00, 0.00, 5, 0, 10.00, 'pending', '2025-12-30 18:46:11', NULL, 0, ''),
(1228, 3, '2047', '2047-03-31', '2047-10-26', '2048-10-25', 210000.00, 0.00, 0.00, 522547.20, 0.00, 0.00, 0.00, 0.00, 0.00, 5, 0, 10.00, 'pending', '2025-12-30 18:46:11', NULL, 0, ''),
(1229, 3, '2048', '2048-03-31', '2048-10-26', '2049-10-25', 210000.00, 0.00, 0.00, 522547.20, 0.00, 0.00, 0.00, 0.00, 0.00, 5, 0, 10.00, 'pending', '2025-12-30 18:46:11', NULL, 0, ''),
(1230, 3, '2049', '2049-03-31', '2049-10-26', '2050-10-25', 210000.00, 0.00, 0.00, 522547.20, 0.00, 0.00, 0.00, 0.00, 0.00, 5, 0, 10.00, 'pending', '2025-12-30 18:46:11', NULL, 0, ''),
(1831, 5, '2019', '2019-03-31', '2019-12-23', '2020-12-22', 120000.00, 360000.00, 360000.00, 120000.00, 0.00, 120000.00, 0.00, 480000.00, 0.00, 0, 0, 10.00, 'pending', '2025-12-30 22:37:47', NULL, 0, ''),
(1832, 5, '2020', '2020-03-31', '2020-12-23', '2021-12-22', 120000.00, 0.00, 0.00, 100000.00, 48000.00, 100000.00, 0.00, 148000.00, 48000.00, 0, 0, 10.00, 'pending', '2025-12-30 22:37:47', '2026-01-01', 0, 'Penalty calculated on 2026-01-01'),
(1833, 5, '2021', '2021-03-31', '2021-12-23', '2022-12-22', 120000.00, 0.00, 0.00, 100000.00, 58000.00, 100000.00, 0.00, 158000.00, 58000.00, 0, 0, 10.00, 'pending', '2025-12-30 22:37:47', '2026-01-01', 0, 'Penalty calculated on 2026-01-01'),
(1834, 5, '2022', '2022-03-31', '2022-12-23', '2023-12-22', 120000.00, 0.00, 0.00, 100000.00, 68000.00, 100000.00, 0.00, 168000.00, 68000.00, 0, 0, 10.00, 'pending', '2025-12-30 22:37:47', '2026-01-01', 0, 'Penalty calculated on 2026-01-01'),
(1835, 5, '2023', '2023-03-31', '2023-12-23', '2024-12-22', 120000.00, 0.00, 0.00, 100000.00, 78000.00, 100000.00, 0.00, 178000.00, 78000.00, 0, 0, 10.00, 'pending', '2025-12-30 22:37:47', '2026-01-01', 0, 'Penalty calculated on 2026-01-01'),
(1836, 5, '2024', '2024-03-31', '2024-12-23', '2025-12-22', 120000.00, 0.00, 0.00, 120000.00, 88000.00, 120000.00, 0.00, 208000.00, 88000.00, 1, 1, 10.00, 'pending', '2025-12-30 22:37:47', '2026-01-01', 0, 'Penalty calculated on 2026-01-01'),
(1837, 5, '2025', '2025-03-31', '2025-12-23', '2026-12-22', 120000.00, 0.00, 0.00, 120000.00, 0.00, 108000.00, 12000.00, 108000.00, 0.00, 1, 0, 10.00, 'pending', '2025-12-30 22:37:47', NULL, 0, ''),
(1838, 5, '2026', '2026-03-31', '2026-12-23', '2027-12-22', 120000.00, 0.00, 0.00, 120000.00, 0.00, 108000.00, 12000.00, 108000.00, 0.00, 1, 0, 10.00, 'pending', '2025-12-30 22:37:47', NULL, 0, ''),
(1839, 5, '2027', '2027-03-31', '2027-12-23', '2028-12-22', 120000.00, 0.00, 0.00, 120000.00, 0.00, 108000.00, 12000.00, 108000.00, 0.00, 1, 0, 10.00, 'pending', '2025-12-30 22:37:47', NULL, 0, ''),
(1840, 5, '2028', '2028-03-31', '2028-12-23', '2029-12-22', 120000.00, 0.00, 0.00, 120000.00, 0.00, 108000.00, 12000.00, 108000.00, 0.00, 1, 0, 10.00, 'pending', '2025-12-30 22:37:47', NULL, 0, ''),
(1841, 5, '2029', '2029-03-31', '2029-12-23', '2030-12-22', 120000.00, 0.00, 0.00, 144000.00, 0.00, 129600.00, 14400.00, 129600.00, 0.00, 2, 1, 10.00, 'pending', '2025-12-30 22:37:47', NULL, 0, ''),
(1842, 5, '2030', '2030-03-31', '2030-12-23', '2031-12-22', 120000.00, 0.00, 0.00, 144000.00, 0.00, 129600.00, 14400.00, 129600.00, 0.00, 2, 0, 10.00, 'pending', '2025-12-30 22:37:47', NULL, 0, ''),
(1843, 5, '2031', '2031-03-31', '2031-12-23', '2032-12-22', 120000.00, 0.00, 0.00, 144000.00, 0.00, 129600.00, 14400.00, 129600.00, 0.00, 2, 0, 10.00, 'pending', '2025-12-30 22:37:47', NULL, 0, ''),
(1844, 5, '2032', '2032-03-31', '2032-12-23', '2033-12-22', 120000.00, 0.00, 0.00, 144000.00, 0.00, 129600.00, 14400.00, 129600.00, 0.00, 2, 0, 10.00, 'pending', '2025-12-30 22:37:47', NULL, 0, ''),
(1845, 5, '2033', '2033-03-31', '2033-12-23', '2034-12-22', 120000.00, 0.00, 0.00, 144000.00, 0.00, 129600.00, 14400.00, 129600.00, 0.00, 2, 0, 10.00, 'pending', '2025-12-30 22:37:47', NULL, 0, ''),
(1846, 5, '2034', '2034-03-31', '2034-12-23', '2035-12-22', 120000.00, 0.00, 0.00, 172800.00, 0.00, 155520.00, 17280.00, 155520.00, 0.00, 3, 1, 10.00, 'pending', '2025-12-30 22:37:47', NULL, 0, ''),
(1847, 5, '2035', '2035-03-31', '2035-12-23', '2036-12-22', 120000.00, 0.00, 0.00, 172800.00, 0.00, 155520.00, 17280.00, 155520.00, 0.00, 3, 0, 10.00, 'pending', '2025-12-30 22:37:47', NULL, 0, ''),
(1848, 5, '2036', '2036-03-31', '2036-12-23', '2037-12-22', 120000.00, 0.00, 0.00, 172800.00, 0.00, 155520.00, 17280.00, 155520.00, 0.00, 3, 0, 10.00, 'pending', '2025-12-30 22:37:48', NULL, 0, ''),
(1849, 5, '2037', '2037-03-31', '2037-12-23', '2038-12-22', 120000.00, 0.00, 0.00, 172800.00, 0.00, 155520.00, 17280.00, 155520.00, 0.00, 3, 0, 10.00, 'pending', '2025-12-30 22:37:48', NULL, 0, ''),
(1850, 5, '2038', '2038-03-31', '2038-12-23', '2039-12-22', 120000.00, 0.00, 0.00, 172800.00, 0.00, 155520.00, 17280.00, 155520.00, 0.00, 3, 0, 10.00, 'pending', '2025-12-30 22:37:48', NULL, 0, ''),
(1851, 5, '2039', '2039-03-31', '2039-12-23', '2040-12-22', 120000.00, 0.00, 0.00, 207360.00, 0.00, 186624.00, 20736.00, 186624.00, 0.00, 4, 1, 10.00, 'pending', '2025-12-30 22:37:48', NULL, 0, ''),
(1852, 5, '2040', '2040-03-31', '2040-12-23', '2041-12-22', 120000.00, 0.00, 0.00, 207360.00, 0.00, 186624.00, 20736.00, 186624.00, 0.00, 4, 0, 10.00, 'pending', '2025-12-30 22:37:48', NULL, 0, ''),
(1853, 5, '2041', '2041-03-31', '2041-12-23', '2042-12-22', 120000.00, 0.00, 0.00, 207360.00, 0.00, 186624.00, 20736.00, 186624.00, 0.00, 4, 0, 10.00, 'pending', '2025-12-30 22:37:48', NULL, 0, ''),
(1854, 5, '2042', '2042-03-31', '2042-12-23', '2043-12-22', 120000.00, 0.00, 0.00, 207360.00, 0.00, 186624.00, 20736.00, 186624.00, 0.00, 4, 0, 10.00, 'pending', '2025-12-30 22:37:48', NULL, 0, ''),
(1855, 5, '2043', '2043-03-31', '2043-12-23', '2044-12-22', 120000.00, 0.00, 0.00, 207360.00, 0.00, 186624.00, 20736.00, 186624.00, 0.00, 4, 0, 10.00, 'pending', '2025-12-30 22:37:48', NULL, 0, ''),
(1856, 5, '2044', '2044-03-31', '2044-12-23', '2045-12-22', 120000.00, 0.00, 0.00, 248832.00, 0.00, 223948.80, 24883.20, 223948.80, 0.00, 5, 1, 10.00, 'pending', '2025-12-30 22:37:48', NULL, 0, ''),
(1857, 5, '2045', '2045-03-31', '2045-12-23', '2046-12-22', 120000.00, 0.00, 0.00, 248832.00, 0.00, 223948.80, 24883.20, 223948.80, 0.00, 5, 0, 10.00, 'pending', '2025-12-30 22:37:48', NULL, 0, ''),
(1858, 5, '2046', '2046-03-31', '2046-12-23', '2047-12-22', 120000.00, 0.00, 0.00, 248832.00, 0.00, 223948.80, 24883.20, 223948.80, 0.00, 5, 0, 10.00, 'pending', '2025-12-30 22:37:48', NULL, 0, ''),
(1859, 5, '2047', '2047-03-31', '2047-12-23', '2048-12-22', 120000.00, 0.00, 0.00, 248832.00, 0.00, 202513.60, 0.00, 202513.60, 0.00, 5, 0, 10.00, 'pending', '2025-12-30 22:37:48', NULL, 0, ''),
(1860, 5, '2048', '2048-03-31', '2048-12-23', '2049-12-22', 120000.00, 0.00, 0.00, 248832.00, 0.00, 0.00, 0.00, 0.00, 0.00, 5, 0, 10.00, 'pending', '2025-12-30 22:37:48', NULL, 0, ''),
(1861, 4, '2021', '2021-03-31', '2021-01-01', '2021-12-31', 6000.00, 0.00, 0.00, 6000.00, 0.00, 0.00, 0.00, 0.00, 0.00, 0, 0, 10.00, 'pending', '2025-12-30 22:37:54', NULL, 0, 'No valuation date'),
(1862, 4, '2022', '2022-03-31', '2022-01-01', '2022-12-31', 6000.00, 0.00, 0.00, 6000.00, 0.00, 0.00, 0.00, 0.00, 0.00, 0, 0, 10.00, 'pending', '2025-12-30 22:37:54', NULL, 0, 'No valuation date'),
(1863, 4, '2023', '2023-03-31', '2023-01-01', '2023-12-31', 6000.00, 0.00, 0.00, 6000.00, 0.00, 0.00, 0.00, 0.00, 0.00, 0, 0, 10.00, 'pending', '2025-12-30 22:37:54', NULL, 0, 'No valuation date'),
(1864, 4, '2024', '2024-03-31', '2024-01-01', '2024-12-31', 6000.00, 0.00, 0.00, 6000.00, 0.00, 0.00, 0.00, 0.00, 0.00, 0, 0, 10.00, 'pending', '2025-12-30 22:37:54', NULL, 0, 'No valuation date'),
(1865, 4, '2025', '2025-03-31', '2025-01-01', '2025-12-31', 6000.00, 0.00, 0.00, 6000.00, 0.00, 0.00, 0.00, 0.00, 0.00, 0, 0, 10.00, 'pending', '2025-12-30 22:37:54', NULL, 0, 'No valuation date'),
(1866, 4, '2026', '2026-03-31', '2026-01-01', '2026-12-31', 6000.00, 0.00, 0.00, 7200.00, 0.00, 0.00, 0.00, 0.00, 0.00, 1, 1, 10.00, 'pending', '2025-12-30 22:37:54', NULL, 0, 'No valuation date'),
(1867, 4, '2027', '2027-03-31', '2027-01-01', '2027-12-31', 6000.00, 0.00, 0.00, 7200.00, 0.00, 0.00, 0.00, 0.00, 0.00, 1, 0, 10.00, 'pending', '2025-12-30 22:37:54', NULL, 0, 'No valuation date'),
(1868, 4, '2028', '2028-03-31', '2028-01-01', '2028-12-31', 6000.00, 0.00, 0.00, 7200.00, 0.00, 0.00, 0.00, 0.00, 0.00, 1, 0, 10.00, 'pending', '2025-12-30 22:37:54', NULL, 0, 'No valuation date'),
(1869, 4, '2029', '2029-03-31', '2029-01-01', '2029-12-31', 6000.00, 0.00, 0.00, 7200.00, 0.00, 0.00, 0.00, 0.00, 0.00, 1, 0, 10.00, 'pending', '2025-12-30 22:37:54', NULL, 0, 'No valuation date'),
(1870, 4, '2030', '2030-03-31', '2030-01-01', '2030-12-31', 6000.00, 0.00, 0.00, 7200.00, 0.00, 0.00, 0.00, 0.00, 0.00, 1, 0, 10.00, 'pending', '2025-12-30 22:37:54', NULL, 0, 'No valuation date'),
(1871, 4, '2031', '2031-03-31', '2031-01-01', '2031-12-31', 6000.00, 0.00, 0.00, 8640.00, 0.00, 0.00, 0.00, 0.00, 0.00, 2, 1, 10.00, 'pending', '2025-12-30 22:37:54', NULL, 0, 'No valuation date'),
(1872, 4, '2032', '2032-03-31', '2032-01-01', '2032-12-31', 6000.00, 0.00, 0.00, 8640.00, 0.00, 0.00, 0.00, 0.00, 0.00, 2, 0, 10.00, 'pending', '2025-12-30 22:37:54', NULL, 0, 'No valuation date'),
(1873, 4, '2033', '2033-03-31', '2033-01-01', '2033-12-31', 6000.00, 0.00, 0.00, 8640.00, 0.00, 0.00, 0.00, 0.00, 0.00, 2, 0, 10.00, 'pending', '2025-12-30 22:37:54', NULL, 0, 'No valuation date'),
(1874, 4, '2034', '2034-03-31', '2034-01-01', '2034-12-31', 6000.00, 0.00, 0.00, 8640.00, 0.00, 0.00, 0.00, 0.00, 0.00, 2, 0, 10.00, 'pending', '2025-12-30 22:37:54', NULL, 0, 'No valuation date'),
(1875, 4, '2035', '2035-03-31', '2035-01-01', '2035-12-31', 6000.00, 0.00, 0.00, 8640.00, 0.00, 0.00, 0.00, 0.00, 0.00, 2, 0, 10.00, 'pending', '2025-12-30 22:37:54', NULL, 0, 'No valuation date'),
(1876, 4, '2036', '2036-03-31', '2036-01-01', '2036-12-31', 6000.00, 0.00, 0.00, 10368.00, 0.00, 0.00, 0.00, 0.00, 0.00, 3, 1, 10.00, 'pending', '2025-12-30 22:37:54', NULL, 0, 'No valuation date'),
(1877, 4, '2037', '2037-03-31', '2037-01-01', '2037-12-31', 6000.00, 0.00, 0.00, 10368.00, 0.00, 0.00, 0.00, 0.00, 0.00, 3, 0, 10.00, 'pending', '2025-12-30 22:37:54', NULL, 0, 'No valuation date'),
(1878, 4, '2038', '2038-03-31', '2038-01-01', '2038-12-31', 6000.00, 0.00, 0.00, 10368.00, 0.00, 0.00, 0.00, 0.00, 0.00, 3, 0, 10.00, 'pending', '2025-12-30 22:37:54', NULL, 0, 'No valuation date'),
(1879, 4, '2039', '2039-03-31', '2039-01-01', '2039-12-31', 6000.00, 0.00, 0.00, 10368.00, 0.00, 0.00, 0.00, 0.00, 0.00, 3, 0, 10.00, 'pending', '2025-12-30 22:37:54', NULL, 0, 'No valuation date'),
(1880, 4, '2040', '2040-03-31', '2040-01-01', '2040-12-31', 6000.00, 0.00, 0.00, 10368.00, 0.00, 0.00, 0.00, 0.00, 0.00, 3, 0, 10.00, 'pending', '2025-12-30 22:37:54', NULL, 0, 'No valuation date'),
(1881, 4, '2041', '2041-03-31', '2041-01-01', '2041-12-31', 6000.00, 0.00, 0.00, 12441.60, 0.00, 0.00, 0.00, 0.00, 0.00, 4, 1, 10.00, 'pending', '2025-12-30 22:37:54', NULL, 0, 'No valuation date'),
(1882, 4, '2042', '2042-03-31', '2042-01-01', '2042-12-31', 6000.00, 0.00, 0.00, 12441.60, 0.00, 0.00, 0.00, 0.00, 0.00, 4, 0, 10.00, 'pending', '2025-12-30 22:37:54', NULL, 0, 'No valuation date'),
(1883, 4, '2043', '2043-03-31', '2043-01-01', '2043-12-31', 6000.00, 0.00, 0.00, 12441.60, 0.00, 0.00, 0.00, 0.00, 0.00, 4, 0, 10.00, 'pending', '2025-12-30 22:37:54', NULL, 0, 'No valuation date'),
(1884, 4, '2044', '2044-03-31', '2044-01-01', '2044-12-31', 6000.00, 0.00, 0.00, 12441.60, 0.00, 0.00, 0.00, 0.00, 0.00, 4, 0, 10.00, 'pending', '2025-12-30 22:37:54', NULL, 0, 'No valuation date'),
(1885, 4, '2045', '2045-03-31', '2045-01-01', '2045-12-31', 6000.00, 0.00, 0.00, 12441.60, 0.00, 0.00, 0.00, 0.00, 0.00, 4, 0, 10.00, 'pending', '2025-12-30 22:37:54', NULL, 0, 'No valuation date'),
(1886, 4, '2046', '2046-03-31', '2046-01-01', '2046-12-31', 6000.00, 0.00, 0.00, 14929.92, 0.00, 0.00, 0.00, 0.00, 0.00, 5, 1, 10.00, 'pending', '2025-12-30 22:37:54', NULL, 0, 'No valuation date'),
(1887, 4, '2047', '2047-03-31', '2047-01-01', '2047-12-31', 6000.00, 0.00, 0.00, 14929.92, 0.00, 0.00, 0.00, 0.00, 0.00, 5, 0, 10.00, 'pending', '2025-12-30 22:37:54', NULL, 0, 'No valuation date'),
(1888, 4, '2048', '2048-03-31', '2048-01-01', '2048-12-31', 6000.00, 0.00, 0.00, 14929.92, 0.00, 0.00, 0.00, 0.00, 0.00, 5, 0, 10.00, 'pending', '2025-12-30 22:37:54', NULL, 0, 'No valuation date'),
(1889, 4, '2049', '2049-03-31', '2049-01-01', '2049-12-31', 6000.00, 0.00, 0.00, 14929.92, 0.00, 0.00, 0.00, 0.00, 0.00, 5, 0, 10.00, 'pending', '2025-12-30 22:37:54', NULL, 0, 'No valuation date'),
(1890, 4, '2050', '2050-03-31', '2050-01-01', '2050-12-31', 6000.00, 0.00, 0.00, 14929.92, 0.00, 0.00, 0.00, 0.00, 0.00, 5, 0, 10.00, 'pending', '2025-12-30 22:37:54', NULL, 0, 'No valuation date'),
(1921, 6, '2017', '2017-03-31', '2017-01-01', '2017-12-31', 120000.00, 360000.00, 0.00, 120000.00, 0.00, 0.00, 0.00, 0.00, 0.00, 0, 0, 10.00, 'pending', '2025-12-30 22:45:06', NULL, 0, ''),
(1922, 6, '2018', '2018-03-31', '2018-01-01', '2018-12-31', 120000.00, 0.00, 0.00, 120000.00, 0.00, 0.00, 0.00, 0.00, 0.00, 0, 0, 10.00, 'pending', '2025-12-30 22:45:06', NULL, 0, ''),
(1923, 6, '2019', '2019-03-31', '2019-01-01', '2019-12-31', 120000.00, 0.00, 0.00, 120000.00, 0.00, 0.00, 0.00, 0.00, 0.00, 0, 0, 10.00, 'pending', '2025-12-30 22:45:06', NULL, 0, ''),
(1924, 6, '2020', '2020-03-31', '2020-01-01', '2020-12-31', 120000.00, 0.00, 0.00, 100000.00, 0.00, 0.00, 0.00, 0.00, 0.00, 0, 0, 10.00, 'pending', '2025-12-30 22:45:06', NULL, 0, ''),
(1925, 6, '2021', '2021-03-31', '2021-01-01', '2021-12-31', 120000.00, 0.00, 0.00, 100000.00, 0.00, 0.00, 0.00, 0.00, 0.00, 0, 0, 10.00, 'pending', '2025-12-30 22:45:06', NULL, 0, ''),
(1926, 6, '2022', '2022-03-31', '2022-01-01', '2022-12-31', 120000.00, 0.00, 0.00, 120000.00, 0.00, 0.00, 0.00, 0.00, 0.00, 1, 1, 10.00, 'pending', '2025-12-30 22:45:06', NULL, 0, ''),
(1927, 6, '2023', '2023-03-31', '2023-01-01', '2023-12-31', 120000.00, 0.00, 0.00, 120000.00, 0.00, 0.00, 0.00, 0.00, 0.00, 1, 0, 10.00, 'pending', '2025-12-30 22:45:06', NULL, 0, ''),
(1928, 6, '2024', '2024-03-31', '2024-01-01', '2024-12-31', 120000.00, 0.00, 0.00, 120000.00, 0.00, 0.00, 0.00, 0.00, 0.00, 1, 0, 10.00, 'pending', '2025-12-30 22:45:06', NULL, 0, ''),
(1929, 6, '2025', '2025-03-31', '2025-01-01', '2025-12-31', 120000.00, 0.00, 0.00, 120000.00, 0.00, 0.00, 0.00, 0.00, 0.00, 1, 0, 10.00, 'pending', '2025-12-30 22:45:06', NULL, 0, ''),
(1930, 6, '2026', '2026-03-31', '2026-01-01', '2026-12-31', 120000.00, 0.00, 0.00, 120000.00, 0.00, 0.00, 0.00, 0.00, 0.00, 1, 0, 10.00, 'pending', '2025-12-30 22:45:06', NULL, 0, ''),
(1931, 6, '2027', '2027-03-31', '2027-01-01', '2027-12-31', 120000.00, 0.00, 0.00, 144000.00, 0.00, 0.00, 0.00, 0.00, 0.00, 2, 1, 10.00, 'pending', '2025-12-30 22:45:06', NULL, 0, ''),
(1932, 6, '2028', '2028-03-31', '2028-01-01', '2028-12-31', 120000.00, 0.00, 0.00, 144000.00, 0.00, 0.00, 0.00, 0.00, 0.00, 2, 0, 10.00, 'pending', '2025-12-30 22:45:06', NULL, 0, ''),
(1933, 6, '2029', '2029-03-31', '2029-01-01', '2029-12-31', 120000.00, 0.00, 0.00, 144000.00, 0.00, 0.00, 0.00, 0.00, 0.00, 2, 0, 10.00, 'pending', '2025-12-30 22:45:06', NULL, 0, ''),
(1934, 6, '2030', '2030-03-31', '2030-01-01', '2030-12-31', 120000.00, 0.00, 0.00, 144000.00, 0.00, 0.00, 0.00, 0.00, 0.00, 2, 0, 10.00, 'pending', '2025-12-30 22:45:06', NULL, 0, ''),
(1935, 6, '2031', '2031-03-31', '2031-01-01', '2031-12-31', 120000.00, 0.00, 0.00, 144000.00, 0.00, 0.00, 0.00, 0.00, 0.00, 2, 0, 10.00, 'pending', '2025-12-30 22:45:06', NULL, 0, ''),
(1936, 6, '2032', '2032-03-31', '2032-01-01', '2032-12-31', 120000.00, 0.00, 0.00, 172800.00, 0.00, 0.00, 0.00, 0.00, 0.00, 3, 1, 10.00, 'pending', '2025-12-30 22:45:06', NULL, 0, ''),
(1937, 6, '2033', '2033-03-31', '2033-01-01', '2033-12-31', 120000.00, 0.00, 0.00, 172800.00, 0.00, 0.00, 0.00, 0.00, 0.00, 3, 0, 10.00, 'pending', '2025-12-30 22:45:06', NULL, 0, ''),
(1938, 6, '2034', '2034-03-31', '2034-01-01', '2034-12-31', 120000.00, 0.00, 0.00, 172800.00, 0.00, 0.00, 0.00, 0.00, 0.00, 3, 0, 10.00, 'pending', '2025-12-30 22:45:06', NULL, 0, ''),
(1939, 6, '2035', '2035-03-31', '2035-01-01', '2035-12-31', 120000.00, 0.00, 0.00, 172800.00, 0.00, 0.00, 0.00, 0.00, 0.00, 3, 0, 10.00, 'pending', '2025-12-30 22:45:06', NULL, 0, ''),
(1940, 6, '2036', '2036-03-31', '2036-01-01', '2036-12-31', 120000.00, 0.00, 0.00, 172800.00, 0.00, 0.00, 0.00, 0.00, 0.00, 3, 0, 10.00, 'pending', '2025-12-30 22:45:06', NULL, 0, ''),
(1941, 6, '2037', '2037-03-31', '2037-01-01', '2037-12-31', 120000.00, 0.00, 0.00, 207360.00, 0.00, 0.00, 0.00, 0.00, 0.00, 4, 1, 10.00, 'pending', '2025-12-30 22:45:06', NULL, 0, ''),
(1942, 6, '2038', '2038-03-31', '2038-01-01', '2038-12-31', 120000.00, 0.00, 0.00, 207360.00, 0.00, 0.00, 0.00, 0.00, 0.00, 4, 0, 10.00, 'pending', '2025-12-30 22:45:06', NULL, 0, ''),
(1943, 6, '2039', '2039-03-31', '2039-01-01', '2039-12-31', 120000.00, 0.00, 0.00, 207360.00, 0.00, 0.00, 0.00, 0.00, 0.00, 4, 0, 10.00, 'pending', '2025-12-30 22:45:06', NULL, 0, ''),
(1944, 6, '2040', '2040-03-31', '2040-01-01', '2040-12-31', 120000.00, 0.00, 0.00, 207360.00, 0.00, 0.00, 0.00, 0.00, 0.00, 4, 0, 10.00, 'pending', '2025-12-30 22:45:06', NULL, 0, ''),
(1945, 6, '2041', '2041-03-31', '2041-01-01', '2041-12-31', 120000.00, 0.00, 0.00, 207360.00, 0.00, 0.00, 0.00, 0.00, 0.00, 4, 0, 10.00, 'pending', '2025-12-30 22:45:06', NULL, 0, ''),
(1946, 6, '2042', '2042-03-31', '2042-01-01', '2042-12-31', 120000.00, 0.00, 0.00, 248832.00, 0.00, 0.00, 0.00, 0.00, 0.00, 5, 1, 10.00, 'pending', '2025-12-30 22:45:06', NULL, 0, ''),
(1947, 6, '2043', '2043-03-31', '2043-01-01', '2043-12-31', 120000.00, 0.00, 0.00, 248832.00, 0.00, 0.00, 0.00, 0.00, 0.00, 5, 0, 10.00, 'pending', '2025-12-30 22:45:06', NULL, 0, ''),
(1948, 6, '2044', '2044-03-31', '2044-01-01', '2044-12-31', 120000.00, 0.00, 0.00, 248832.00, 0.00, 0.00, 0.00, 0.00, 0.00, 5, 0, 10.00, 'pending', '2025-12-30 22:45:06', NULL, 0, ''),
(1949, 6, '2045', '2045-03-31', '2045-01-01', '2045-12-31', 120000.00, 0.00, 0.00, 248832.00, 0.00, 0.00, 0.00, 0.00, 0.00, 5, 0, 10.00, 'pending', '2025-12-30 22:45:06', NULL, 0, ''),
(1950, 6, '2046', '2046-03-31', '2046-01-01', '2046-12-31', 120000.00, 0.00, 0.00, 248832.00, 0.00, 0.00, 0.00, 0.00, 0.00, 5, 0, 10.00, 'pending', '2025-12-30 22:45:06', NULL, 0, ''),
(1951, 7, '2017', '2017-03-31', '2017-01-01', '2017-12-31', 120000.00, 360000.00, 0.00, 120000.00, 0.00, 0.00, 0.00, 0.00, 0.00, 0, 0, 10.00, 'pending', '2025-12-30 22:46:57', NULL, 0, 'No valuation date'),
(1952, 7, '2018', '2018-03-31', '2018-01-01', '2018-12-31', 120000.00, 0.00, 0.00, 120000.00, 0.00, 0.00, 0.00, 0.00, 0.00, 0, 0, 10.00, 'pending', '2025-12-30 22:46:57', NULL, 0, 'No valuation date'),
(1953, 7, '2019', '2019-03-31', '2019-01-01', '2019-12-31', 120000.00, 0.00, 0.00, 120000.00, 0.00, 0.00, 0.00, 0.00, 0.00, 0, 0, 10.00, 'pending', '2025-12-30 22:46:57', NULL, 0, 'No valuation date'),
(1954, 7, '2020', '2020-03-31', '2020-01-01', '2020-12-31', 120000.00, 0.00, 0.00, 120000.00, 0.00, 0.00, 0.00, 0.00, 0.00, 0, 0, 10.00, 'pending', '2025-12-30 22:46:57', NULL, 0, 'No valuation date'),
(1955, 7, '2021', '2021-03-31', '2021-01-01', '2021-12-31', 120000.00, 0.00, 0.00, 120000.00, 0.00, 0.00, 0.00, 0.00, 0.00, 0, 0, 10.00, 'pending', '2025-12-30 22:46:57', NULL, 0, 'No valuation date'),
(1956, 7, '2022', '2022-03-31', '2022-01-01', '2022-12-31', 120000.00, 0.00, 0.00, 144000.00, 0.00, 0.00, 0.00, 0.00, 0.00, 1, 1, 10.00, 'pending', '2025-12-30 22:46:57', NULL, 0, 'No valuation date'),
(1957, 7, '2023', '2023-03-31', '2023-01-01', '2023-12-31', 120000.00, 0.00, 0.00, 144000.00, 0.00, 0.00, 0.00, 0.00, 0.00, 1, 0, 10.00, 'pending', '2025-12-30 22:46:57', NULL, 0, 'No valuation date'),
(1958, 7, '2024', '2024-03-31', '2024-01-01', '2024-12-31', 120000.00, 0.00, 0.00, 144000.00, 0.00, 0.00, 0.00, 0.00, 0.00, 1, 0, 10.00, 'pending', '2025-12-30 22:46:57', NULL, 0, 'No valuation date'),
(1959, 7, '2025', '2025-03-31', '2025-01-01', '2025-12-31', 120000.00, 0.00, 0.00, 144000.00, 0.00, 0.00, 0.00, 0.00, 0.00, 1, 0, 10.00, 'pending', '2025-12-30 22:46:57', NULL, 0, 'No valuation date'),
(1960, 7, '2026', '2026-03-31', '2026-01-01', '2026-12-31', 120000.00, 0.00, 0.00, 144000.00, 0.00, 0.00, 0.00, 0.00, 0.00, 1, 0, 10.00, 'pending', '2025-12-30 22:46:57', NULL, 0, 'No valuation date'),
(1961, 7, '2027', '2027-03-31', '2027-01-01', '2027-12-31', 120000.00, 0.00, 0.00, 172800.00, 0.00, 0.00, 0.00, 0.00, 0.00, 2, 1, 10.00, 'pending', '2025-12-30 22:46:57', NULL, 0, 'No valuation date'),
(1962, 7, '2028', '2028-03-31', '2028-01-01', '2028-12-31', 120000.00, 0.00, 0.00, 172800.00, 0.00, 0.00, 0.00, 0.00, 0.00, 2, 0, 10.00, 'pending', '2025-12-30 22:46:57', NULL, 0, 'No valuation date'),
(1963, 7, '2029', '2029-03-31', '2029-01-01', '2029-12-31', 120000.00, 0.00, 0.00, 172800.00, 0.00, 0.00, 0.00, 0.00, 0.00, 2, 0, 10.00, 'pending', '2025-12-30 22:46:57', NULL, 0, 'No valuation date'),
(1964, 7, '2030', '2030-03-31', '2030-01-01', '2030-12-31', 120000.00, 0.00, 0.00, 172800.00, 0.00, 0.00, 0.00, 0.00, 0.00, 2, 0, 10.00, 'pending', '2025-12-30 22:46:57', NULL, 0, 'No valuation date'),
(1965, 7, '2031', '2031-03-31', '2031-01-01', '2031-12-31', 120000.00, 0.00, 0.00, 172800.00, 0.00, 0.00, 0.00, 0.00, 0.00, 2, 0, 10.00, 'pending', '2025-12-30 22:46:57', NULL, 0, 'No valuation date'),
(1966, 7, '2032', '2032-03-31', '2032-01-01', '2032-12-31', 120000.00, 0.00, 0.00, 207360.00, 0.00, 0.00, 0.00, 0.00, 0.00, 3, 1, 10.00, 'pending', '2025-12-30 22:46:57', NULL, 0, 'No valuation date'),
(1967, 7, '2033', '2033-03-31', '2033-01-01', '2033-12-31', 120000.00, 0.00, 0.00, 207360.00, 0.00, 0.00, 0.00, 0.00, 0.00, 3, 0, 10.00, 'pending', '2025-12-30 22:46:57', NULL, 0, 'No valuation date'),
(1968, 7, '2034', '2034-03-31', '2034-01-01', '2034-12-31', 120000.00, 0.00, 0.00, 207360.00, 0.00, 0.00, 0.00, 0.00, 0.00, 3, 0, 10.00, 'pending', '2025-12-30 22:46:57', NULL, 0, 'No valuation date'),
(1969, 7, '2035', '2035-03-31', '2035-01-01', '2035-12-31', 120000.00, 0.00, 0.00, 207360.00, 0.00, 0.00, 0.00, 0.00, 0.00, 3, 0, 10.00, 'pending', '2025-12-30 22:46:57', NULL, 0, 'No valuation date'),
(1970, 7, '2036', '2036-03-31', '2036-01-01', '2036-12-31', 120000.00, 0.00, 0.00, 207360.00, 0.00, 0.00, 0.00, 0.00, 0.00, 3, 0, 10.00, 'pending', '2025-12-30 22:46:57', NULL, 0, 'No valuation date'),
(1971, 7, '2037', '2037-03-31', '2037-01-01', '2037-12-31', 120000.00, 0.00, 0.00, 248832.00, 0.00, 0.00, 0.00, 0.00, 0.00, 4, 1, 10.00, 'pending', '2025-12-30 22:46:57', NULL, 0, 'No valuation date'),
(1972, 7, '2038', '2038-03-31', '2038-01-01', '2038-12-31', 120000.00, 0.00, 0.00, 248832.00, 0.00, 0.00, 0.00, 0.00, 0.00, 4, 0, 10.00, 'pending', '2025-12-30 22:46:57', NULL, 0, 'No valuation date'),
(1973, 7, '2039', '2039-03-31', '2039-01-01', '2039-12-31', 120000.00, 0.00, 0.00, 248832.00, 0.00, 0.00, 0.00, 0.00, 0.00, 4, 0, 10.00, 'pending', '2025-12-30 22:46:57', NULL, 0, 'No valuation date'),
(1974, 7, '2040', '2040-03-31', '2040-01-01', '2040-12-31', 120000.00, 0.00, 0.00, 248832.00, 0.00, 0.00, 0.00, 0.00, 0.00, 4, 0, 10.00, 'pending', '2025-12-30 22:46:57', NULL, 0, 'No valuation date'),
(1975, 7, '2041', '2041-03-31', '2041-01-01', '2041-12-31', 120000.00, 0.00, 0.00, 248832.00, 0.00, 0.00, 0.00, 0.00, 0.00, 4, 0, 10.00, 'pending', '2025-12-30 22:46:57', NULL, 0, 'No valuation date'),
(1976, 7, '2042', '2042-03-31', '2042-01-01', '2042-12-31', 120000.00, 0.00, 0.00, 298598.40, 0.00, 0.00, 0.00, 0.00, 0.00, 5, 1, 10.00, 'pending', '2025-12-30 22:46:57', NULL, 0, 'No valuation date'),
(1977, 7, '2043', '2043-03-31', '2043-01-01', '2043-12-31', 120000.00, 0.00, 0.00, 298598.40, 0.00, 0.00, 0.00, 0.00, 0.00, 5, 0, 10.00, 'pending', '2025-12-30 22:46:57', NULL, 0, 'No valuation date'),
(1978, 7, '2044', '2044-03-31', '2044-01-01', '2044-12-31', 120000.00, 0.00, 0.00, 298598.40, 0.00, 0.00, 0.00, 0.00, 0.00, 5, 0, 10.00, 'pending', '2025-12-30 22:46:57', NULL, 0, 'No valuation date'),
(1979, 7, '2045', '2045-03-31', '2045-01-01', '2045-12-31', 120000.00, 0.00, 0.00, 298598.40, 0.00, 0.00, 0.00, 0.00, 0.00, 5, 0, 10.00, 'pending', '2025-12-30 22:46:57', NULL, 0, 'No valuation date'),
(1980, 7, '2046', '2046-03-31', '2046-01-01', '2046-12-31', 120000.00, 0.00, 0.00, 298598.40, 0.00, 0.00, 0.00, 0.00, 0.00, 5, 0, 10.00, 'pending', '2025-12-30 22:46:57', NULL, 0, 'No valuation date'),
(1981, 1, '2016', '2016-03-31', '2016-07-07', '2017-07-06', 100000.00, 300000.00, 300000.00, 100000.00, 0.00, 100000.00, 0.00, 400000.00, 0.00, 0, 0, 10.00, 'pending', '2025-12-31 10:10:02', NULL, 0, ''),
(1982, 1, '2017', '2017-03-31', '2017-07-07', '2018-07-06', 100000.00, 0.00, 0.00, 100000.00, 0.00, 100000.00, 0.00, 100000.00, 0.00, 0, 0, 10.00, 'pending', '2025-12-31 10:10:02', NULL, 0, ''),
(1983, 1, '2018', '2018-03-31', '2018-07-07', '2019-07-06', 100000.00, 0.00, 0.00, 100000.00, 0.00, 100000.00, 0.00, 100000.00, 0.00, 0, 0, 10.00, 'pending', '2025-12-31 10:10:02', NULL, 0, ''),
(1984, 1, '2019', '2019-03-31', '2019-07-07', '2020-07-06', 100000.00, 0.00, 0.00, 100000.00, 0.00, 100000.00, 0.00, 100000.00, 0.00, 0, 0, 10.00, 'pending', '2025-12-31 10:10:02', NULL, 0, ''),
(1985, 1, '2020', '2020-03-31', '2020-07-07', '2021-07-06', 100000.00, 0.00, 0.00, 50000.00, 0.00, 50000.00, 0.00, 50000.00, 0.00, 0, 0, 10.00, 'pending', '2025-12-31 10:10:02', NULL, 0, ''),
(1986, 1, '2021', '2021-03-31', '2021-07-07', '2022-07-06', 100000.00, 0.00, 0.00, 60000.00, 0.00, 60000.00, 0.00, 60000.00, 0.00, 1, 1, 10.00, 'pending', '2025-12-31 10:10:02', NULL, 0, ''),
(1987, 1, '2022', '2022-03-31', '2022-07-07', '2023-07-06', 100000.00, 0.00, 0.00, 60000.00, 0.00, 60000.00, 0.00, 60000.00, 0.00, 1, 0, 10.00, 'pending', '2025-12-31 10:10:02', NULL, 0, ''),
(1988, 1, '2023', '2023-03-31', '2023-07-07', '2024-07-06', 100000.00, 0.00, 0.00, 60000.00, 0.00, 54000.00, 6000.00, 54000.00, 0.00, 1, 0, 10.00, 'pending', '2025-12-31 10:10:02', NULL, 0, ''),
(1989, 1, '2024', '2024-03-31', '2024-07-07', '2025-07-06', 100000.00, 0.00, 0.00, 60000.00, 0.00, 6000.00, 0.00, 6000.00, 0.00, 1, 0, 10.00, 'pending', '2025-12-31 10:10:02', '2026-01-02', 0, 'Penalty calculated on 2026-01-02'),
(1990, 1, '2025', '2025-03-31', '2025-07-07', '2026-07-06', 100000.00, 0.00, 0.00, 60000.00, 5400.00, 0.00, 0.00, 0.00, 0.00, 1, 0, 10.00, 'pending', '2025-12-31 10:10:02', '2026-01-02', 0, 'Penalty calculated on 2026-01-02'),
(1991, 1, '2026', '2026-03-31', '2026-07-07', '2027-07-06', 100000.00, 0.00, 0.00, 72000.00, 0.00, 0.00, 0.00, 0.00, 0.00, 2, 1, 10.00, 'pending', '2025-12-31 10:10:02', NULL, 0, ''),
(1992, 1, '2027', '2027-03-31', '2027-07-07', '2028-07-06', 100000.00, 0.00, 0.00, 72000.00, 0.00, 0.00, 0.00, 0.00, 0.00, 2, 0, 10.00, 'pending', '2025-12-31 10:10:02', NULL, 0, ''),
(1993, 1, '2028', '2028-03-31', '2028-07-07', '2029-07-06', 100000.00, 0.00, 0.00, 72000.00, 0.00, 0.00, 0.00, 0.00, 0.00, 2, 0, 10.00, 'pending', '2025-12-31 10:10:02', NULL, 0, ''),
(1994, 1, '2029', '2029-03-31', '2029-07-07', '2030-07-06', 100000.00, 0.00, 0.00, 72000.00, 0.00, 0.00, 0.00, 0.00, 0.00, 2, 0, 10.00, 'pending', '2025-12-31 10:10:02', NULL, 0, ''),
(1995, 1, '2030', '2030-03-31', '2030-07-07', '2031-07-06', 100000.00, 0.00, 0.00, 72000.00, 0.00, 0.00, 0.00, 0.00, 0.00, 2, 0, 10.00, 'pending', '2025-12-31 10:10:02', NULL, 0, ''),
(1996, 1, '2031', '2031-03-31', '2031-07-07', '2032-07-06', 100000.00, 0.00, 0.00, 86400.00, 0.00, 0.00, 0.00, 0.00, 0.00, 3, 1, 10.00, 'pending', '2025-12-31 10:10:02', NULL, 0, ''),
(1997, 1, '2032', '2032-03-31', '2032-07-07', '2033-07-06', 100000.00, 0.00, 0.00, 86400.00, 0.00, 0.00, 0.00, 0.00, 0.00, 3, 0, 10.00, 'pending', '2025-12-31 10:10:02', NULL, 0, ''),
(1998, 1, '2033', '2033-03-31', '2033-07-07', '2034-07-06', 100000.00, 0.00, 0.00, 86400.00, 0.00, 0.00, 0.00, 0.00, 0.00, 3, 0, 10.00, 'pending', '2025-12-31 10:10:02', NULL, 0, ''),
(1999, 1, '2034', '2034-03-31', '2034-07-07', '2035-07-06', 100000.00, 0.00, 0.00, 86400.00, 0.00, 0.00, 0.00, 0.00, 0.00, 3, 0, 10.00, 'pending', '2025-12-31 10:10:02', NULL, 0, ''),
(2000, 1, '2035', '2035-03-31', '2035-07-07', '2036-07-06', 100000.00, 0.00, 0.00, 86400.00, 0.00, 0.00, 0.00, 0.00, 0.00, 3, 0, 10.00, 'pending', '2025-12-31 10:10:02', NULL, 0, ''),
(2001, 1, '2036', '2036-03-31', '2036-07-07', '2037-07-06', 100000.00, 0.00, 0.00, 103680.00, 0.00, 0.00, 0.00, 0.00, 0.00, 4, 1, 10.00, 'pending', '2025-12-31 10:10:02', NULL, 0, ''),
(2002, 1, '2037', '2037-03-31', '2037-07-07', '2038-07-06', 100000.00, 0.00, 0.00, 103680.00, 0.00, 0.00, 0.00, 0.00, 0.00, 4, 0, 10.00, 'pending', '2025-12-31 10:10:02', NULL, 0, ''),
(2003, 1, '2038', '2038-03-31', '2038-07-07', '2039-07-06', 100000.00, 0.00, 0.00, 103680.00, 0.00, 0.00, 0.00, 0.00, 0.00, 4, 0, 10.00, 'pending', '2025-12-31 10:10:02', NULL, 0, ''),
(2004, 1, '2039', '2039-03-31', '2039-07-07', '2040-07-06', 100000.00, 0.00, 0.00, 103680.00, 0.00, 0.00, 0.00, 0.00, 0.00, 4, 0, 10.00, 'pending', '2025-12-31 10:10:02', NULL, 0, ''),
(2005, 1, '2040', '2040-03-31', '2040-07-07', '2041-07-06', 100000.00, 0.00, 0.00, 103680.00, 0.00, 0.00, 0.00, 0.00, 0.00, 4, 0, 10.00, 'pending', '2025-12-31 10:10:02', NULL, 0, ''),
(2006, 1, '2041', '2041-03-31', '2041-07-07', '2042-07-06', 100000.00, 0.00, 0.00, 124416.00, 0.00, 0.00, 0.00, 0.00, 0.00, 5, 1, 10.00, 'pending', '2025-12-31 10:10:02', NULL, 0, ''),
(2007, 1, '2042', '2042-03-31', '2042-07-07', '2043-07-06', 100000.00, 0.00, 0.00, 124416.00, 0.00, 0.00, 0.00, 0.00, 0.00, 5, 0, 10.00, 'pending', '2025-12-31 10:10:02', NULL, 0, ''),
(2008, 1, '2043', '2043-03-31', '2043-07-07', '2044-07-06', 100000.00, 0.00, 0.00, 124416.00, 0.00, 0.00, 0.00, 0.00, 0.00, 5, 0, 10.00, 'pending', '2025-12-31 10:10:02', NULL, 0, ''),
(2009, 1, '2044', '2044-03-31', '2044-07-07', '2045-07-06', 100000.00, 0.00, 0.00, 124416.00, 0.00, 0.00, 0.00, 0.00, 0.00, 5, 0, 10.00, 'pending', '2025-12-31 10:10:02', NULL, 0, ''),
(2010, 1, '2045', '2045-03-31', '2045-07-07', '2046-07-06', 100000.00, 0.00, 0.00, 124416.00, 0.00, 0.00, 0.00, 0.00, 0.00, 5, 0, 10.00, 'pending', '2025-12-31 10:10:02', NULL, 0, ''),
(2071, 8, '2020', '2020-03-31', '2020-01-01', '2020-12-31', 244.44, 0.00, 0.00, 244.44, 0.00, 0.00, 0.00, 0.00, 0.00, 0, 0, 10.00, 'pending', '2026-01-02 15:33:29', NULL, 0, ''),
(2072, 8, '2021', '2021-03-31', '2021-01-01', '2021-12-31', 244.44, 0.00, 0.00, 244.44, 0.00, 0.00, 0.00, 0.00, 0.00, 0, 0, 10.00, 'pending', '2026-01-02 15:33:29', NULL, 0, ''),
(2073, 8, '2022', '2022-03-31', '2022-01-01', '2022-12-31', 244.44, 0.00, 0.00, 244.44, 0.00, 0.00, 0.00, 0.00, 0.00, 0, 0, 10.00, 'pending', '2026-01-02 15:33:29', NULL, 0, ''),
(2074, 8, '2023', '2023-03-31', '2023-01-01', '2023-12-31', 244.44, 0.00, 0.00, 244.44, 0.00, 0.00, 0.00, 0.00, 0.00, 0, 0, 10.00, 'pending', '2026-01-02 15:33:29', NULL, 0, ''),
(2075, 8, '2024', '2024-03-31', '2024-01-01', '2024-12-31', 244.44, 0.00, 0.00, 244.44, 34.00, 0.00, 0.00, 34.00, 34.00, 0, 0, 10.00, 'pending', '2026-01-02 15:33:29', '2026-01-02', 1, 'Penalty calculated on 2026-01-02'),
(2076, 8, '2025', '2025-03-31', '2025-01-01', '2025-12-31', 244.44, 0.00, 0.00, 293.33, 122.22, 0.00, 0.00, 0.00, 0.00, 1, 1, 10.00, 'pending', '2026-01-02 15:33:29', '2026-01-02', 0, 'Penalty calculated on 2026-01-02'),
(2077, 8, '2026', '2026-03-31', '2026-01-01', '2026-12-31', 244.44, 0.00, 0.00, 293.33, 0.00, 0.00, 0.00, 0.00, 0.00, 1, 0, 10.00, 'pending', '2026-01-02 15:33:29', NULL, 0, ''),
(2078, 8, '2027', '2027-03-31', '2027-01-01', '2027-12-31', 244.44, 0.00, 0.00, 293.33, 0.00, 0.00, 0.00, 0.00, 0.00, 1, 0, 10.00, 'pending', '2026-01-02 15:33:29', NULL, 0, ''),
(2079, 8, '2028', '2028-03-31', '2028-01-01', '2028-12-31', 244.44, 0.00, 0.00, 293.33, 0.00, 0.00, 0.00, 0.00, 0.00, 1, 0, 10.00, 'pending', '2026-01-02 15:33:29', NULL, 0, ''),
(2080, 8, '2029', '2029-03-31', '2029-01-01', '2029-12-31', 244.44, 0.00, 0.00, 293.33, 0.00, 0.00, 0.00, 0.00, 0.00, 1, 0, 10.00, 'pending', '2026-01-02 15:33:29', NULL, 0, ''),
(2081, 8, '2030', '2030-03-31', '2030-01-01', '2030-12-31', 244.44, 0.00, 0.00, 351.99, 0.00, 0.00, 0.00, 0.00, 0.00, 2, 1, 10.00, 'pending', '2026-01-02 15:33:29', NULL, 0, ''),
(2082, 8, '2031', '2031-03-31', '2031-01-01', '2031-12-31', 244.44, 0.00, 0.00, 351.99, 0.00, 0.00, 0.00, 0.00, 0.00, 2, 0, 10.00, 'pending', '2026-01-02 15:33:29', NULL, 0, ''),
(2083, 8, '2032', '2032-03-31', '2032-01-01', '2032-12-31', 244.44, 0.00, 0.00, 351.99, 0.00, 0.00, 0.00, 0.00, 0.00, 2, 0, 10.00, 'pending', '2026-01-02 15:33:29', NULL, 0, ''),
(2084, 8, '2033', '2033-03-31', '2033-01-01', '2033-12-31', 244.44, 0.00, 0.00, 351.99, 0.00, 0.00, 0.00, 0.00, 0.00, 2, 0, 10.00, 'pending', '2026-01-02 15:33:29', NULL, 0, ''),
(2085, 8, '2034', '2034-03-31', '2034-01-01', '2034-12-31', 244.44, 0.00, 0.00, 351.99, 0.00, 0.00, 0.00, 0.00, 0.00, 2, 0, 10.00, 'pending', '2026-01-02 15:33:29', NULL, 0, ''),
(2086, 8, '2035', '2035-03-31', '2035-01-01', '2035-12-31', 244.44, 0.00, 0.00, 422.39, 0.00, 0.00, 0.00, 0.00, 0.00, 3, 1, 10.00, 'pending', '2026-01-02 15:33:29', NULL, 0, ''),
(2087, 8, '2036', '2036-03-31', '2036-01-01', '2036-12-31', 244.44, 0.00, 0.00, 422.39, 0.00, 0.00, 0.00, 0.00, 0.00, 3, 0, 10.00, 'pending', '2026-01-02 15:33:29', NULL, 0, ''),
(2088, 8, '2037', '2037-03-31', '2037-01-01', '2037-12-31', 244.44, 0.00, 0.00, 422.39, 0.00, 0.00, 0.00, 0.00, 0.00, 3, 0, 10.00, 'pending', '2026-01-02 15:33:29', NULL, 0, ''),
(2089, 8, '2038', '2038-03-31', '2038-01-01', '2038-12-31', 244.44, 0.00, 0.00, 422.39, 0.00, 0.00, 0.00, 0.00, 0.00, 3, 0, 10.00, 'pending', '2026-01-02 15:33:29', NULL, 0, ''),
(2090, 8, '2039', '2039-03-31', '2039-01-01', '2039-12-31', 244.44, 0.00, 0.00, 422.39, 0.00, 0.00, 0.00, 0.00, 0.00, 3, 0, 10.00, 'pending', '2026-01-02 15:33:29', NULL, 0, ''),
(2091, 8, '2040', '2040-03-31', '2040-01-01', '2040-12-31', 244.44, 0.00, 0.00, 506.87, 0.00, 0.00, 0.00, 0.00, 0.00, 4, 1, 10.00, 'pending', '2026-01-02 15:33:29', NULL, 0, ''),
(2092, 8, '2041', '2041-03-31', '2041-01-01', '2041-12-31', 244.44, 0.00, 0.00, 506.87, 0.00, 0.00, 0.00, 0.00, 0.00, 4, 0, 10.00, 'pending', '2026-01-02 15:33:29', NULL, 0, ''),
(2093, 8, '2042', '2042-03-31', '2042-01-01', '2042-12-31', 244.44, 0.00, 0.00, 506.87, 0.00, 0.00, 0.00, 0.00, 0.00, 4, 0, 10.00, 'pending', '2026-01-02 15:33:29', NULL, 0, ''),
(2094, 8, '2043', '2043-03-31', '2043-01-01', '2043-12-31', 244.44, 0.00, 0.00, 506.87, 0.00, 0.00, 0.00, 0.00, 0.00, 4, 0, 10.00, 'pending', '2026-01-02 15:33:29', NULL, 0, ''),
(2095, 8, '2044', '2044-03-31', '2044-01-01', '2044-12-31', 244.44, 0.00, 0.00, 506.87, 0.00, 0.00, 0.00, 0.00, 0.00, 4, 0, 10.00, 'pending', '2026-01-02 15:33:29', NULL, 0, ''),
(2096, 8, '2045', '2045-03-31', '2045-01-01', '2045-12-31', 244.44, 0.00, 0.00, 608.24, 0.00, 0.00, 0.00, 0.00, 0.00, 5, 1, 10.00, 'pending', '2026-01-02 15:33:29', NULL, 0, ''),
(2097, 8, '2046', '2046-03-31', '2046-01-01', '2046-12-31', 244.44, 0.00, 0.00, 608.24, 0.00, 0.00, 0.00, 0.00, 0.00, 5, 0, 10.00, 'pending', '2026-01-02 15:33:29', NULL, 0, ''),
(2098, 8, '2047', '2047-03-31', '2047-01-01', '2047-12-31', 244.44, 0.00, 0.00, 608.24, 0.00, 0.00, 0.00, 0.00, 0.00, 5, 0, 10.00, 'pending', '2026-01-02 15:33:29', NULL, 0, ''),
(2099, 8, '2048', '2048-03-31', '2048-01-01', '2048-12-31', 244.44, 0.00, 0.00, 608.24, 0.00, 0.00, 0.00, 0.00, 0.00, 5, 0, 10.00, 'pending', '2026-01-02 15:33:29', NULL, 0, ''),
(2100, 8, '2049', '2049-03-31', '2049-01-01', '2049-12-31', 244.44, 0.00, 0.00, 608.24, 0.00, 0.00, 0.00, 0.00, 0.00, 5, 0, 10.00, 'pending', '2026-01-02 15:33:29', NULL, 0, '');

-- --------------------------------------------------------

--
-- Table structure for table `lease_schedules_temp`
--

CREATE TABLE `lease_schedules_temp` (
  `schedule_id` int(11) NOT NULL,
  `lease_id` int(11) NOT NULL,
  `schedule_year` year(4) NOT NULL,
  `due_date` date NOT NULL DEFAULT current_timestamp(),
  `start_date` date DEFAULT NULL,
  `end_date` date DEFAULT NULL,
  `base_amount` decimal(15,2) NOT NULL,
  `premium` decimal(10,2) NOT NULL,
  `premium_paid` decimal(10,2) NOT NULL,
  `annual_amount` decimal(15,2) NOT NULL,
  `panalty` decimal(10,2) NOT NULL,
  `paid_rent` decimal(10,2) NOT NULL,
  `discount_apply` decimal(10,2) NOT NULL,
  `total_paid` decimal(10,2) NOT NULL,
  `panalty_paid` decimal(10,2) NOT NULL,
  `revision_number` int(11) DEFAULT 0,
  `is_revision_year` tinyint(1) DEFAULT 0,
  `penalty_rate` decimal(5,2) DEFAULT 10.00,
  `status` enum('pending','paid','overdue') DEFAULT 'pending',
  `created_on` datetime DEFAULT current_timestamp(),
  `penalty_last_calc` date DEFAULT NULL,
  `penalty_updated_by` int(11) NOT NULL,
  `penalty_remarks` varchar(255) NOT NULL
) ENGINE=InnoDB DEFAULT CHARSET=utf8 COLLATE=utf8_general_ci;

-- --------------------------------------------------------

--
-- Table structure for table `letter_head`
--

CREATE TABLE `letter_head` (
  `id` int(11) NOT NULL,
  `entity` varchar(60) NOT NULL,
  `address` varchar(100) NOT NULL,
  `email` varchar(50) NOT NULL,
  `telephone` varchar(100) NOT NULL,
  `vat_no` varchar(20) NOT NULL,
  `reg_no` varchar(100) NOT NULL,
  `invoice_prefix` varchar(10) NOT NULL,
  `admin_device_approval` int(11) NOT NULL DEFAULT 0,
  `company_name` varchar(100) NOT NULL,
  `VAT` varchar(50) NOT NULL,
  `gm_mobile` varchar(12) NOT NULL,
  `system_email` varchar(50) NOT NULL,
  `domain` varchar(50) NOT NULL
) ENGINE=InnoDB DEFAULT CHARSET=utf8 COLLATE=utf8_general_ci;

--
-- Dumping data for table `letter_head`
--

INSERT INTO `letter_head` (`id`, `entity`, `address`, `email`, `telephone`, `vat_no`, `reg_no`, `invoice_prefix`, `admin_device_approval`, `company_name`, `VAT`, `gm_mobile`, `system_email`, `domain`) VALUES
(1, 'Department of Land', '', 'E-Mail: ', 'Phone ', '', '', '', 0, 'Department of Land', '', '0', '', ' ');

-- --------------------------------------------------------

--
-- Table structure for table `login_attempts`
--

CREATE TABLE `login_attempts` (
  `ip_address` varchar(45) DEFAULT NULL,
  `attempt_time` datetime DEFAULT NULL,
  `try_for` varchar(20) NOT NULL
) ENGINE=InnoDB DEFAULT CHARSET=latin1 COLLATE=latin1_swedish_ci;

--
-- Dumping data for table `login_attempts`
--

INSERT INTO `login_attempts` (`ip_address`, `attempt_time`, `try_for`) VALUES
('112.134.240.104', '2025-12-02 12:20:07', 'reset'),
('112.134.240.104', '2025-12-02 14:13:33', 'reset'),
('112.134.240.104', '2025-12-02 14:37:45', 'reset'),
('112.134.240.104', '2025-12-02 14:42:35', 'reset'),
('112.134.247.60', '2025-12-09 15:49:10', 'setup_password'),
('112.134.247.60', '2025-12-09 15:50:22', 'setup_password_final');

-- --------------------------------------------------------

--
-- Table structure for table `ltl_feald_visits`
--

CREATE TABLE `ltl_feald_visits` (
  `id` int(11) NOT NULL,
  `lease_id` int(11) NOT NULL,
  `date` date DEFAULT NULL,
  `officers_visited` varchar(150) NOT NULL,
  `visite_status` varchar(50) NOT NULL,
  `status` int(11) NOT NULL DEFAULT 1,
  `recodrd_on` datetime NOT NULL DEFAULT current_timestamp()
) ENGINE=InnoDB DEFAULT CHARSET=utf8 COLLATE=utf8_general_ci;

--
-- Dumping data for table `ltl_feald_visits`
--

INSERT INTO `ltl_feald_visits` (`id`, `lease_id`, `date`, `officers_visited`, `visite_status`, `status`, `recodrd_on`) VALUES
(1, 1, '2026-01-07', 'sadsds', 'Non Developed', 1, '2026-01-01 22:47:04'),
(2, 1, '2026-01-09', 'test', 'Non Developed', 1, '2026-01-02 14:43:11'),
(3, 7, '2026-01-21', 'as', 'Non Developed', 0, '2026-01-02 14:52:03');

-- --------------------------------------------------------

--
-- Table structure for table `ltl_land_document_type`
--

CREATE TABLE `ltl_land_document_type` (
  `doc_type_id` int(11) NOT NULL,
  `doc_name` varchar(255) NOT NULL,
  `doc_group` varchar(255) NOT NULL,
  `order_no` int(11) NOT NULL,
  `approval_required` int(11) NOT NULL DEFAULT 0,
  `status` int(11) NOT NULL DEFAULT 1,
  `print_url` varchar(255) NOT NULL
) ENGINE=InnoDB DEFAULT CHARSET=utf8 COLLATE=utf8_general_ci;

--
-- Dumping data for table `ltl_land_document_type`
--

INSERT INTO `ltl_land_document_type` (`doc_type_id`, `doc_name`, `doc_group`, `order_no`, `approval_required`, `status`, `print_url`) VALUES
(1, 'Lessee\'s NIC', 'Documents', 1, 0, 1, ''),
(2, 'Lease Approval', 'Document', 3, 0, 1, ''),
(3, 'Valuvation Report', 'Document', 4, 0, 1, ''),
(4, 'Survey Plan', 'Plan', 5, 0, 1, '');

-- --------------------------------------------------------

--
-- Table structure for table `ltl_land_files`
--

CREATE TABLE `ltl_land_files` (
  `id` int(11) NOT NULL,
  `ben_id` int(11) NOT NULL,
  `file_type` varchar(150) NOT NULL,
  `file_url` varchar(250) NOT NULL,
  `status` int(11) NOT NULL DEFAULT 1,
  `submitted_date` date DEFAULT NULL,
  `received_date` date DEFAULT NULL,
  `referance_no` varchar(150) NOT NULL,
  `approval_status` varchar(50) NOT NULL
) ENGINE=InnoDB DEFAULT CHARSET=utf8 COLLATE=utf8_general_ci;

--
-- Dumping data for table `ltl_land_files`
--

INSERT INTO `ltl_land_files` (`id`, `ben_id`, `file_type`, `file_url`, `status`, `submitted_date`, `received_date`, `referance_no`, `approval_status`) VALUES
(4, 1, '1', '/files/40/1_ff367971a6e6c225b1e4e1c70de2438e_20251223120917.pdf', 1, NULL, NULL, '', ''),
(5, 8, '1', '/files/40/1_a05ee1ba15f3182cc732438591cf39a6_20260102151543.jpeg', 0, NULL, NULL, '', '');

-- --------------------------------------------------------

--
-- Table structure for table `ltl_land_registration`
--

CREATE TABLE `ltl_land_registration` (
  `land_id` int(11) NOT NULL,
  `ben_id` int(11) NOT NULL,
  `ds_id` int(11) NOT NULL,
  `gn_id` int(11) NOT NULL,
  `land_address` varchar(255) NOT NULL,
  `landBoundary` varchar(2000) NOT NULL,
  `status` varchar(30) NOT NULL DEFAULT '1',
  `sketch_plan_no` varchar(255) NOT NULL,
  `plc_plan_no` varchar(255) NOT NULL,
  `survey_plan_no` varchar(255) NOT NULL,
  `extent` varchar(50) NOT NULL,
  `extent_unit` varchar(50) NOT NULL,
  `extent_ha` varchar(30) NOT NULL,
  `developed_status` varchar(150) NOT NULL DEFAULT 'Not Developed'
) ENGINE=InnoDB DEFAULT CHARSET=utf8 COLLATE=utf8_general_ci;

--
-- Dumping data for table `ltl_land_registration`
--

INSERT INTO `ltl_land_registration` (`land_id`, `ben_id`, `ds_id`, `gn_id`, `land_address`, `landBoundary`, `status`, `sketch_plan_no`, `plc_plan_no`, `survey_plan_no`, `extent`, `extent_unit`, `extent_ha`, `developed_status`) VALUES
(1, 1, 40, 934, 'No17, Industrial zone , Kappalthurai,Trincomalee', '[{\"lat\":\"\",\"lng\":\"\"},{\"lat\":\"\",\"lng\":\"\"},{\"lat\":\"\",\"lng\":\"\"},{\"lat\":\"\",\"lng\":\"\"}]', 'Active', '', '', 'FTP05,Lot no167', '0.2023', 'hectares', '0.202300', 'Developed'),
(2, 2, 40, 905, 'Wilgama', '[{\"lat\":\"\",\"lng\":\"\"},{\"lat\":\"\",\"lng\":\"\"},{\"lat\":\"\",\"lng\":\"\"},{\"lat\":\"\",\"lng\":\"\"}]', 'Active', '', '', 'C.M 260012, Lot 1', '0.1012', 'hectares', '0.101200', 'Developed'),
(3, 4, 40, 934, 'Kappalthurai, Industrial Zone', '[{\"lat\":\"\",\"lng\":\"\"},{\"lat\":\"\",\"lng\":\"\"},{\"lat\":\"\",\"lng\":\"\"},{\"lat\":\"\",\"lng\":\"\"}]', 'Active', '', '', '', '', 'hectares', '', 'Not Developed'),
(4, 3, 40, 920, '12', '[{\"lat\":\"\",\"lng\":\"\"},{\"lat\":\"\",\"lng\":\"\"},{\"lat\":\"\",\"lng\":\"\"},{\"lat\":\"\",\"lng\":\"\"}]', 'Active', '', '', '', '', 'hectares', '', 'Not Developed'),
(5, 5, 40, 920, '213213', '[{\"lat\":\"\",\"lng\":\"\"},{\"lat\":\"\",\"lng\":\"\"},{\"lat\":\"\",\"lng\":\"\"},{\"lat\":\"\",\"lng\":\"\"}]', 'Active', '', '', '', '', 'hectares', '', 'Not Developed'),
(6, 6, 40, 920, '324324', '[{\"lat\":\"\",\"lng\":\"\"},{\"lat\":\"\",\"lng\":\"\"},{\"lat\":\"\",\"lng\":\"\"},{\"lat\":\"\",\"lng\":\"\"}]', 'Active', '', '', '', '', 'hectares', '', 'Not Developed'),
(7, 7, 40, 920, '22', '[{\"lat\":\"\",\"lng\":\"\"},{\"lat\":\"\",\"lng\":\"\"},{\"lat\":\"\",\"lng\":\"\"},{\"lat\":\"\",\"lng\":\"\"}]', 'Active', '', '', '2', '2', 'hectares', '2.000000', 'Not Developed'),
(8, 8, 40, 920, 'qw', '[{\"lat\":\"\",\"lng\":\"\"},{\"lat\":\"\",\"lng\":\"\"},{\"lat\":\"\",\"lng\":\"\"},{\"lat\":\"\",\"lng\":\"\"}]', 'Active', '', '', '', '', 'hectares', '', 'Not Developed');

-- --------------------------------------------------------

--
-- Table structure for table `ltl_premium_change`
--

CREATE TABLE `ltl_premium_change` (
  `id` int(11) NOT NULL,
  `lease_id` int(11) NOT NULL,
  `schedule_id` int(11) NOT NULL,
  `old_amount` decimal(10,2) NOT NULL,
  `new_amount` decimal(10,2) NOT NULL,
  `created_by` int(11) NOT NULL,
  `record_on` datetime NOT NULL,
  `status` int(11) NOT NULL DEFAULT 1
) ENGINE=InnoDB DEFAULT CHARSET=utf8 COLLATE=utf8_general_ci;

--
-- Dumping data for table `ltl_premium_change`
--

INSERT INTO `ltl_premium_change` (`id`, `lease_id`, `schedule_id`, `old_amount`, `new_amount`, `created_by`, `record_on`, `status`) VALUES
(1, 1, 61, 150000.00, 0.00, 1, '2025-12-09 16:37:56', 0);

-- --------------------------------------------------------

--
-- Table structure for table `ltl_reminders`
--

CREATE TABLE `ltl_reminders` (
  `id` int(11) NOT NULL,
  `lease_id` int(11) NOT NULL,
  `reminders_type` varchar(50) NOT NULL,
  `sent_date` date DEFAULT NULL,
  `status` int(11) NOT NULL DEFAULT 1,
  `created_by` int(11) NOT NULL,
  `created_on` varchar(50) NOT NULL
) ENGINE=InnoDB DEFAULT CHARSET=utf8 COLLATE=utf8_general_ci;

--
-- Dumping data for table `ltl_reminders`
--

INSERT INTO `ltl_reminders` (`id`, `lease_id`, `reminders_type`, `sent_date`, `status`, `created_by`, `created_on`) VALUES
(1, 1, 'Annexure 09', '2025-12-09', 1, 1, '2025-12-09 17:06:53'),
(2, 2, 'Annexure 09', '2025-12-22', 1, 1, '2025-12-22 11:48:06'),
(3, 7, 'Annexure 09', '2026-01-02', 1, 1, '2026-01-02 14:47:42');

-- --------------------------------------------------------

--
-- Table structure for table `ltl_write_off`
--

CREATE TABLE `ltl_write_off` (
  `id` int(11) NOT NULL,
  `lease_id` int(11) NOT NULL,
  `schedule_id` int(11) NOT NULL,
  `write_off_amount` decimal(10,2) NOT NULL,
  `created_by` int(11) NOT NULL,
  `created_on` datetime NOT NULL DEFAULT current_timestamp(),
  `status` int(11) NOT NULL DEFAULT 1
) ENGINE=InnoDB DEFAULT CHARSET=utf8 COLLATE=utf8_general_ci;

--
-- Dumping data for table `ltl_write_off`
--

INSERT INTO `ltl_write_off` (`id`, `lease_id`, `schedule_id`, `write_off_amount`, `created_by`, `created_on`, `status`) VALUES
(1, 1, 1060, 5000.00, 1, '2025-12-23 11:16:47', 0),
(2, 1, 1060, 333.33, 1, '2025-12-23 11:17:21', 0),
(3, 8, 2075, 63.78, 1, '2026-01-02 15:45:04', 0),
(4, 8, 2075, 63.78, 1, '2026-01-02 15:46:38', 1);

-- --------------------------------------------------------

--
-- Table structure for table `manage_activities`
--

CREATE TABLE `manage_activities` (
  `act_id` int(11) NOT NULL,
  `activity` varchar(50) NOT NULL,
  `module` varchar(20) NOT NULL,
  `is_menu` int(11) NOT NULL DEFAULT 0,
  `activity_url` varchar(150) NOT NULL,
  `icon_script` varchar(60) NOT NULL,
  `order_no` int(11) NOT NULL DEFAULT 1000,
  `status` int(11) NOT NULL DEFAULT 1
) ENGINE=InnoDB DEFAULT CHARSET=utf8 COLLATE=utf8_general_ci;

--
-- Dumping data for table `manage_activities`
--

INSERT INTO `manage_activities` (`act_id`, `activity`, `module`, `is_menu`, `activity_url`, `icon_script`, `order_no`, `status`) VALUES
(1, 'Manage Users', 'Admin', 1, 'manage_user.php', '', 1, 1),
(2, 'Manage DS Division', 'Admin', 1, '', '', 1000, 1),
(3, 'Manage GN Division', 'Admin', 1, '', '', 1000, 1),
(4, 'Manage SMS Template', 'Admin', 0, '', '', 1000, 1),
(8, 'Long Term Lease > Write-Off Penalty & Premium', 'Land', 0, '', '', 1002, 1),
(9, 'Admin Module', 'Admin', 0, '', '', 1, 1),
(11, 'Divisional Secretariat Module', 'Land', 0, '', '', 1, 1),
(12, 'Long Term Lease > Register (Main Page)', 'Land', 0, '', '', 1, 1),
(13, 'Long Term Lease > Add, Edit Application', 'Land', 0, '', '', 2, 1),
(14, 'Long Term Lease Master (Setup Lease)', 'Admin', 0, 'lease_master.php', '', 2, 1),
(15, 'Admin Report', 'Admin', 0, '', '', 2000, 1),
(16, 'DS Report', 'Land', 0, '', '', 9999, 1),
(17, 'Short-Term Lease Management', 'Land', 0, '', '', 2000, 1),
(18, 'Long Term Lease > Payment Record', 'Land', 0, '', '', 900, 1),
(19, 'Long Term Lease > Payment Cancellation', 'Land', 0, '', '', 901, 1),
(20, 'Long Term Lease > Edit Lease Details ', 'Land', 0, '', '', 902, 1),
(21, 'Long Term Lease > Edit Land Information', 'Land', 0, '', '', 1000, 1),
(22, 'Long Term Lease > Delete Documents', 'Land', 0, '', '', 2000, 1),
(23, 'Long Term Lease > Add document', 'Land', 0, '', '', 1999, 1),
(24, 'Other Payment > Manage payment Category', 'Admin', 0, '', '', 9999, 1),
(25, 'Other Payment > Create Other Payment', 'Land', 0, '', '', 2001, 1),
(26, 'Other Payment > Edit Other Payment', 'Land', 0, '', '', 2001, 1),
(27, 'Other Payment > Delete Other Payment', 'Land', 0, '', '', 2002, 1),
(28, 'Residential lease > Main', 'Land', 0, '', '', 3002, 1);

-- --------------------------------------------------------

--
-- Table structure for table `manage_user_group`
--

CREATE TABLE `manage_user_group` (
  `group_id` int(11) NOT NULL,
  `group_name` varchar(50) NOT NULL,
  `status` int(11) NOT NULL DEFAULT 1
) ENGINE=InnoDB DEFAULT CHARSET=utf8 COLLATE=utf8_general_ci;

--
-- Dumping data for table `manage_user_group`
--

INSERT INTO `manage_user_group` (`group_id`, `group_name`, `status`) VALUES
(1, 'System Admin', 1),
(2, 'Head of Department', 1),
(3, 'Land Officers', 1),
(4, 'Divisional Secretariat', 1),
(5, 'DS-Level Officer', 1);

-- --------------------------------------------------------

--
-- Table structure for table `payment_category`
--

CREATE TABLE `payment_category` (
  `cat_id` int(11) NOT NULL,
  `payment_name` varchar(50) NOT NULL,
  `category` varchar(50) NOT NULL,
  `starus` int(11) NOT NULL
) ENGINE=InnoDB DEFAULT CHARSET=utf8mb4 COLLATE=utf8mb4_general_ci;

--
-- Dumping data for table `payment_category`
--

INSERT INTO `payment_category` (`cat_id`, `payment_name`, `category`, `starus`) VALUES
(1, 'Photocopy Payment', 'Non department income', 1);

-- --------------------------------------------------------

--
-- Table structure for table `payment_record`
--

CREATE TABLE `payment_record` (
  `id` int(11) NOT NULL,
  `pay_cat_id` int(11) NOT NULL,
  `payment_date` date NOT NULL,
  `location_id` int(11) NOT NULL,
  `location_serial` int(11) NOT NULL,
  `amount` decimal(10,2) NOT NULL,
  `create_by` int(11) NOT NULL,
  `created_on` datetime NOT NULL,
  `status` int(11) NOT NULL DEFAULT 1,
  `receipt_number` varchar(40) NOT NULL
) ENGINE=InnoDB DEFAULT CHARSET=utf8mb4 COLLATE=utf8mb4_general_ci;

--
-- Dumping data for table `payment_record`
--

INSERT INTO `payment_record` (`id`, `pay_cat_id`, `payment_date`, `location_id`, `location_serial`, `amount`, `create_by`, `created_on`, `status`, `receipt_number`) VALUES
(1, 1, '2025-12-23', 40, 1, 360.00, 1, '2025-12-23 14:58:31', 1, ''),
(2, 1, '2025-12-23', 40, 40, 25000.00, 1, '2025-12-23 15:04:29', 0, ''),
(3, 1, '2025-12-22', 40, 41, 22.00, 1, '2025-12-23 15:08:11', 1, ''),
(4, 1, '2025-12-23', 40, 42, 223.00, 1, '2025-12-23 15:20:22', 1, ''),
(5, 1, '2025-12-23', 40, 43, 22.00, 1, '2025-12-23 15:27:35', 1, ''),
(6, 1, '2025-12-22', 40, 44, 22.00, 1, '2025-12-23 15:51:24', 1, ''),
(7, 1, '2025-12-23', 40, 45, 12111.00, 1, '2025-12-23 15:57:18', 1, '23'),
(8, 1, '2026-01-01', 40, 46, 5.00, 1, '2026-01-01 22:19:16', 1, '1');

-- --------------------------------------------------------

--
-- Table structure for table `rl_beneficiaries`
--

CREATE TABLE `rl_beneficiaries` (
  `rl_ben_id` int(11) NOT NULL,
  `md5_ben_id` varchar(255) NOT NULL,
  `name` varchar(200) NOT NULL,
  `name_tamil` varchar(150) NOT NULL,
  `name_sinhala` varchar(150) NOT NULL,
  `location_id` int(11) NOT NULL,
  `address` text DEFAULT NULL,
  `district` varchar(100) DEFAULT 'Trincomalee',
  `ds_division_id` int(11) DEFAULT NULL,
  `ds_division_text` varchar(200) CHARACTER SET utf8mb4 COLLATE utf8mb4_unicode_520_ci DEFAULT NULL,
  `gn_division_id` int(11) DEFAULT NULL,
  `gn_division_text` varchar(200) CHARACTER SET utf8mb4 COLLATE utf8mb4_unicode_520_ci DEFAULT NULL,
  `nic_reg_no` varchar(50) NOT NULL,
  `dob` date DEFAULT NULL,
  `nationality` varchar(50) NOT NULL,
  `telephone` varchar(50) NOT NULL,
  `email` varchar(150) DEFAULT NULL,
  `language` varchar(50) NOT NULL DEFAULT 'English',
  `created_by` int(11) DEFAULT NULL,
  `created_on` timestamp NOT NULL DEFAULT current_timestamp(),
  `status` int(11) NOT NULL DEFAULT 1,
  `address_tamil` varchar(250) NOT NULL,
  `address_sinhala` varchar(250) NOT NULL
) ENGINE=InnoDB DEFAULT CHARSET=utf8 COLLATE=utf8_general_ci;

--
-- Dumping data for table `rl_beneficiaries`
--

INSERT INTO `rl_beneficiaries` (`rl_ben_id`, `md5_ben_id`, `name`, `name_tamil`, `name_sinhala`, `location_id`, `address`, `district`, `ds_division_id`, `ds_division_text`, `gn_division_id`, `gn_division_text`, `nic_reg_no`, `dob`, `nationality`, `telephone`, `email`, `language`, `created_by`, `created_on`, `status`, `address_tamil`, `address_sinhala`) VALUES
(1, 'bd204d542121c38030e358a941ca66ce', 'Karuna', 'ளயனளயனளயன', 'ිසබය්ක්', 40, 'asdsadsad', 'Polonnaruwa', NULL, 'tes', NULL, 'sfsdfsdfsd', 'a213213213', '2025-12-10', 'Sri Lankan Tamil', '213213', '', 'Tamil', NULL, '2025-12-31 01:26:48', 1, 'sadsad', 'sadsadasda'),
(2, 'ad996afb954f222d5354d2139700799f', 'sadsad', 'sadsadsadsa', 'sadsad', 40, 'sadasd', 'Nuwara Eliya', 0, 'asdsadsad', 0, 'zxcxzcxzc', '213123213', '2025-12-03', 'Sri Lankan Muslims', '', '', 'English', NULL, '2025-12-31 01:29:33', 1, '', ''),
(3, '0baeaa1e1e0972aa287e7040165ed450', 'sadsad', '', '', 40, 'sadsadsad', 'Nuwara Eliya', 0, 'asdsad', 0, 'xzcxzcxzcxz', 'asdsad', NULL, 'Sinhalese', '', '', 'English', NULL, '2025-12-31 01:30:50', 1, '', ''),
(4, 'a25fdd39887b1891a7b77e5426082914', 'my RES lease test', 'asdsadsadsad', 'asdsadsad', 40, 'sasadsad', 'Nuwara Eliya', 0, 'zxcxzczxc', 0, 'xzcxzcxzc', 'asdasd', NULL, 'Sinhalese', '', '', 'Tamil', NULL, '2025-12-31 01:31:30', 1, 'sadsadsad', 'sadsadad'),
(5, '807ed212f8d0ba5668a19b1f0e4e91c3', 'sadsad', '', '', 40, '', 'Trincomalee', 40, '', 916, '', '22', NULL, 'Sri Lankan Tamil', '222', '', 'English', NULL, '2026-01-01 08:52:26', 1, '', ''),
(6, 'f88b0606477a5c3cee03351317183091', '213', '', '', 40, '123213', 'Trincomalee', 40, '', 920, '', '123123', NULL, 'Sinhalese', '22', '', 'English', NULL, '2026-01-02 09:37:54', 1, '', '');

-- --------------------------------------------------------

--
-- Table structure for table `rl_field_visits`
--

CREATE TABLE `rl_field_visits` (
  `id` int(11) NOT NULL,
  `lease_id` int(11) NOT NULL,
  `date` date DEFAULT NULL,
  `officers_visited` varchar(150) NOT NULL,
  `visite_status` varchar(50) NOT NULL,
  `status` int(11) NOT NULL DEFAULT 1,
  `recodrd_on` datetime NOT NULL DEFAULT current_timestamp()
) ENGINE=InnoDB DEFAULT CHARSET=utf8mb4 COLLATE=utf8mb4_general_ci;

--
-- Dumping data for table `rl_field_visits`
--

INSERT INTO `rl_field_visits` (`id`, `lease_id`, `date`, `officers_visited`, `visite_status`, `status`, `recodrd_on`) VALUES
(1, 2, '2026-01-02', '12', 'Developed', 1, '2026-01-01 12:01:01'),
(2, 4, '2026-01-23', '12', 'Non Developed', 1, '2026-01-01 22:04:15'),
(3, 4, '2026-01-28', '12', 'Developed', 0, '2026-01-01 22:04:29'),
(4, 5, '2026-01-08', '212', 'Non Developed', 1, '2026-01-02 06:54:24'),
(5, 5, '2026-01-01', 'zxcxzc', 'Non Developed', 1, '2026-01-02 07:17:08'),
(6, 5, '2026-01-01', 'asas', 'Non Developed', 1, '2026-01-02 08:44:38'),
(7, 4, '2026-01-08', '12', 'Non Developed', 0, '2026-01-02 14:43:30');

-- --------------------------------------------------------

--
-- Table structure for table `rl_land_document_type`
--

CREATE TABLE `rl_land_document_type` (
  `doc_type_id` int(11) NOT NULL,
  `doc_name` varchar(255) NOT NULL,
  `doc_group` varchar(255) NOT NULL,
  `order_no` int(11) NOT NULL,
  `approval_required` int(11) NOT NULL DEFAULT 0,
  `status` int(11) NOT NULL DEFAULT 1,
  `print_url` varchar(255) NOT NULL
) ENGINE=InnoDB DEFAULT CHARSET=utf8 COLLATE=utf8_general_ci;

--
-- Dumping data for table `rl_land_document_type`
--

INSERT INTO `rl_land_document_type` (`doc_type_id`, `doc_name`, `doc_group`, `order_no`, `approval_required`, `status`, `print_url`) VALUES
(1, 'Lessee\'s NIC', 'Documents', 1, 0, 1, ''),
(2, 'Lease Approval', 'Document', 3, 0, 1, ''),
(3, 'Valuvation Report', 'Document', 4, 0, 1, ''),
(4, 'Survey Plan', 'Plan', 5, 0, 1, ''),
(5, 'Outright Grants', 'Plan', 6, 0, 1, '');

-- --------------------------------------------------------

--
-- Table structure for table `rl_land_files`
--

CREATE TABLE `rl_land_files` (
  `id` int(11) NOT NULL,
  `ben_id` int(11) NOT NULL,
  `file_type` varchar(150) NOT NULL,
  `file_url` varchar(250) NOT NULL,
  `status` int(11) NOT NULL DEFAULT 1,
  `submitted_date` date DEFAULT NULL,
  `received_date` date DEFAULT NULL,
  `referance_no` varchar(150) NOT NULL,
  `approval_status` varchar(50) NOT NULL
) ENGINE=InnoDB DEFAULT CHARSET=utf8 COLLATE=utf8_general_ci;

--
-- Dumping data for table `rl_land_files`
--

INSERT INTO `rl_land_files` (`id`, `ben_id`, `file_type`, `file_url`, `status`, `submitted_date`, `received_date`, `referance_no`, `approval_status`) VALUES
(5, 1, '1', '/resedancial_files/40/1_bd204d542121c38030e358a941ca66ce_20251231094739.jpeg', 0, NULL, NULL, '', ''),
(6, 1, '5', '/resedancial_files/40/5_bd204d542121c38030e358a941ca66ce_20260102083448.jpeg', 0, NULL, NULL, '2222', ''),
(7, 5, '1', '/resedancial_files/40/1_807ed212f8d0ba5668a19b1f0e4e91c3_20260102083528.jpeg', 1, NULL, NULL, '', ''),
(8, 6, '1', '/resedancial_files/40/1_f88b0606477a5c3cee03351317183091_20260102151402.jpeg', 0, NULL, NULL, '', '');

-- --------------------------------------------------------

--
-- Table structure for table `rl_land_registration`
--

CREATE TABLE `rl_land_registration` (
  `land_id` int(11) NOT NULL,
  `ben_id` int(11) NOT NULL,
  `ds_id` int(11) NOT NULL,
  `gn_id` int(11) NOT NULL,
  `land_address` varchar(255) NOT NULL,
  `landBoundary` varchar(2000) NOT NULL,
  `status` varchar(30) NOT NULL DEFAULT '1',
  `sketch_plan_no` varchar(255) NOT NULL,
  `plc_plan_no` varchar(255) NOT NULL,
  `survey_plan_no` varchar(255) NOT NULL,
  `extent` varchar(50) NOT NULL,
  `extent_unit` varchar(50) NOT NULL,
  `extent_ha` varchar(30) NOT NULL,
  `developed_status` varchar(150) NOT NULL DEFAULT 'Not Developed'
) ENGINE=InnoDB DEFAULT CHARSET=utf8 COLLATE=utf8_general_ci;

--
-- Dumping data for table `rl_land_registration`
--

INSERT INTO `rl_land_registration` (`land_id`, `ben_id`, `ds_id`, `gn_id`, `land_address`, `landBoundary`, `status`, `sketch_plan_no`, `plc_plan_no`, `survey_plan_no`, `extent`, `extent_unit`, `extent_ha`, `developed_status`) VALUES
(1, 1, 40, 945, '2112s', '[[8.581972,81.050286],[8.594193,81.140963],[8.489622,81.128598]]', 'Active', '12', '12', '12', '12', 'hectares', '12.000000', 'Not Developed'),
(2, 4, 40, 916, '12', '[[8.606114,81.205225],[8.606337,81.205498],[8.606119,81.205713],[8.605912,81.205466]]', 'Active', '', '', '', '12', 'hectares', '12.000000', 'Not Developed'),
(3, 3, 40, 916, '121', '', 'Active', '', '', '', '', 'hectares', '', 'Not Developed'),
(4, 2, 40, 916, '5454545', '[[8.567121,81.101188],[8.575269,81.121439],[8.547091,81.132766],[8.555908,81.106623]]', 'Active', '', '', '', '45', 'hectares', '45.000000', 'Not Developed'),
(5, 5, 40, 920, '13', '', 'Active', '', '', '', '', 'hectares', '', 'Not Developed'),
(6, 6, 40, 916, '58', '', 'Active', '', '', '', '45', 'hectares', '45.000000', 'Partially Developed');

-- --------------------------------------------------------

--
-- Table structure for table `rl_lease`
--

CREATE TABLE `rl_lease` (
  `rl_lease_id` int(11) NOT NULL,
  `land_id` int(11) NOT NULL,
  `beneficiary_id` int(11) NOT NULL,
  `location_id` int(11) NOT NULL,
  `lease_number` varchar(40) NOT NULL,
  `file_number` varchar(40) NOT NULL,
  `is_it_first_ease` int(11) NOT NULL DEFAULT 1,
  `valuation_amount` decimal(10,2) NOT NULL,
  `valuvation_date` date DEFAULT NULL,
  `valuvation_letter_date` date DEFAULT NULL,
  `premium` decimal(10,2) NOT NULL,
  `start_date` date DEFAULT NULL,
  `end_date` date DEFAULT NULL,
  `years_of_lease` int(11) NOT NULL,
  `status` enum('active','inactive','cancelled','') NOT NULL,
  `lease_calculation_basic` enum('Valuvation basis','Income basis','','') NOT NULL,
  `annual_rent_percentage` decimal(10,2) NOT NULL,
  `ben_income` decimal(10,2) NOT NULL,
  `initial_annual_rent` decimal(10,2) NOT NULL,
  `discount_rate` decimal(10,2) NOT NULL,
  `penalty_rate` decimal(10,2) NOT NULL,
  `outright_grants_number` varchar(100) NOT NULL,
  `outright_grants_date` date DEFAULT NULL
) ENGINE=InnoDB DEFAULT CHARSET=utf8mb4 COLLATE=utf8mb4_general_ci;

--
-- Dumping data for table `rl_lease`
--

INSERT INTO `rl_lease` (`rl_lease_id`, `land_id`, `beneficiary_id`, `location_id`, `lease_number`, `file_number`, `is_it_first_ease`, `valuation_amount`, `valuvation_date`, `valuvation_letter_date`, `premium`, `start_date`, `end_date`, `years_of_lease`, `status`, `lease_calculation_basic`, `annual_rent_percentage`, `ben_income`, `initial_annual_rent`, `discount_rate`, `penalty_rate`, `outright_grants_number`, `outright_grants_date`) VALUES
(1, 2, 4, 40, '454/45/124', 'DSQ/asdd/as/45/123', 1, 21321.00, '2020-01-01', NULL, 50000.00, '2020-01-01', '2050-01-01', 0, 'active', 'Income basis', 12.00, 123213.00, 1000.00, 10.00, 10.00, '', NULL),
(2, 3, 3, 40, '454/45/', 'DSQ/asdd/as/45/', 1, 0.00, '2021-01-01', '2022-01-01', 3000.00, '2020-01-01', '2050-01-01', 0, 'active', 'Income basis', 4.00, 55000.00, 1000.00, 10.00, 10.00, '', NULL),
(3, 4, 2, 40, '454/45/', 'DSQ/asdd/as/45/', 1, 250000.00, '2020-02-02', NULL, 0.00, '2020-01-01', '2050-01-01', 0, 'active', 'Income basis', 4.00, 50000.00, 1000.00, 10.00, 10.00, '', NULL),
(4, 1, 1, 40, '454/45/12', 'DSQ/asdd/as/45/12', 1, 6000001.00, '2020-01-01', NULL, 720000.12, '2020-08-01', '2050-08-01', 0, 'active', 'Valuvation basis', 4.00, 0.00, 240000.04, 10.00, 10.00, '', NULL),
(5, 5, 5, 40, '454/45/', 'DSQ/asdd/as/45/', 1, 58000.00, '2021-05-01', '2021-05-01', 3480.00, '2021-05-01', '2051-05-01', 0, 'active', 'Valuvation basis', 2.00, 0.00, 1160.00, 10.00, 10.00, 'dasd', '2025-01-01'),
(6, 6, 6, 40, '454/45/222', 'DSQ/asdd/as/45/121', 1, 500000.00, '2022-01-01', NULL, 15000.00, '2021-01-01', '2051-01-01', 0, 'active', 'Valuvation basis', 1.00, 0.00, 5000.00, 10.00, 10.00, '', NULL);

-- --------------------------------------------------------

--
-- Table structure for table `rl_lease_payments`
--

CREATE TABLE `rl_lease_payments` (
  `payment_id` int(11) NOT NULL,
  `location_id` int(11) NOT NULL,
  `lease_id` int(11) NOT NULL,
  `schedule_id` int(11) NOT NULL,
  `payment_date` date NOT NULL,
  `amount` decimal(15,2) NOT NULL,
  `rent_paid` decimal(10,2) NOT NULL,
  `panalty_paid` decimal(10,2) NOT NULL,
  `premium_paid` decimal(10,2) NOT NULL,
  `discount_apply` decimal(10,2) NOT NULL,
  `current_year_payment` decimal(10,2) NOT NULL,
  `payment_type` enum('rent','penalty','both') DEFAULT 'both',
  `receipt_number` varchar(100) DEFAULT NULL,
  `payment_method` enum('cash','cheque','bank_transfer','online') DEFAULT 'cash',
  `reference_number` varchar(100) DEFAULT NULL,
  `notes` text DEFAULT NULL,
  `status` int(11) NOT NULL DEFAULT 1,
  `created_by` int(11) NOT NULL,
  `created_on` datetime DEFAULT current_timestamp()
) ENGINE=InnoDB DEFAULT CHARSET=utf8 COLLATE=utf8_general_ci;

--
-- Dumping data for table `rl_lease_payments`
--

INSERT INTO `rl_lease_payments` (`payment_id`, `location_id`, `lease_id`, `schedule_id`, `payment_date`, `amount`, `rent_paid`, `panalty_paid`, `premium_paid`, `discount_apply`, `current_year_payment`, `payment_type`, `receipt_number`, `payment_method`, `reference_number`, `notes`, `status`, `created_by`, `created_on`) VALUES
(1, 40, 2, 157, '2026-01-01', 15000.00, 9400.00, 2600.00, 3000.00, 300.00, 900.00, '', '12', 'cash', NULL, '', 1, 1, '2026-01-01 11:16:46'),
(2, 40, 4, 876, '2026-01-01', 24000.00, 0.00, 24000.00, 0.00, 0.00, 0.00, '', '1', 'cash', NULL, '', 1, 1, '2026-01-01 11:36:09'),
(3, 40, 4, 876, '2026-01-01', 4000.00, 0.00, 4000.00, 0.00, 0.00, 0.00, '', '12', 'cash', NULL, '', 1, 1, '2026-01-01 11:37:23'),
(4, 40, 2, 67, '2026-01-01', 1000.00, 1000.00, 0.00, 0.00, 0.00, 0.00, 'both', '1', 'cash', NULL, '', 0, 1, '2026-01-01 11:42:19'),
(5, 40, 2, 157, '2026-01-01', 5000.00, 5000.00, 0.00, 0.00, 530.00, 0.00, '', '12', 'cash', NULL, '', 1, 1, '2026-01-01 11:42:36'),
(6, 40, 2, 157, '2026-01-01', 2500.00, 2500.00, 0.00, 0.00, 277.00, 0.00, 'both', '2', 'cash', NULL, '', 1, 1, '2026-01-01 11:47:05'),
(7, 40, 2, 157, '2026-01-01', 4580.00, 4580.00, 0.00, 0.00, 499.30, 0.00, 'both', 's', 'cash', NULL, '', 1, 1, '2026-01-01 11:52:17'),
(8, 40, 1, 247, '2026-01-01', 4580.00, 3080.00, 1500.00, 0.00, 0.00, 0.00, '', '5', 'cash', NULL, '', 1, 1, '2026-01-01 14:36:14'),
(9, 40, 1, 247, '2026-01-01', 6000.00, 6000.00, 0.00, 0.00, 300.00, 900.00, '', '12', 'cash', NULL, '', 1, 1, '2026-01-01 18:15:13'),
(10, 40, 4, 666, '2026-01-01', 8000.00, 0.00, 8000.00, 0.00, 0.00, 0.00, '', '13', 'cash', NULL, '', 0, 1, '2026-01-01 18:17:58'),
(11, 40, 1, 247, '2026-01-02', 193833.00, 18558.00, 0.00, 0.00, 2062.00, 0.00, 'both', 'sss', 'cash', NULL, '', 1, 1, '2026-01-02 06:04:08'),
(12, 40, 5, 545, '2026-01-02', 58000.00, 31900.00, 2552.00, 3480.00, 2900.00, 1160.00, 'both', 'ss', 'cash', NULL, '', 0, 1, '2026-01-02 06:08:09'),
(13, 40, 5, 575, '2026-01-02', 58000.00, 31900.00, 2552.00, 3480.00, 2900.00, 1160.00, 'both', 'asdsad', 'cash', NULL, '', 0, 1, '2026-01-02 06:16:55'),
(14, 40, 5, 635, '2026-01-02', 1.00, 0.00, 1.00, 0.00, 0.00, 0.00, 'both', 'w', 'cash', NULL, '', 1, 1, '2026-01-02 08:42:16'),
(15, 40, 1, 487, '2026-01-02', 50.00, 0.00, 50.00, 0.00, 0.00, 0.00, 'both', '55', 'cash', NULL, '', 1, 1, '2026-01-02 15:23:21'),
(16, 40, 1, 487, '2026-01-02', 1.00, 0.00, 1.00, 0.00, 0.00, 0.00, 'both', '1', 'cash', NULL, '', 1, 1, '2026-01-02 15:25:15'),
(17, 40, 1, 487, '2026-01-02', 1.00, 0.00, 1.00, 0.00, 0.00, 0.00, 'both', '1', 'cash', NULL, '', 1, 1, '2026-01-02 15:25:28'),
(18, 40, 1, 487, '2026-01-02', 12.00, 0.00, 12.00, 0.00, 0.00, 0.00, 'both', '12', 'cash', NULL, '12', 1, 1, '2026-01-02 15:26:46');

-- --------------------------------------------------------

--
-- Table structure for table `rl_lease_payments_detail`
--

CREATE TABLE `rl_lease_payments_detail` (
  `id` int(11) NOT NULL,
  `payment_id` int(11) NOT NULL,
  `schedule_id` int(11) NOT NULL,
  `rent_paid` decimal(10,2) NOT NULL,
  `penalty_paid` decimal(10,2) NOT NULL,
  `premium_paid` decimal(10,2) NOT NULL,
  `discount_apply` decimal(10,2) NOT NULL,
  `current_year_payment` decimal(10,2) NOT NULL,
  `status` int(11) NOT NULL
) ENGINE=InnoDB DEFAULT CHARSET=utf8 COLLATE=utf8_general_ci;

--
-- Dumping data for table `rl_lease_payments_detail`
--

INSERT INTO `rl_lease_payments_detail` (`id`, `payment_id`, `schedule_id`, `rent_paid`, `penalty_paid`, `premium_paid`, `discount_apply`, `current_year_payment`, `status`) VALUES
(29, 6, 166, 693.00, 0.00, 0.00, 77.00, 0.00, 1),
(30, 6, 167, 900.00, 0.00, 0.00, 100.00, 0.00, 1),
(31, 6, 168, 900.00, 0.00, 0.00, 100.00, 0.00, 1),
(32, 6, 169, 7.00, 0.00, 0.00, 0.00, 0.00, 1),
(33, 7, 169, 893.70, 0.00, 0.00, 99.30, 0.00, 1),
(34, 7, 170, 900.00, 0.00, 0.00, 100.00, 0.00, 1),
(35, 7, 171, 900.00, 0.00, 0.00, 100.00, 0.00, 1),
(36, 7, 172, 900.00, 0.00, 0.00, 100.00, 0.00, 1),
(37, 7, 173, 900.00, 0.00, 0.00, 100.00, 0.00, 1),
(38, 7, 174, 86.30, 0.00, 0.00, 0.00, 0.00, 1),
(57, 11, 250, 558.00, 0.00, 0.00, 62.00, 0.00, 1),
(58, 11, 251, 900.00, 0.00, 0.00, 100.00, 0.00, 1),
(59, 11, 252, 900.00, 0.00, 0.00, 100.00, 0.00, 1),
(60, 11, 253, 900.00, 0.00, 0.00, 100.00, 0.00, 1),
(61, 11, 254, 900.00, 0.00, 0.00, 100.00, 0.00, 1),
(62, 11, 255, 900.00, 0.00, 0.00, 100.00, 0.00, 1),
(63, 11, 256, 900.00, 0.00, 0.00, 100.00, 0.00, 1),
(64, 11, 257, 900.00, 0.00, 0.00, 100.00, 0.00, 1),
(65, 11, 258, 900.00, 0.00, 0.00, 100.00, 0.00, 1),
(66, 11, 259, 900.00, 0.00, 0.00, 100.00, 0.00, 1),
(67, 11, 260, 900.00, 0.00, 0.00, 100.00, 0.00, 1),
(68, 11, 261, 900.00, 0.00, 0.00, 100.00, 0.00, 1),
(69, 11, 262, 900.00, 0.00, 0.00, 100.00, 0.00, 1),
(70, 11, 263, 900.00, 0.00, 0.00, 100.00, 0.00, 1),
(71, 11, 264, 900.00, 0.00, 0.00, 100.00, 0.00, 1),
(72, 11, 265, 900.00, 0.00, 0.00, 100.00, 0.00, 1),
(73, 11, 266, 900.00, 0.00, 0.00, 100.00, 0.00, 1),
(74, 11, 267, 900.00, 0.00, 0.00, 100.00, 0.00, 1),
(75, 11, 268, 900.00, 0.00, 0.00, 100.00, 0.00, 1),
(76, 11, 269, 900.00, 0.00, 0.00, 100.00, 0.00, 1),
(77, 11, 270, 900.00, 0.00, 0.00, 100.00, 0.00, 1),
(78, 12, 542, 1160.00, 464.00, 0.00, 0.00, 0.00, 0),
(79, 12, 543, 1160.00, 580.00, 0.00, 0.00, 0.00, 0),
(80, 12, 544, 1160.00, 696.00, 0.00, 0.00, 0.00, 0),
(81, 12, 545, 1160.00, 812.00, 0.00, 0.00, 1160.00, 0),
(82, 12, 541, 1160.00, 0.00, 3480.00, 0.00, 0.00, 0),
(83, 12, 546, 1044.00, 0.00, 0.00, 116.00, 0.00, 0),
(84, 12, 547, 1044.00, 0.00, 0.00, 116.00, 0.00, 0),
(85, 12, 548, 1044.00, 0.00, 0.00, 116.00, 0.00, 0),
(86, 12, 549, 1044.00, 0.00, 0.00, 116.00, 0.00, 0),
(87, 12, 550, 1044.00, 0.00, 0.00, 116.00, 0.00, 0),
(88, 12, 551, 1044.00, 0.00, 0.00, 116.00, 0.00, 0),
(89, 12, 552, 1044.00, 0.00, 0.00, 116.00, 0.00, 0),
(90, 12, 553, 1044.00, 0.00, 0.00, 116.00, 0.00, 0),
(91, 12, 554, 1044.00, 0.00, 0.00, 116.00, 0.00, 0),
(92, 12, 555, 1044.00, 0.00, 0.00, 116.00, 0.00, 0),
(93, 12, 556, 1044.00, 0.00, 0.00, 116.00, 0.00, 0),
(94, 12, 557, 1044.00, 0.00, 0.00, 116.00, 0.00, 0),
(95, 12, 558, 1044.00, 0.00, 0.00, 116.00, 0.00, 0),
(96, 12, 559, 1044.00, 0.00, 0.00, 116.00, 0.00, 0),
(97, 12, 560, 1044.00, 0.00, 0.00, 116.00, 0.00, 0),
(98, 12, 561, 1044.00, 0.00, 0.00, 116.00, 0.00, 0),
(99, 12, 562, 1044.00, 0.00, 0.00, 116.00, 0.00, 0),
(100, 12, 563, 1044.00, 0.00, 0.00, 116.00, 0.00, 0),
(101, 12, 564, 1044.00, 0.00, 0.00, 116.00, 0.00, 0),
(102, 12, 565, 1044.00, 0.00, 0.00, 116.00, 0.00, 0),
(103, 12, 566, 1044.00, 0.00, 0.00, 116.00, 0.00, 0),
(104, 12, 567, 1044.00, 0.00, 0.00, 116.00, 0.00, 0),
(105, 12, 568, 1044.00, 0.00, 0.00, 116.00, 0.00, 0),
(106, 12, 569, 1044.00, 0.00, 0.00, 116.00, 0.00, 0),
(107, 12, 570, 1044.00, 0.00, 0.00, 116.00, 0.00, 0),
(108, 13, 572, 1160.00, 464.00, 0.00, 0.00, 0.00, 0),
(109, 13, 573, 1160.00, 580.00, 0.00, 0.00, 0.00, 0),
(110, 13, 574, 1160.00, 696.00, 0.00, 0.00, 0.00, 0),
(111, 13, 575, 1160.00, 812.00, 0.00, 0.00, 1160.00, 0),
(112, 13, 571, 1160.00, 0.00, 3480.00, 0.00, 0.00, 0),
(113, 13, 576, 1044.00, 0.00, 0.00, 116.00, 0.00, 0),
(114, 13, 577, 1044.00, 0.00, 0.00, 116.00, 0.00, 0),
(115, 13, 578, 1044.00, 0.00, 0.00, 116.00, 0.00, 0),
(116, 13, 579, 1044.00, 0.00, 0.00, 116.00, 0.00, 0),
(117, 13, 580, 1044.00, 0.00, 0.00, 116.00, 0.00, 0),
(118, 13, 581, 1044.00, 0.00, 0.00, 116.00, 0.00, 0),
(119, 13, 582, 1044.00, 0.00, 0.00, 116.00, 0.00, 0),
(120, 13, 583, 1044.00, 0.00, 0.00, 116.00, 0.00, 0),
(121, 13, 584, 1044.00, 0.00, 0.00, 116.00, 0.00, 0),
(122, 13, 585, 1044.00, 0.00, 0.00, 116.00, 0.00, 0),
(123, 13, 586, 1044.00, 0.00, 0.00, 116.00, 0.00, 0),
(124, 13, 587, 1044.00, 0.00, 0.00, 116.00, 0.00, 0),
(125, 13, 588, 1044.00, 0.00, 0.00, 116.00, 0.00, 0),
(126, 13, 589, 1044.00, 0.00, 0.00, 116.00, 0.00, 0),
(127, 13, 590, 1044.00, 0.00, 0.00, 116.00, 0.00, 0),
(128, 13, 591, 1044.00, 0.00, 0.00, 116.00, 0.00, 0),
(129, 13, 592, 1044.00, 0.00, 0.00, 116.00, 0.00, 0),
(130, 13, 593, 1044.00, 0.00, 0.00, 116.00, 0.00, 0),
(131, 13, 594, 1044.00, 0.00, 0.00, 116.00, 0.00, 0),
(132, 13, 595, 1044.00, 0.00, 0.00, 116.00, 0.00, 0),
(133, 13, 596, 1044.00, 0.00, 0.00, 116.00, 0.00, 0),
(134, 13, 597, 1044.00, 0.00, 0.00, 116.00, 0.00, 0),
(135, 13, 598, 1044.00, 0.00, 0.00, 116.00, 0.00, 0),
(136, 13, 599, 1044.00, 0.00, 0.00, 116.00, 0.00, 0),
(137, 13, 600, 1044.00, 0.00, 0.00, 116.00, 0.00, 0),
(138, 14, 632, 0.00, 1.00, 0.00, 0.00, 0.00, 1),
(139, 15, 482, 0.00, 50.00, 0.00, 0.00, 0.00, 1),
(140, 16, 482, 0.00, 1.00, 0.00, 0.00, 0.00, 1),
(141, 17, 482, 0.00, 1.00, 0.00, 0.00, 0.00, 1),
(142, 18, 482, 0.00, 12.00, 0.00, 0.00, 0.00, 1);

-- --------------------------------------------------------

--
-- Table structure for table `rl_lease_schedules`
--

CREATE TABLE `rl_lease_schedules` (
  `schedule_id` int(11) NOT NULL,
  `lease_id` int(11) NOT NULL,
  `schedule_year` year(4) NOT NULL,
  `due_date` date NOT NULL DEFAULT current_timestamp(),
  `start_date` date DEFAULT NULL,
  `end_date` date DEFAULT NULL,
  `base_amount` decimal(15,2) NOT NULL,
  `premium` decimal(10,2) NOT NULL,
  `premium_paid` decimal(10,2) NOT NULL,
  `annual_amount` decimal(15,2) NOT NULL,
  `panalty` decimal(10,2) NOT NULL,
  `paid_rent` decimal(10,2) NOT NULL,
  `discount_apply` decimal(10,2) NOT NULL,
  `total_paid` decimal(10,2) NOT NULL,
  `panalty_paid` decimal(10,2) NOT NULL,
  `revision_number` int(11) DEFAULT 0,
  `is_revision_year` tinyint(1) DEFAULT 0,
  `penalty_rate` decimal(5,2) DEFAULT 10.00,
  `status` enum('pending','paid','overdue') DEFAULT 'pending',
  `created_on` datetime DEFAULT current_timestamp(),
  `penalty_last_calc` date DEFAULT NULL,
  `penalty_updated_by` int(11) NOT NULL,
  `penalty_remarks` varchar(255) NOT NULL
) ENGINE=InnoDB DEFAULT CHARSET=utf8 COLLATE=utf8_general_ci;

--
-- Dumping data for table `rl_lease_schedules`
--

INSERT INTO `rl_lease_schedules` (`schedule_id`, `lease_id`, `schedule_year`, `due_date`, `start_date`, `end_date`, `base_amount`, `premium`, `premium_paid`, `annual_amount`, `panalty`, `paid_rent`, `discount_apply`, `total_paid`, `panalty_paid`, `revision_number`, `is_revision_year`, `penalty_rate`, `status`, `created_on`, `penalty_last_calc`, `penalty_updated_by`, `penalty_remarks`) VALUES
(151, 2, '2020', '2020-03-31', '2020-01-01', '2020-12-31', 1000.00, 3000.00, 3000.00, 1000.00, 0.00, 1000.00, 0.00, 4000.00, 0.00, 0, 0, 10.00, 'pending', '2026-01-01 11:42:46', NULL, 0, ''),
(152, 2, '2021', '2021-03-31', '2021-01-01', '2021-12-31', 1000.00, 0.00, 0.00, 1000.00, 0.00, 1000.00, 0.00, 1000.00, 0.00, 0, 0, 10.00, 'pending', '2026-01-01 11:42:46', NULL, 0, ''),
(153, 2, '2022', '2022-03-31', '2022-01-01', '2022-12-31', 1000.00, 0.00, 0.00, 1000.00, 500.00, 1000.00, 0.00, 1500.00, 500.00, 0, 0, 10.00, 'pending', '2026-01-01 11:42:46', '2026-01-02', 0, 'Calculated'),
(154, 2, '2023', '2023-03-31', '2023-01-01', '2023-12-31', 1000.00, 0.00, 0.00, 1000.00, 600.00, 1000.00, 0.00, 1600.00, 600.00, 0, 0, 10.00, 'pending', '2026-01-01 11:42:46', '2026-01-02', 0, 'Calculated'),
(155, 2, '2024', '2024-03-31', '2024-01-01', '2024-12-31', 1000.00, 0.00, 0.00, 1000.00, 700.00, 1000.00, 0.00, 1700.00, 700.00, 0, 0, 10.00, 'pending', '2026-01-01 11:42:46', '2026-01-02', 0, 'Calculated'),
(156, 2, '2025', '2025-03-31', '2025-01-01', '2025-12-31', 1000.00, 0.00, 0.00, 1000.00, 800.00, 1000.00, 0.00, 1800.00, 800.00, 0, 0, 10.00, 'pending', '2026-01-01 11:42:46', '2026-01-02', 0, 'Calculated'),
(157, 2, '2026', '2026-03-31', '2026-01-01', '2026-12-31', 1000.00, 0.00, 0.00, 1000.00, 0.00, 900.00, 100.00, 900.00, 0.00, 0, 0, 10.00, 'pending', '2026-01-01 11:42:46', NULL, 0, ''),
(158, 2, '2027', '2027-03-31', '2027-01-01', '2027-12-31', 1000.00, 0.00, 0.00, 1000.00, 0.00, 900.00, 100.00, 900.00, 0.00, 0, 0, 10.00, 'pending', '2026-01-01 11:42:46', NULL, 0, ''),
(159, 2, '2028', '2028-03-31', '2028-01-01', '2028-12-31', 1000.00, 0.00, 0.00, 1000.00, 0.00, 900.00, 100.00, 900.00, 0.00, 0, 0, 10.00, 'pending', '2026-01-01 11:42:46', NULL, 0, ''),
(160, 2, '2029', '2029-03-31', '2029-01-01', '2029-12-31', 1000.00, 0.00, 0.00, 1000.00, 0.00, 970.00, 30.00, 970.00, 0.00, 0, 0, 10.00, 'pending', '2026-01-01 11:42:46', NULL, 0, ''),
(161, 2, '2030', '2030-03-31', '2030-01-01', '2030-12-31', 1000.00, 0.00, 0.00, 1000.00, 0.00, 900.00, 100.00, 900.00, 0.00, 0, 0, 10.00, 'pending', '2026-01-01 11:42:46', NULL, 0, ''),
(162, 2, '2031', '2031-03-31', '2031-01-01', '2031-12-31', 1000.00, 0.00, 0.00, 1000.00, 0.00, 900.00, 100.00, 900.00, 0.00, 0, 0, 10.00, 'pending', '2026-01-01 11:42:46', NULL, 0, ''),
(163, 2, '2032', '2032-03-31', '2032-01-01', '2032-12-31', 1000.00, 0.00, 0.00, 1000.00, 0.00, 900.00, 100.00, 900.00, 0.00, 0, 0, 10.00, 'pending', '2026-01-01 11:42:46', NULL, 0, ''),
(164, 2, '2033', '2033-03-31', '2033-01-01', '2033-12-31', 1000.00, 0.00, 0.00, 1000.00, 0.00, 900.00, 100.00, 900.00, 0.00, 0, 0, 10.00, 'pending', '2026-01-01 11:42:46', NULL, 0, ''),
(165, 2, '2034', '2034-03-31', '2034-01-01', '2034-12-31', 1000.00, 0.00, 0.00, 1000.00, 0.00, 900.00, 100.00, 900.00, 0.00, 0, 0, 10.00, 'pending', '2026-01-01 11:42:46', NULL, 0, ''),
(166, 2, '2035', '2035-03-31', '2035-01-01', '2035-12-31', 1000.00, 0.00, 0.00, 1000.00, 0.00, 923.00, 77.00, 923.00, 0.00, 0, 0, 10.00, 'pending', '2026-01-01 11:42:46', NULL, 0, ''),
(167, 2, '2036', '2036-03-31', '2036-01-01', '2036-12-31', 1000.00, 0.00, 0.00, 1000.00, 0.00, 900.00, 100.00, 900.00, 0.00, 0, 0, 10.00, 'pending', '2026-01-01 11:42:46', NULL, 0, ''),
(168, 2, '2037', '2037-03-31', '2037-01-01', '2037-12-31', 1000.00, 0.00, 0.00, 1000.00, 0.00, 900.00, 100.00, 900.00, 0.00, 0, 0, 10.00, 'pending', '2026-01-01 11:42:46', NULL, 0, ''),
(169, 2, '2038', '2038-03-31', '2038-01-01', '2038-12-31', 1000.00, 0.00, 0.00, 1000.00, 0.00, 900.70, 99.30, 900.70, 0.00, 0, 0, 10.00, 'pending', '2026-01-01 11:42:46', NULL, 0, ''),
(170, 2, '2039', '2039-03-31', '2039-01-01', '2039-12-31', 1000.00, 0.00, 0.00, 1000.00, 0.00, 900.00, 100.00, 900.00, 0.00, 0, 0, 10.00, 'pending', '2026-01-01 11:42:46', NULL, 0, ''),
(171, 2, '2040', '2040-03-31', '2040-01-01', '2040-12-31', 1000.00, 0.00, 0.00, 1000.00, 0.00, 900.00, 100.00, 900.00, 0.00, 0, 0, 10.00, 'pending', '2026-01-01 11:42:46', NULL, 0, ''),
(172, 2, '2041', '2041-03-31', '2041-01-01', '2041-12-31', 1000.00, 0.00, 0.00, 1000.00, 0.00, 900.00, 100.00, 900.00, 0.00, 0, 0, 10.00, 'pending', '2026-01-01 11:42:46', NULL, 0, ''),
(173, 2, '2042', '2042-03-31', '2042-01-01', '2042-12-31', 1000.00, 0.00, 0.00, 1000.00, 0.00, 900.00, 100.00, 900.00, 0.00, 0, 0, 10.00, 'pending', '2026-01-01 11:42:46', NULL, 0, ''),
(174, 2, '2043', '2043-03-31', '2043-01-01', '2043-12-31', 1000.00, 0.00, 0.00, 1000.00, 0.00, 86.30, 0.00, 86.30, 0.00, 0, 0, 10.00, 'pending', '2026-01-01 11:42:46', NULL, 0, ''),
(175, 2, '2044', '2044-03-31', '2044-01-01', '2044-12-31', 1000.00, 0.00, 0.00, 1000.00, 0.00, 0.00, 0.00, 0.00, 0.00, 0, 0, 10.00, 'pending', '2026-01-01 11:42:46', NULL, 0, ''),
(176, 2, '2045', '2045-03-31', '2045-01-01', '2045-12-31', 1000.00, 0.00, 0.00, 1000.00, 0.00, 0.00, 0.00, 0.00, 0.00, 0, 0, 10.00, 'pending', '2026-01-01 11:42:46', NULL, 0, ''),
(177, 2, '2046', '2046-03-31', '2046-01-01', '2046-12-31', 1000.00, 0.00, 0.00, 1000.00, 0.00, 0.00, 0.00, 0.00, 0.00, 0, 0, 10.00, 'pending', '2026-01-01 11:42:46', NULL, 0, ''),
(178, 2, '2047', '2047-03-31', '2047-01-01', '2047-12-31', 1000.00, 0.00, 0.00, 1000.00, 0.00, 0.00, 0.00, 0.00, 0.00, 0, 0, 10.00, 'pending', '2026-01-01 11:42:46', NULL, 0, ''),
(179, 2, '2048', '2048-03-31', '2048-01-01', '2048-12-31', 1000.00, 0.00, 0.00, 1000.00, 0.00, 0.00, 0.00, 0.00, 0.00, 0, 0, 10.00, 'pending', '2026-01-01 11:42:46', NULL, 0, ''),
(180, 2, '2049', '2049-03-31', '2049-01-01', '2049-12-31', 1000.00, 0.00, 0.00, 1000.00, 0.00, 0.00, 0.00, 0.00, 0.00, 0, 0, 10.00, 'pending', '2026-01-01 11:42:46', NULL, 0, ''),
(631, 5, '2021', '2021-03-31', '2021-05-01', '2022-04-30', 1160.00, 3480.00, 0.00, 1160.00, 0.00, 0.00, 0.00, 0.00, 0.00, 0, 0, 10.00, 'pending', '2026-01-02 06:35:38', NULL, 0, ''),
(632, 5, '2022', '2022-03-31', '2022-05-01', '2023-04-30', 1160.00, 0.00, 0.00, 1160.00, 1.00, 0.00, 0.00, 1.00, 1.00, 0, 0, 10.00, 'pending', '2026-01-02 06:35:38', '2026-01-02', 0, 'Calculated'),
(633, 5, '2023', '2023-03-31', '2023-05-01', '2024-04-30', 1160.00, 0.00, 0.00, 1160.00, 580.00, 0.00, 0.00, 0.00, 0.00, 0, 0, 10.00, 'pending', '2026-01-02 06:35:38', '2026-01-02', 0, 'Calculated'),
(634, 5, '2024', '2024-03-31', '2024-05-01', '2025-04-30', 1160.00, 0.00, 0.00, 1160.00, 696.00, 0.00, 0.00, 0.00, 0.00, 0, 0, 10.00, 'pending', '2026-01-02 06:35:38', '2026-01-02', 0, 'Calculated'),
(635, 5, '2025', '2025-03-31', '2025-05-01', '2026-04-30', 1160.00, 0.00, 0.00, 1160.00, 812.00, 0.00, 0.00, 0.00, 0.00, 0, 0, 10.00, 'pending', '2026-01-02 06:35:38', '2026-01-02', 0, 'Calculated'),
(636, 5, '2026', '2026-03-31', '2026-05-01', '2027-04-30', 1160.00, 0.00, 0.00, 1160.00, 0.00, 0.00, 0.00, 0.00, 0.00, 0, 0, 10.00, 'pending', '2026-01-02 06:35:38', NULL, 0, ''),
(637, 5, '2027', '2027-03-31', '2027-05-01', '2028-04-30', 1160.00, 0.00, 0.00, 1160.00, 0.00, 0.00, 0.00, 0.00, 0.00, 0, 0, 10.00, 'pending', '2026-01-02 06:35:38', NULL, 0, ''),
(638, 5, '2028', '2028-03-31', '2028-05-01', '2029-04-30', 1160.00, 0.00, 0.00, 1160.00, 0.00, 0.00, 0.00, 0.00, 0.00, 0, 0, 10.00, 'pending', '2026-01-02 06:35:38', NULL, 0, ''),
(639, 5, '2029', '2029-03-31', '2029-05-01', '2030-04-30', 1160.00, 0.00, 0.00, 1160.00, 0.00, 0.00, 0.00, 0.00, 0.00, 0, 0, 10.00, 'pending', '2026-01-02 06:35:38', NULL, 0, ''),
(640, 5, '2030', '2030-03-31', '2030-05-01', '2031-04-30', 1160.00, 0.00, 0.00, 1160.00, 0.00, 0.00, 0.00, 0.00, 0.00, 0, 0, 10.00, 'pending', '2026-01-02 06:35:38', NULL, 0, ''),
(641, 5, '2031', '2031-03-31', '2031-05-01', '2032-04-30', 1160.00, 0.00, 0.00, 1160.00, 0.00, 0.00, 0.00, 0.00, 0.00, 0, 0, 10.00, 'pending', '2026-01-02 06:35:38', NULL, 0, ''),
(642, 5, '2032', '2032-03-31', '2032-05-01', '2033-04-30', 1160.00, 0.00, 0.00, 1160.00, 0.00, 0.00, 0.00, 0.00, 0.00, 0, 0, 10.00, 'pending', '2026-01-02 06:35:38', NULL, 0, ''),
(643, 5, '2033', '2033-03-31', '2033-05-01', '2034-04-30', 1160.00, 0.00, 0.00, 1160.00, 0.00, 0.00, 0.00, 0.00, 0.00, 0, 0, 10.00, 'pending', '2026-01-02 06:35:38', NULL, 0, ''),
(644, 5, '2034', '2034-03-31', '2034-05-01', '2035-04-30', 1160.00, 0.00, 0.00, 1160.00, 0.00, 0.00, 0.00, 0.00, 0.00, 0, 0, 10.00, 'pending', '2026-01-02 06:35:38', NULL, 0, ''),
(645, 5, '2035', '2035-03-31', '2035-05-01', '2036-04-30', 1160.00, 0.00, 0.00, 1160.00, 0.00, 0.00, 0.00, 0.00, 0.00, 0, 0, 10.00, 'pending', '2026-01-02 06:35:38', NULL, 0, ''),
(646, 5, '2036', '2036-03-31', '2036-05-01', '2037-04-30', 1160.00, 0.00, 0.00, 1160.00, 0.00, 0.00, 0.00, 0.00, 0.00, 0, 0, 10.00, 'pending', '2026-01-02 06:35:38', NULL, 0, ''),
(647, 5, '2037', '2037-03-31', '2037-05-01', '2038-04-30', 1160.00, 0.00, 0.00, 1160.00, 0.00, 0.00, 0.00, 0.00, 0.00, 0, 0, 10.00, 'pending', '2026-01-02 06:35:38', NULL, 0, ''),
(648, 5, '2038', '2038-03-31', '2038-05-01', '2039-04-30', 1160.00, 0.00, 0.00, 1160.00, 0.00, 0.00, 0.00, 0.00, 0.00, 0, 0, 10.00, 'pending', '2026-01-02 06:35:38', NULL, 0, ''),
(649, 5, '2039', '2039-03-31', '2039-05-01', '2040-04-30', 1160.00, 0.00, 0.00, 1160.00, 0.00, 0.00, 0.00, 0.00, 0.00, 0, 0, 10.00, 'pending', '2026-01-02 06:35:38', NULL, 0, ''),
(650, 5, '2040', '2040-03-31', '2040-05-01', '2041-04-30', 1160.00, 0.00, 0.00, 1160.00, 0.00, 0.00, 0.00, 0.00, 0.00, 0, 0, 10.00, 'pending', '2026-01-02 06:35:38', NULL, 0, ''),
(651, 5, '2041', '2041-03-31', '2041-05-01', '2042-04-30', 1160.00, 0.00, 0.00, 1160.00, 0.00, 0.00, 0.00, 0.00, 0.00, 0, 0, 10.00, 'pending', '2026-01-02 06:35:38', NULL, 0, ''),
(652, 5, '2042', '2042-03-31', '2042-05-01', '2043-04-30', 1160.00, 0.00, 0.00, 1160.00, 0.00, 0.00, 0.00, 0.00, 0.00, 0, 0, 10.00, 'pending', '2026-01-02 06:35:38', NULL, 0, ''),
(653, 5, '2043', '2043-03-31', '2043-05-01', '2044-04-30', 1160.00, 0.00, 0.00, 1160.00, 0.00, 0.00, 0.00, 0.00, 0.00, 0, 0, 10.00, 'pending', '2026-01-02 06:35:38', NULL, 0, ''),
(654, 5, '2044', '2044-03-31', '2044-05-01', '2045-04-30', 1160.00, 0.00, 0.00, 1160.00, 0.00, 0.00, 0.00, 0.00, 0.00, 0, 0, 10.00, 'pending', '2026-01-02 06:35:38', NULL, 0, ''),
(655, 5, '2045', '2045-03-31', '2045-05-01', '2046-04-30', 1160.00, 0.00, 0.00, 1160.00, 0.00, 0.00, 0.00, 0.00, 0.00, 0, 0, 10.00, 'pending', '2026-01-02 06:35:38', NULL, 0, ''),
(656, 5, '2046', '2046-03-31', '2046-05-01', '2047-04-30', 1160.00, 0.00, 0.00, 1160.00, 0.00, 0.00, 0.00, 0.00, 0.00, 0, 0, 10.00, 'pending', '2026-01-02 06:35:38', NULL, 0, ''),
(657, 5, '2047', '2047-03-31', '2047-05-01', '2048-04-30', 1160.00, 0.00, 0.00, 1160.00, 0.00, 0.00, 0.00, 0.00, 0.00, 0, 0, 10.00, 'pending', '2026-01-02 06:35:38', NULL, 0, ''),
(658, 5, '2048', '2048-03-31', '2048-05-01', '2049-04-30', 1160.00, 0.00, 0.00, 1160.00, 0.00, 0.00, 0.00, 0.00, 0.00, 0, 0, 10.00, 'pending', '2026-01-02 06:35:38', NULL, 0, ''),
(659, 5, '2049', '2049-03-31', '2049-05-01', '2050-04-30', 1160.00, 0.00, 0.00, 1160.00, 0.00, 0.00, 0.00, 0.00, 0.00, 0, 0, 10.00, 'pending', '2026-01-02 06:35:38', NULL, 0, ''),
(660, 5, '2050', '2050-03-31', '2050-05-01', '2051-04-30', 1160.00, 0.00, 0.00, 1160.00, 0.00, 0.00, 0.00, 0.00, 0.00, 0, 0, 10.00, 'pending', '2026-01-02 06:35:38', NULL, 0, ''),
(691, 6, '2021', '2021-03-31', '2021-01-01', '2021-12-31', 5000.00, 15000.00, 0.00, 5000.00, 0.00, 0.00, 0.00, 0.00, 0.00, 0, 0, 10.00, 'pending', '2026-01-02 15:08:41', NULL, 0, ''),
(692, 6, '2022', '2022-03-31', '2022-01-01', '2022-12-31', 5000.00, 0.00, 0.00, 5000.00, 0.00, 0.00, 0.00, 0.00, 0.00, 0, 0, 10.00, 'pending', '2026-01-02 15:08:41', NULL, 0, ''),
(693, 6, '2023', '2023-03-31', '2023-01-01', '2023-12-31', 5000.00, 0.00, 0.00, 5000.00, 2500.00, 0.00, 0.00, 0.00, 0.00, 0, 0, 10.00, 'pending', '2026-01-02 15:08:41', '2026-01-02', 0, 'Calculated'),
(694, 6, '2024', '2024-03-31', '2024-01-01', '2024-12-31', 5000.00, 0.00, 0.00, 5000.00, 3000.00, 0.00, 0.00, 0.00, 0.00, 0, 0, 10.00, 'pending', '2026-01-02 15:08:41', '2026-01-02', 0, 'Calculated'),
(695, 6, '2025', '2025-03-31', '2025-01-01', '2025-12-31', 5000.00, 0.00, 0.00, 5000.00, 3500.00, 0.00, 0.00, 0.00, 0.00, 0, 0, 10.00, 'pending', '2026-01-02 15:08:41', '2026-01-02', 0, 'Calculated'),
(696, 6, '2026', '2026-03-31', '2026-01-01', '2026-12-31', 5000.00, 0.00, 0.00, 5000.00, 0.00, 0.00, 0.00, 0.00, 0.00, 0, 0, 10.00, 'pending', '2026-01-02 15:08:41', NULL, 0, ''),
(697, 6, '2027', '2027-03-31', '2027-01-01', '2027-12-31', 5000.00, 0.00, 0.00, 5000.00, 0.00, 0.00, 0.00, 0.00, 0.00, 0, 0, 10.00, 'pending', '2026-01-02 15:08:41', NULL, 0, ''),
(698, 6, '2028', '2028-03-31', '2028-01-01', '2028-12-31', 5000.00, 0.00, 0.00, 5000.00, 0.00, 0.00, 0.00, 0.00, 0.00, 0, 0, 10.00, 'pending', '2026-01-02 15:08:41', NULL, 0, ''),
(699, 6, '2029', '2029-03-31', '2029-01-01', '2029-12-31', 5000.00, 0.00, 0.00, 5000.00, 0.00, 0.00, 0.00, 0.00, 0.00, 0, 0, 10.00, 'pending', '2026-01-02 15:08:41', NULL, 0, ''),
(700, 6, '2030', '2030-03-31', '2030-01-01', '2030-12-31', 5000.00, 0.00, 0.00, 5000.00, 0.00, 0.00, 0.00, 0.00, 0.00, 0, 0, 10.00, 'pending', '2026-01-02 15:08:41', NULL, 0, ''),
(701, 6, '2031', '2031-03-31', '2031-01-01', '2031-12-31', 5000.00, 0.00, 0.00, 5000.00, 0.00, 0.00, 0.00, 0.00, 0.00, 0, 0, 10.00, 'pending', '2026-01-02 15:08:41', NULL, 0, ''),
(702, 6, '2032', '2032-03-31', '2032-01-01', '2032-12-31', 5000.00, 0.00, 0.00, 5000.00, 0.00, 0.00, 0.00, 0.00, 0.00, 0, 0, 10.00, 'pending', '2026-01-02 15:08:41', NULL, 0, ''),
(703, 6, '2033', '2033-03-31', '2033-01-01', '2033-12-31', 5000.00, 0.00, 0.00, 5000.00, 0.00, 0.00, 0.00, 0.00, 0.00, 0, 0, 10.00, 'pending', '2026-01-02 15:08:41', NULL, 0, ''),
(704, 6, '2034', '2034-03-31', '2034-01-01', '2034-12-31', 5000.00, 0.00, 0.00, 5000.00, 0.00, 0.00, 0.00, 0.00, 0.00, 0, 0, 10.00, 'pending', '2026-01-02 15:08:41', NULL, 0, ''),
(705, 6, '2035', '2035-03-31', '2035-01-01', '2035-12-31', 5000.00, 0.00, 0.00, 5000.00, 0.00, 0.00, 0.00, 0.00, 0.00, 0, 0, 10.00, 'pending', '2026-01-02 15:08:41', NULL, 0, ''),
(706, 6, '2036', '2036-03-31', '2036-01-01', '2036-12-31', 5000.00, 0.00, 0.00, 5000.00, 0.00, 0.00, 0.00, 0.00, 0.00, 0, 0, 10.00, 'pending', '2026-01-02 15:08:41', NULL, 0, ''),
(707, 6, '2037', '2037-03-31', '2037-01-01', '2037-12-31', 5000.00, 0.00, 0.00, 5000.00, 0.00, 0.00, 0.00, 0.00, 0.00, 0, 0, 10.00, 'pending', '2026-01-02 15:08:41', NULL, 0, ''),
(708, 6, '2038', '2038-03-31', '2038-01-01', '2038-12-31', 5000.00, 0.00, 0.00, 5000.00, 0.00, 0.00, 0.00, 0.00, 0.00, 0, 0, 10.00, 'pending', '2026-01-02 15:08:41', NULL, 0, ''),
(709, 6, '2039', '2039-03-31', '2039-01-01', '2039-12-31', 5000.00, 0.00, 0.00, 5000.00, 0.00, 0.00, 0.00, 0.00, 0.00, 0, 0, 10.00, 'pending', '2026-01-02 15:08:41', NULL, 0, ''),
(710, 6, '2040', '2040-03-31', '2040-01-01', '2040-12-31', 5000.00, 0.00, 0.00, 5000.00, 0.00, 0.00, 0.00, 0.00, 0.00, 0, 0, 10.00, 'pending', '2026-01-02 15:08:41', NULL, 0, ''),
(711, 6, '2041', '2041-03-31', '2041-01-01', '2041-12-31', 5000.00, 0.00, 0.00, 5000.00, 0.00, 0.00, 0.00, 0.00, 0.00, 0, 0, 10.00, 'pending', '2026-01-02 15:08:41', NULL, 0, ''),
(712, 6, '2042', '2042-03-31', '2042-01-01', '2042-12-31', 5000.00, 0.00, 0.00, 5000.00, 0.00, 0.00, 0.00, 0.00, 0.00, 0, 0, 10.00, 'pending', '2026-01-02 15:08:41', NULL, 0, ''),
(713, 6, '2043', '2043-03-31', '2043-01-01', '2043-12-31', 5000.00, 0.00, 0.00, 5000.00, 0.00, 0.00, 0.00, 0.00, 0.00, 0, 0, 10.00, 'pending', '2026-01-02 15:08:41', NULL, 0, ''),
(714, 6, '2044', '2044-03-31', '2044-01-01', '2044-12-31', 5000.00, 0.00, 0.00, 5000.00, 0.00, 0.00, 0.00, 0.00, 0.00, 0, 0, 10.00, 'pending', '2026-01-02 15:08:41', NULL, 0, ''),
(715, 6, '2045', '2045-03-31', '2045-01-01', '2045-12-31', 5000.00, 0.00, 0.00, 5000.00, 0.00, 0.00, 0.00, 0.00, 0.00, 0, 0, 10.00, 'pending', '2026-01-02 15:08:41', NULL, 0, ''),
(716, 6, '2046', '2046-03-31', '2046-01-01', '2046-12-31', 5000.00, 0.00, 0.00, 5000.00, 0.00, 0.00, 0.00, 0.00, 0.00, 0, 0, 10.00, 'pending', '2026-01-02 15:08:41', NULL, 0, ''),
(717, 6, '2047', '2047-03-31', '2047-01-01', '2047-12-31', 5000.00, 0.00, 0.00, 5000.00, 0.00, 0.00, 0.00, 0.00, 0.00, 0, 0, 10.00, 'pending', '2026-01-02 15:08:41', NULL, 0, ''),
(718, 6, '2048', '2048-03-31', '2048-01-01', '2048-12-31', 5000.00, 0.00, 0.00, 5000.00, 0.00, 0.00, 0.00, 0.00, 0.00, 0, 0, 10.00, 'pending', '2026-01-02 15:08:41', NULL, 0, ''),
(719, 6, '2049', '2049-03-31', '2049-01-01', '2049-12-31', 5000.00, 0.00, 0.00, 5000.00, 0.00, 0.00, 0.00, 0.00, 0.00, 0, 0, 10.00, 'pending', '2026-01-02 15:08:41', NULL, 0, ''),
(720, 6, '2050', '2050-03-31', '2050-01-01', '2050-12-31', 5000.00, 0.00, 0.00, 5000.00, 0.00, 0.00, 0.00, 0.00, 0.00, 0, 0, 10.00, 'pending', '2026-01-02 15:08:41', NULL, 0, ''),
(781, 1, '2020', '2020-03-31', '2020-01-01', '2020-12-31', 1000.00, 50000.00, 0.00, 1000.00, 0.00, 0.00, 0.00, 0.00, 0.00, 0, 0, 10.00, 'pending', '2026-01-02 15:34:19', NULL, 0, ''),
(782, 1, '2021', '2021-03-31', '2021-01-01', '2021-12-31', 1000.00, 0.00, 0.00, 1000.00, 5100.00, 0.00, 0.00, 0.00, 0.00, 0, 0, 10.00, 'pending', '2026-01-02 15:34:19', '2026-01-02', 0, 'Calculated'),
(783, 1, '2022', '2022-03-31', '2022-01-01', '2022-12-31', 1000.00, 0.00, 0.00, 1000.00, 5200.00, 0.00, 0.00, 0.00, 0.00, 0, 0, 10.00, 'pending', '2026-01-02 15:34:19', '2026-01-02', 0, 'Calculated'),
(784, 1, '2023', '2023-03-31', '2023-01-01', '2023-12-31', 1000.00, 0.00, 0.00, 1000.00, 5300.00, 0.00, 0.00, 0.00, 0.00, 0, 0, 10.00, 'pending', '2026-01-02 15:34:19', '2026-01-02', 0, 'Calculated'),
(785, 1, '2024', '2024-03-31', '2024-01-01', '2024-12-31', 1000.00, 0.00, 0.00, 1000.00, 5400.00, 0.00, 0.00, 0.00, 0.00, 0, 0, 10.00, 'pending', '2026-01-02 15:34:19', '2026-01-02', 0, 'Calculated'),
(786, 1, '2025', '2025-03-31', '2025-01-01', '2025-12-31', 1000.00, 0.00, 0.00, 1000.00, 5500.00, 0.00, 0.00, 0.00, 0.00, 0, 0, 10.00, 'pending', '2026-01-02 15:34:19', '2026-01-02', 0, 'Calculated'),
(787, 1, '2026', '2026-03-31', '2026-01-01', '2026-12-31', 1000.00, 0.00, 0.00, 1000.00, 0.00, 0.00, 0.00, 0.00, 0.00, 0, 0, 10.00, 'pending', '2026-01-02 15:34:19', NULL, 0, ''),
(788, 1, '2027', '2027-03-31', '2027-01-01', '2027-12-31', 1000.00, 0.00, 0.00, 1000.00, 0.00, 0.00, 0.00, 0.00, 0.00, 0, 0, 10.00, 'pending', '2026-01-02 15:34:19', NULL, 0, ''),
(789, 1, '2028', '2028-03-31', '2028-01-01', '2028-12-31', 1000.00, 0.00, 0.00, 1000.00, 0.00, 0.00, 0.00, 0.00, 0.00, 0, 0, 10.00, 'pending', '2026-01-02 15:34:19', NULL, 0, ''),
(790, 1, '2029', '2029-03-31', '2029-01-01', '2029-12-31', 1000.00, 0.00, 0.00, 1000.00, 0.00, 0.00, 0.00, 0.00, 0.00, 0, 0, 10.00, 'pending', '2026-01-02 15:34:19', NULL, 0, ''),
(791, 1, '2030', '2030-03-31', '2030-01-01', '2030-12-31', 1000.00, 0.00, 0.00, 1000.00, 0.00, 0.00, 0.00, 0.00, 0.00, 0, 0, 10.00, 'pending', '2026-01-02 15:34:19', NULL, 0, ''),
(792, 1, '2031', '2031-03-31', '2031-01-01', '2031-12-31', 1000.00, 0.00, 0.00, 1000.00, 0.00, 0.00, 0.00, 0.00, 0.00, 0, 0, 10.00, 'pending', '2026-01-02 15:34:19', NULL, 0, ''),
(793, 1, '2032', '2032-03-31', '2032-01-01', '2032-12-31', 1000.00, 0.00, 0.00, 1000.00, 0.00, 0.00, 0.00, 0.00, 0.00, 0, 0, 10.00, 'pending', '2026-01-02 15:34:19', NULL, 0, ''),
(794, 1, '2033', '2033-03-31', '2033-01-01', '2033-12-31', 1000.00, 0.00, 0.00, 1000.00, 0.00, 0.00, 0.00, 0.00, 0.00, 0, 0, 10.00, 'pending', '2026-01-02 15:34:19', NULL, 0, ''),
(795, 1, '2034', '2034-03-31', '2034-01-01', '2034-12-31', 1000.00, 0.00, 0.00, 1000.00, 0.00, 0.00, 0.00, 0.00, 0.00, 0, 0, 10.00, 'pending', '2026-01-02 15:34:19', NULL, 0, ''),
(796, 1, '2035', '2035-03-31', '2035-01-01', '2035-12-31', 1000.00, 0.00, 0.00, 1000.00, 0.00, 0.00, 0.00, 0.00, 0.00, 0, 0, 10.00, 'pending', '2026-01-02 15:34:19', NULL, 0, ''),
(797, 1, '2036', '2036-03-31', '2036-01-01', '2036-12-31', 1000.00, 0.00, 0.00, 1000.00, 0.00, 0.00, 0.00, 0.00, 0.00, 0, 0, 10.00, 'pending', '2026-01-02 15:34:19', NULL, 0, ''),
(798, 1, '2037', '2037-03-31', '2037-01-01', '2037-12-31', 1000.00, 0.00, 0.00, 1000.00, 0.00, 0.00, 0.00, 0.00, 0.00, 0, 0, 10.00, 'pending', '2026-01-02 15:34:19', NULL, 0, ''),
(799, 1, '2038', '2038-03-31', '2038-01-01', '2038-12-31', 1000.00, 0.00, 0.00, 1000.00, 0.00, 0.00, 0.00, 0.00, 0.00, 0, 0, 10.00, 'pending', '2026-01-02 15:34:19', NULL, 0, ''),
(800, 1, '2039', '2039-03-31', '2039-01-01', '2039-12-31', 1000.00, 0.00, 0.00, 1000.00, 0.00, 0.00, 0.00, 0.00, 0.00, 0, 0, 10.00, 'pending', '2026-01-02 15:34:19', NULL, 0, ''),
(801, 1, '2040', '2040-03-31', '2040-01-01', '2040-12-31', 1000.00, 0.00, 0.00, 1000.00, 0.00, 0.00, 0.00, 0.00, 0.00, 0, 0, 10.00, 'pending', '2026-01-02 15:34:19', NULL, 0, ''),
(802, 1, '2041', '2041-03-31', '2041-01-01', '2041-12-31', 1000.00, 0.00, 0.00, 1000.00, 0.00, 0.00, 0.00, 0.00, 0.00, 0, 0, 10.00, 'pending', '2026-01-02 15:34:19', NULL, 0, ''),
(803, 1, '2042', '2042-03-31', '2042-01-01', '2042-12-31', 1000.00, 0.00, 0.00, 1000.00, 0.00, 0.00, 0.00, 0.00, 0.00, 0, 0, 10.00, 'pending', '2026-01-02 15:34:19', NULL, 0, ''),
(804, 1, '2043', '2043-03-31', '2043-01-01', '2043-12-31', 1000.00, 0.00, 0.00, 1000.00, 0.00, 0.00, 0.00, 0.00, 0.00, 0, 0, 10.00, 'pending', '2026-01-02 15:34:19', NULL, 0, ''),
(805, 1, '2044', '2044-03-31', '2044-01-01', '2044-12-31', 1000.00, 0.00, 0.00, 1000.00, 0.00, 0.00, 0.00, 0.00, 0.00, 0, 0, 10.00, 'pending', '2026-01-02 15:34:19', NULL, 0, ''),
(806, 1, '2045', '2045-03-31', '2045-01-01', '2045-12-31', 1000.00, 0.00, 0.00, 1000.00, 0.00, 0.00, 0.00, 0.00, 0.00, 0, 0, 10.00, 'pending', '2026-01-02 15:34:19', NULL, 0, ''),
(807, 1, '2046', '2046-03-31', '2046-01-01', '2046-12-31', 1000.00, 0.00, 0.00, 1000.00, 0.00, 0.00, 0.00, 0.00, 0.00, 0, 0, 10.00, 'pending', '2026-01-02 15:34:19', NULL, 0, ''),
(808, 1, '2047', '2047-03-31', '2047-01-01', '2047-12-31', 1000.00, 0.00, 0.00, 1000.00, 0.00, 0.00, 0.00, 0.00, 0.00, 0, 0, 10.00, 'pending', '2026-01-02 15:34:19', NULL, 0, ''),
(809, 1, '2048', '2048-03-31', '2048-01-01', '2048-12-31', 1000.00, 0.00, 0.00, 1000.00, 0.00, 0.00, 0.00, 0.00, 0.00, 0, 0, 10.00, 'pending', '2026-01-02 15:34:19', NULL, 0, ''),
(810, 1, '2049', '2049-03-31', '2049-01-01', '2049-12-31', 1000.00, 0.00, 0.00, 1000.00, 0.00, 0.00, 0.00, 0.00, 0.00, 0, 0, 10.00, 'pending', '2026-01-02 15:34:19', NULL, 0, ''),
(841, 3, '2020', '2020-03-31', '2020-01-01', '2020-12-31', 1000.00, 0.00, 0.00, 1000.00, 0.00, 0.00, 0.00, 0.00, 0.00, 0, 0, 10.00, 'pending', '2026-01-02 15:36:33', NULL, 0, ''),
(842, 3, '2021', '2021-03-31', '2021-01-01', '2021-12-31', 1000.00, 0.00, 0.00, 1000.00, 100.00, 0.00, 0.00, 0.00, 0.00, 0, 0, 10.00, 'pending', '2026-01-02 15:36:33', '2026-01-02', 0, 'Calculated'),
(843, 3, '2022', '2022-03-31', '2022-01-01', '2022-12-31', 1000.00, 0.00, 0.00, 1000.00, 200.00, 0.00, 0.00, 0.00, 0.00, 0, 0, 10.00, 'pending', '2026-01-02 15:36:33', '2026-01-02', 0, 'Calculated'),
(844, 3, '2023', '2023-03-31', '2023-01-01', '2023-12-31', 1000.00, 0.00, 0.00, 1000.00, 300.00, 0.00, 0.00, 0.00, 0.00, 0, 0, 10.00, 'pending', '2026-01-02 15:36:33', '2026-01-02', 0, 'Calculated'),
(845, 3, '2024', '2024-03-31', '2024-01-01', '2024-12-31', 1000.00, 0.00, 0.00, 1000.00, 400.00, 0.00, 0.00, 0.00, 0.00, 0, 0, 10.00, 'pending', '2026-01-02 15:36:33', '2026-01-02', 0, 'Calculated'),
(846, 3, '2025', '2025-03-31', '2025-01-01', '2025-12-31', 1000.00, 0.00, 0.00, 1000.00, 500.00, 0.00, 0.00, 0.00, 0.00, 0, 0, 10.00, 'pending', '2026-01-02 15:36:33', '2026-01-02', 0, 'Calculated'),
(847, 3, '2026', '2026-03-31', '2026-01-01', '2026-12-31', 1000.00, 0.00, 0.00, 1000.00, 0.00, 0.00, 0.00, 0.00, 0.00, 0, 0, 10.00, 'pending', '2026-01-02 15:36:33', NULL, 0, ''),
(848, 3, '2027', '2027-03-31', '2027-01-01', '2027-12-31', 1000.00, 0.00, 0.00, 1000.00, 0.00, 0.00, 0.00, 0.00, 0.00, 0, 0, 10.00, 'pending', '2026-01-02 15:36:33', NULL, 0, ''),
(849, 3, '2028', '2028-03-31', '2028-01-01', '2028-12-31', 1000.00, 0.00, 0.00, 1000.00, 0.00, 0.00, 0.00, 0.00, 0.00, 0, 0, 10.00, 'pending', '2026-01-02 15:36:33', NULL, 0, ''),
(850, 3, '2029', '2029-03-31', '2029-01-01', '2029-12-31', 1000.00, 0.00, 0.00, 1000.00, 0.00, 0.00, 0.00, 0.00, 0.00, 0, 0, 10.00, 'pending', '2026-01-02 15:36:33', NULL, 0, ''),
(851, 3, '2030', '2030-03-31', '2030-01-01', '2030-12-31', 1000.00, 0.00, 0.00, 1000.00, 0.00, 0.00, 0.00, 0.00, 0.00, 0, 0, 10.00, 'pending', '2026-01-02 15:36:33', NULL, 0, ''),
(852, 3, '2031', '2031-03-31', '2031-01-01', '2031-12-31', 1000.00, 0.00, 0.00, 1000.00, 0.00, 0.00, 0.00, 0.00, 0.00, 0, 0, 10.00, 'pending', '2026-01-02 15:36:33', NULL, 0, ''),
(853, 3, '2032', '2032-03-31', '2032-01-01', '2032-12-31', 1000.00, 0.00, 0.00, 1000.00, 0.00, 0.00, 0.00, 0.00, 0.00, 0, 0, 10.00, 'pending', '2026-01-02 15:36:33', NULL, 0, ''),
(854, 3, '2033', '2033-03-31', '2033-01-01', '2033-12-31', 1000.00, 0.00, 0.00, 1000.00, 0.00, 0.00, 0.00, 0.00, 0.00, 0, 0, 10.00, 'pending', '2026-01-02 15:36:33', NULL, 0, ''),
(855, 3, '2034', '2034-03-31', '2034-01-01', '2034-12-31', 1000.00, 0.00, 0.00, 1000.00, 0.00, 0.00, 0.00, 0.00, 0.00, 0, 0, 10.00, 'pending', '2026-01-02 15:36:33', NULL, 0, ''),
(856, 3, '2035', '2035-03-31', '2035-01-01', '2035-12-31', 1000.00, 0.00, 0.00, 1000.00, 0.00, 0.00, 0.00, 0.00, 0.00, 0, 0, 10.00, 'pending', '2026-01-02 15:36:33', NULL, 0, ''),
(857, 3, '2036', '2036-03-31', '2036-01-01', '2036-12-31', 1000.00, 0.00, 0.00, 1000.00, 0.00, 0.00, 0.00, 0.00, 0.00, 0, 0, 10.00, 'pending', '2026-01-02 15:36:33', NULL, 0, ''),
(858, 3, '2037', '2037-03-31', '2037-01-01', '2037-12-31', 1000.00, 0.00, 0.00, 1000.00, 0.00, 0.00, 0.00, 0.00, 0.00, 0, 0, 10.00, 'pending', '2026-01-02 15:36:33', NULL, 0, ''),
(859, 3, '2038', '2038-03-31', '2038-01-01', '2038-12-31', 1000.00, 0.00, 0.00, 1000.00, 0.00, 0.00, 0.00, 0.00, 0.00, 0, 0, 10.00, 'pending', '2026-01-02 15:36:33', NULL, 0, ''),
(860, 3, '2039', '2039-03-31', '2039-01-01', '2039-12-31', 1000.00, 0.00, 0.00, 1000.00, 0.00, 0.00, 0.00, 0.00, 0.00, 0, 0, 10.00, 'pending', '2026-01-02 15:36:33', NULL, 0, ''),
(861, 3, '2040', '2040-03-31', '2040-01-01', '2040-12-31', 1000.00, 0.00, 0.00, 1000.00, 0.00, 0.00, 0.00, 0.00, 0.00, 0, 0, 10.00, 'pending', '2026-01-02 15:36:33', NULL, 0, ''),
(862, 3, '2041', '2041-03-31', '2041-01-01', '2041-12-31', 1000.00, 0.00, 0.00, 1000.00, 0.00, 0.00, 0.00, 0.00, 0.00, 0, 0, 10.00, 'pending', '2026-01-02 15:36:33', NULL, 0, ''),
(863, 3, '2042', '2042-03-31', '2042-01-01', '2042-12-31', 1000.00, 0.00, 0.00, 1000.00, 0.00, 0.00, 0.00, 0.00, 0.00, 0, 0, 10.00, 'pending', '2026-01-02 15:36:33', NULL, 0, ''),
(864, 3, '2043', '2043-03-31', '2043-01-01', '2043-12-31', 1000.00, 0.00, 0.00, 1000.00, 0.00, 0.00, 0.00, 0.00, 0.00, 0, 0, 10.00, 'pending', '2026-01-02 15:36:33', NULL, 0, ''),
(865, 3, '2044', '2044-03-31', '2044-01-01', '2044-12-31', 1000.00, 0.00, 0.00, 1000.00, 0.00, 0.00, 0.00, 0.00, 0.00, 0, 0, 10.00, 'pending', '2026-01-02 15:36:33', NULL, 0, ''),
(866, 3, '2045', '2045-03-31', '2045-01-01', '2045-12-31', 1000.00, 0.00, 0.00, 1000.00, 0.00, 0.00, 0.00, 0.00, 0.00, 0, 0, 10.00, 'pending', '2026-01-02 15:36:33', NULL, 0, ''),
(867, 3, '2046', '2046-03-31', '2046-01-01', '2046-12-31', 1000.00, 0.00, 0.00, 1000.00, 0.00, 0.00, 0.00, 0.00, 0.00, 0, 0, 10.00, 'pending', '2026-01-02 15:36:33', NULL, 0, ''),
(868, 3, '2047', '2047-03-31', '2047-01-01', '2047-12-31', 1000.00, 0.00, 0.00, 1000.00, 0.00, 0.00, 0.00, 0.00, 0.00, 0, 0, 10.00, 'pending', '2026-01-02 15:36:33', NULL, 0, ''),
(869, 3, '2048', '2048-03-31', '2048-01-01', '2048-12-31', 1000.00, 0.00, 0.00, 1000.00, 0.00, 0.00, 0.00, 0.00, 0.00, 0, 0, 10.00, 'pending', '2026-01-02 15:36:33', NULL, 0, ''),
(870, 3, '2049', '2049-03-31', '2049-01-01', '2049-12-31', 1000.00, 0.00, 0.00, 1000.00, 0.00, 0.00, 0.00, 0.00, 0.00, 0, 0, 10.00, 'pending', '2026-01-02 15:36:33', NULL, 0, ''),
(871, 4, '2020', '2020-03-31', '2020-08-01', '2021-07-31', 240000.04, 720000.12, 0.00, 240000.04, 0.00, 0.00, 0.00, 0.00, 0.00, 0, 0, 10.00, 'pending', '2026-01-02 15:52:20', NULL, 0, ''),
(872, 4, '2021', '2021-03-31', '2021-08-01', '2022-07-31', 240000.04, 0.00, 0.00, 240000.04, 96000.02, 0.00, 0.00, 28000.00, 28000.00, 0, 0, 10.00, 'pending', '2026-01-02 15:52:20', '2026-01-02', 0, 'Calculated'),
(873, 4, '2022', '2022-03-31', '2022-08-01', '2023-07-31', 240000.04, 0.00, 0.00, 240000.04, 120000.02, 0.00, 0.00, 0.00, 0.00, 0, 0, 10.00, 'pending', '2026-01-02 15:52:20', '2026-01-02', 0, 'Calculated'),
(874, 4, '2023', '2023-03-31', '2023-08-01', '2024-07-31', 240000.04, 0.00, 0.00, 240000.04, 144000.02, 0.00, 0.00, 0.00, 0.00, 0, 0, 10.00, 'pending', '2026-01-02 15:52:20', '2026-01-02', 0, 'Calculated'),
(875, 4, '2024', '2024-03-31', '2024-08-01', '2025-07-31', 240000.04, 0.00, 0.00, 240000.04, 168000.03, 0.00, 0.00, 0.00, 0.00, 0, 0, 10.00, 'pending', '2026-01-02 15:52:20', '2026-01-02', 0, 'Calculated'),
(876, 4, '2025', '2025-03-31', '2025-08-01', '2026-07-31', 240000.04, 0.00, 0.00, 240000.04, 192000.03, 0.00, 0.00, 0.00, 0.00, 0, 0, 10.00, 'pending', '2026-01-02 15:52:20', '2026-01-02', 0, 'Calculated'),
(877, 4, '2026', '2026-03-31', '2026-08-01', '2027-07-31', 240000.04, 0.00, 0.00, 240000.04, 0.00, 0.00, 0.00, 0.00, 0.00, 0, 0, 10.00, 'pending', '2026-01-02 15:52:20', NULL, 0, ''),
(878, 4, '2027', '2027-03-31', '2027-08-01', '2028-07-31', 240000.04, 0.00, 0.00, 240000.04, 0.00, 0.00, 0.00, 0.00, 0.00, 0, 0, 10.00, 'pending', '2026-01-02 15:52:20', NULL, 0, ''),
(879, 4, '2028', '2028-03-31', '2028-08-01', '2029-07-31', 240000.04, 0.00, 0.00, 240000.04, 0.00, 0.00, 0.00, 0.00, 0.00, 0, 0, 10.00, 'pending', '2026-01-02 15:52:20', NULL, 0, ''),
(880, 4, '2029', '2029-03-31', '2029-08-01', '2030-07-31', 240000.04, 0.00, 0.00, 240000.04, 0.00, 0.00, 0.00, 0.00, 0.00, 0, 0, 10.00, 'pending', '2026-01-02 15:52:20', NULL, 0, ''),
(881, 4, '2030', '2030-03-31', '2030-08-01', '2031-07-31', 240000.04, 0.00, 0.00, 240000.04, 0.00, 0.00, 0.00, 0.00, 0.00, 0, 0, 10.00, 'pending', '2026-01-02 15:52:20', NULL, 0, ''),
(882, 4, '2031', '2031-03-31', '2031-08-01', '2032-07-31', 240000.04, 0.00, 0.00, 240000.04, 0.00, 0.00, 0.00, 0.00, 0.00, 0, 0, 10.00, 'pending', '2026-01-02 15:52:20', NULL, 0, ''),
(883, 4, '2032', '2032-03-31', '2032-08-01', '2033-07-31', 240000.04, 0.00, 0.00, 240000.04, 0.00, 0.00, 0.00, 0.00, 0.00, 0, 0, 10.00, 'pending', '2026-01-02 15:52:20', NULL, 0, ''),
(884, 4, '2033', '2033-03-31', '2033-08-01', '2034-07-31', 240000.04, 0.00, 0.00, 240000.04, 0.00, 0.00, 0.00, 0.00, 0.00, 0, 0, 10.00, 'pending', '2026-01-02 15:52:20', NULL, 0, ''),
(885, 4, '2034', '2034-03-31', '2034-08-01', '2035-07-31', 240000.04, 0.00, 0.00, 240000.04, 0.00, 0.00, 0.00, 0.00, 0.00, 0, 0, 10.00, 'pending', '2026-01-02 15:52:20', NULL, 0, ''),
(886, 4, '2035', '2035-03-31', '2035-08-01', '2036-07-31', 240000.04, 0.00, 0.00, 240000.04, 0.00, 0.00, 0.00, 0.00, 0.00, 0, 0, 10.00, 'pending', '2026-01-02 15:52:20', NULL, 0, ''),
(887, 4, '2036', '2036-03-31', '2036-08-01', '2037-07-31', 240000.04, 0.00, 0.00, 240000.04, 0.00, 0.00, 0.00, 0.00, 0.00, 0, 0, 10.00, 'pending', '2026-01-02 15:52:20', NULL, 0, ''),
(888, 4, '2037', '2037-03-31', '2037-08-01', '2038-07-31', 240000.04, 0.00, 0.00, 240000.04, 0.00, 0.00, 0.00, 0.00, 0.00, 0, 0, 10.00, 'pending', '2026-01-02 15:52:20', NULL, 0, ''),
(889, 4, '2038', '2038-03-31', '2038-08-01', '2039-07-31', 240000.04, 0.00, 0.00, 240000.04, 0.00, 0.00, 0.00, 0.00, 0.00, 0, 0, 10.00, 'pending', '2026-01-02 15:52:20', NULL, 0, ''),
(890, 4, '2039', '2039-03-31', '2039-08-01', '2040-07-31', 240000.04, 0.00, 0.00, 240000.04, 0.00, 0.00, 0.00, 0.00, 0.00, 0, 0, 10.00, 'pending', '2026-01-02 15:52:20', NULL, 0, ''),
(891, 4, '2040', '2040-03-31', '2040-08-01', '2041-07-31', 240000.04, 0.00, 0.00, 240000.04, 0.00, 0.00, 0.00, 0.00, 0.00, 0, 0, 10.00, 'pending', '2026-01-02 15:52:20', NULL, 0, ''),
(892, 4, '2041', '2041-03-31', '2041-08-01', '2042-07-31', 240000.04, 0.00, 0.00, 240000.04, 0.00, 0.00, 0.00, 0.00, 0.00, 0, 0, 10.00, 'pending', '2026-01-02 15:52:20', NULL, 0, ''),
(893, 4, '2042', '2042-03-31', '2042-08-01', '2043-07-31', 240000.04, 0.00, 0.00, 240000.04, 0.00, 0.00, 0.00, 0.00, 0.00, 0, 0, 10.00, 'pending', '2026-01-02 15:52:20', NULL, 0, ''),
(894, 4, '2043', '2043-03-31', '2043-08-01', '2044-07-31', 240000.04, 0.00, 0.00, 240000.04, 0.00, 0.00, 0.00, 0.00, 0.00, 0, 0, 10.00, 'pending', '2026-01-02 15:52:20', NULL, 0, ''),
(895, 4, '2044', '2044-03-31', '2044-08-01', '2045-07-31', 240000.04, 0.00, 0.00, 240000.04, 0.00, 0.00, 0.00, 0.00, 0.00, 0, 0, 10.00, 'pending', '2026-01-02 15:52:20', NULL, 0, ''),
(896, 4, '2045', '2045-03-31', '2045-08-01', '2046-07-31', 240000.04, 0.00, 0.00, 240000.04, 0.00, 0.00, 0.00, 0.00, 0.00, 0, 0, 10.00, 'pending', '2026-01-02 15:52:20', NULL, 0, ''),
(897, 4, '2046', '2046-03-31', '2046-08-01', '2047-07-31', 240000.04, 0.00, 0.00, 240000.04, 0.00, 0.00, 0.00, 0.00, 0.00, 0, 0, 10.00, 'pending', '2026-01-02 15:52:20', NULL, 0, ''),
(898, 4, '2047', '2047-03-31', '2047-08-01', '2048-07-31', 240000.04, 0.00, 0.00, 240000.04, 0.00, 0.00, 0.00, 0.00, 0.00, 0, 0, 10.00, 'pending', '2026-01-02 15:52:20', NULL, 0, ''),
(899, 4, '2048', '2048-03-31', '2048-08-01', '2049-07-31', 240000.04, 0.00, 0.00, 240000.04, 0.00, 0.00, 0.00, 0.00, 0.00, 0, 0, 10.00, 'pending', '2026-01-02 15:52:20', NULL, 0, ''),
(900, 4, '2049', '2049-03-31', '2049-08-01', '2050-07-31', 240000.04, 0.00, 0.00, 240000.04, 0.00, 0.00, 0.00, 0.00, 0.00, 0, 0, 10.00, 'pending', '2026-01-02 15:52:20', NULL, 0, '');

-- --------------------------------------------------------

--
-- Table structure for table `rl_premium_change`
--

CREATE TABLE `rl_premium_change` (
  `id` int(11) NOT NULL,
  `lease_id` int(11) NOT NULL,
  `schedule_id` int(11) NOT NULL,
  `old_amount` decimal(10,2) NOT NULL,
  `new_amount` decimal(10,2) NOT NULL,
  `created_by` int(11) NOT NULL,
  `record_on` datetime NOT NULL,
  `status` int(11) NOT NULL DEFAULT 1
) ENGINE=InnoDB DEFAULT CHARSET=utf8 COLLATE=utf8_general_ci;

--
-- Dumping data for table `rl_premium_change`
--

INSERT INTO `rl_premium_change` (`id`, `lease_id`, `schedule_id`, `old_amount`, `new_amount`, `created_by`, `record_on`, `status`) VALUES
(1, 1, 61, 150000.00, 0.00, 1, '2025-12-09 16:37:56', 0);

-- --------------------------------------------------------

--
-- Table structure for table `rl_reminders`
--

CREATE TABLE `rl_reminders` (
  `id` int(11) NOT NULL,
  `lease_id` int(11) NOT NULL,
  `reminders_type` varchar(50) NOT NULL,
  `sent_date` date DEFAULT NULL,
  `status` int(11) NOT NULL DEFAULT 1,
  `created_by` int(11) NOT NULL,
  `created_on` varchar(50) NOT NULL
) ENGINE=InnoDB DEFAULT CHARSET=utf8 COLLATE=utf8_general_ci;

--
-- Dumping data for table `rl_reminders`
--

INSERT INTO `rl_reminders` (`id`, `lease_id`, `reminders_type`, `sent_date`, `status`, `created_by`, `created_on`) VALUES
(1, 1, 'Annexure 09', '2025-12-09', 1, 1, '2025-12-09 17:06:53'),
(2, 2, 'Annexure 09', '2025-12-22', 0, 1, '2025-12-22 11:48:06'),
(3, 2, 'Annexure 09', '2026-01-01', 1, 1, '2026-01-01 12:18:09'),
(4, 1, 'Annexure 09', '2026-01-01', 1, 1, '2026-01-01 18:26:34'),
(5, 1, 'Annexure 09', '2026-03-01', 1, 1, '2026-01-01 18:27:10'),
(6, 4, 'Annexure 09', '2026-07-01', 1, 1, '2026-01-01 18:29:29'),
(7, 1, 'Annexure 09', '2026-11-01', 1, 1, '2026-01-01 18:30:00'),
(8, 5, 'Annexure 09', '2026-01-02', 1, 1, '2026-01-02 08:55:24'),
(9, 4, 'Annexure 09', '2026-01-02', 1, 1, '2026-01-02 14:47:09');

-- --------------------------------------------------------

--
-- Table structure for table `rl_valuvation_paid`
--

CREATE TABLE `rl_valuvation_paid` (
  `paid_id` int(11) NOT NULL,
  `rl_lease_id` int(11) NOT NULL,
  `amount` decimal(10,2) NOT NULL,
  `location_id` int(11) NOT NULL,
  `mode_payment` varchar(50) NOT NULL,
  `receipt_number` varchar(150) NOT NULL,
  `memo` varchar(200) NOT NULL,
  `status` int(11) NOT NULL DEFAULT 1
) ENGINE=InnoDB DEFAULT CHARSET=utf8mb4 COLLATE=utf8mb4_general_ci;

--
-- Dumping data for table `rl_valuvation_paid`
--

INSERT INTO `rl_valuvation_paid` (`paid_id`, `rl_lease_id`, `amount`, `location_id`, `mode_payment`, `receipt_number`, `memo`, `status`) VALUES
(1, 1, 10000.00, 0, 'Cash', '454D454', 'd', 1),
(2, 5, 58000.00, 0, 'Cash', 'sss', '', 1);

-- --------------------------------------------------------

--
-- Table structure for table `rl_write_off`
--

CREATE TABLE `rl_write_off` (
  `id` int(11) NOT NULL,
  `lease_id` int(11) NOT NULL,
  `schedule_id` int(11) NOT NULL,
  `write_off_amount` decimal(10,2) NOT NULL,
  `created_by` int(11) NOT NULL,
  `created_on` datetime NOT NULL DEFAULT current_timestamp(),
  `status` int(11) NOT NULL DEFAULT 1
) ENGINE=InnoDB DEFAULT CHARSET=utf8 COLLATE=utf8_general_ci;

--
-- Dumping data for table `rl_write_off`
--

INSERT INTO `rl_write_off` (`id`, `lease_id`, `schedule_id`, `write_off_amount`, `created_by`, `created_on`, `status`) VALUES
(3, 4, 92, 800.00, 1, '2026-01-01 11:35:24', 0),
(4, 5, 632, 463.00, 1, '2026-01-02 08:49:42', 1),
(5, 3, 842, 100.00, 1, '2026-01-02 15:39:51', 0),
(6, 3, 842, 100.00, 1, '2026-01-02 15:41:20', 0);

-- --------------------------------------------------------

--
-- Table structure for table `sms_log`
--

CREATE TABLE `sms_log` (
  `id` int(11) NOT NULL,
  `lease_id` int(11) NOT NULL,
  `mobile_number` varchar(30) NOT NULL,
  `sms_type` varchar(30) NOT NULL,
  `sms_text` varchar(300) NOT NULL,
  `sent_status` varchar(30) NOT NULL,
  `delivery_status` varchar(30) NOT NULL,
  `status` int(11) NOT NULL DEFAULT 1
) ENGINE=InnoDB DEFAULT CHARSET=utf8 COLLATE=utf8_general_ci;

--
-- Dumping data for table `sms_log`
--

INSERT INTO `sms_log` (`id`, `lease_id`, `mobile_number`, `sms_type`, `sms_text`, `sent_status`, `delivery_status`, `status`) VALUES
(1, 1001, '770888501', 'SYSTEM', 'Test SMS Via Gatway.', 'failed', '', 1),
(2, 1001, '770888501', 'SYSTEM', 'Test SMS Via Gatway.', 'failed', '', 1),
(3, 1001, '770888501', 'SYSTEM', 'Test SMS Via Gatway.', 'failed', '', 1),
(4, 1001, '771234567', 'SYSTEM', 'Test SMS from system', 'failed', '', 1),
(5, 1001, '771234567', 'SYSTEM', 'Test SMS from system', 'failed', '', 1),
(6, 123, '771234567', 'SYSTEM', 'Your lease instalment is due on 25-11-2025.', 'success', '147103897', 1),
(7, 123, '770888501', 'SYSTEM', 'Test SMS from eSMS API', 'success', '147103930', 1),
(8, 123, '770888501', 'Test SMS', 'Test SMS from eSMS API', 'success', '147188252', 1),
(9, 123, '770888501', 'Test SMS', 'Test SMS from eSMS API', 'success', '147192157', 1),
(10, 123, '770888501', 'SYSTEM', 'Test SMS from eSMS API', 'success', '147192438', 1),
(11, 0, '740888501', 'SYSTEM', 'Your device registration token for IRMIS: 52977559', 'success', '147195863', 1),
(12, 0, '740888501', 'SYSTEM', 'Your device registration token for IRMIS: 86349637', 'success', '147531014', 1),
(13, 0, '740888501', 'SYSTEM', 'Your device registration token for IRMIS: 20901490', 'success', '147531154', 1),
(14, 0, '', 'SYSTEM', 'Dear Sys Admin, your IRMIS login token is: 17505. Use this token to access your account.', 'failed', '', 1),
(15, 0, '', 'SYSTEM', 'Dear Sys Admin, your IRMIS login token is: 25308. Use this token to access your account.', 'failed', '', 1),
(16, 0, '', 'SYSTEM', 'Dear Sys Admin, your IRMIS login token is: 84692. Use this token to access your account.', 'failed', '', 1),
(17, 0, '740888501', 'SYSTEM', 'Dear Sys Admin, your IRMIS login token is: 74785. Use this token to access your account.', 'success', '149397158', 1),
(18, 0, '777043593', 'SYSTEM', 'You are invited to set up your IRMIS account.  Token: 42862 , Use New User button on the login page', 'success', '149431960', 1),
(19, 0, '773233243', 'SYSTEM', 'You are invited to set up your IRMIS account.  Token: 97216 , Use New User button on the login page', 'success', '149432019', 1),
(20, 45, '770888501', 'SYSTEM', 'உங்கள் கட்டணம் பெறப்பட்டது. சிட்டை எண்: PIV 1545 , தொகை: ரூ. 5,000.00t . நன்றி', 'success', '149849853', 1),
(21, 0, '740888501', 'SYSTEM', 'Your device registration token for IRMIS: 8589', 'success', '149996781', 1),
(22, 0, '740888501', 'SYSTEM', 'Your device registration token for IRMIS: 9653', 'success', '150002416', 1),
(23, 0, '740888501', 'SYSTEM', 'Your device registration token for IRMIS: 5855', 'success', '150956874', 1),
(24, 0, '740888501', 'SYSTEM', 'Reset Token: 607234\nUse this to verify and set a new password.', 'success', '151857750', 1),
(25, 123, '770888501', 'SYSTEM', 'Test SMS from eSMS API', 'success', '151918253', 1),
(26, 123, '770888501', 'SYSTEM', 'Test SMS from eSMS API', 'success', '151918287', 1),
(27, 0, '740888501', 'SYSTEM', 'Your device registration token for IRMIS: 6071', 'success', '151919018', 1),
(28, 0, '740888501', 'SYSTEM', 'Reset Token: 566660\nUse this to verify and set a new password.', 'success', '151931182', 1),
(29, 0, '770888501', 'SYSTEM', 'You are invited to set up your IRMIS account.  Token: 22840 , Use New User button on the login page', 'success', '151931766', 1),
(30, 0, '740888501', 'SYSTEM', 'Reset Token: 846310\nUse this to verify and set a new password.', 'success', '151933627', 1),
(31, 0, '740888501', 'SYSTEM', 'Your device registration token for IRMIS: 3772', 'success', '152979448', 1),
(32, 0, '764489811', 'SYSTEM', 'You are invited to set up your IRMIS account.  Token: 82956 , Use New User button on the login page', 'success', '154326190', 1),
(33, 0, '764489811', 'SYSTEM', 'Your device registration token for IRCMS: 4062', 'success', '154354034', 1),
(34, 0, '764489811', 'SYSTEM', 'Your device registration token for IRCMS: 7695', 'success', '154354045', 1),
(35, 0, '740888501', 'SYSTEM', 'Your device registration token for IRCMS: 1207', 'success', '160098913', 1);

-- --------------------------------------------------------

--
-- Table structure for table `sms_templates`
--

CREATE TABLE `sms_templates` (
  `sms_id` int(11) NOT NULL,
  `sms_name` varchar(100) NOT NULL,
  `tamil_sms` text DEFAULT NULL,
  `english_sms` text DEFAULT NULL,
  `sinhala_sms` text DEFAULT NULL,
  `status` tinyint(1) DEFAULT 1
) ENGINE=InnoDB DEFAULT CHARSET=utf8 COLLATE=utf8_general_ci;

--
-- Dumping data for table `sms_templates`
--

INSERT INTO `sms_templates` (`sms_id`, `sms_name`, `tamil_sms`, `english_sms`, `sinhala_sms`, `status`) VALUES
(1, '01 Reminder 30Days', 'உங்கள் நில வாடகை தொகை ரூ. @payable_amount, @due_date க்குள் செலுத்துமாறு தாழ்மையுடன் கேட்டுக்கொள்கிறோம். நன்றி', 'Your land rent payment of Rs. @payable_amount is kindly requested to be settled on or before @payable_amount. Thank you.', 'ඔබගේ භූමි කුලී ගෙවීම රු. @payable_amount @due_dateට පෙර ගෙවන්නැයි කාරුණිකව ඉල්ලා සිටිමු. ස්තුතියි', 1),
(2, 'Payment', 'உங்கள் கட்டணம் பெறப்பட்டது. சிட்டை எண்: @Receipt_no , தொகை: ரூ. @paid_amount. நன்றி', 'Your payment has been received. Receipt No:@Receipt_no , Amount: Rs. @paid_amount . Thank you', 'ඔබගේ ගෙවීම ලැබී ඇත. රසීදු අංකය: @Receipt_no , මුදල: රු. @paid_amount. ස්තුතියි', 1);

-- --------------------------------------------------------

--
-- Table structure for table `user_device`
--

CREATE TABLE `user_device` (
  `d_id` int(11) NOT NULL,
  `user_id` int(11) NOT NULL,
  `pf_no` varchar(100) NOT NULL,
  `token` varchar(200) NOT NULL,
  `v_from` datetime NOT NULL DEFAULT current_timestamp(),
  `IP` varchar(200) NOT NULL,
  `last_used` varchar(20) NOT NULL
) ENGINE=InnoDB DEFAULT CHARSET=utf8 COLLATE=utf8_general_ci;

--
-- Dumping data for table `user_device`
--

INSERT INTO `user_device` (`d_id`, `user_id`, `pf_no`, `token`, `v_from`, `IP`, `last_used`) VALUES
(1, 0, '0740888501', '1f71e393b3809197ed66df836fe833e5', '2025-07-24 05:32:08', '', ''),
(2, 0, '0740888501', '4079016d940210b4ae9ae7d41c4a2065', '2025-07-25 09:20:25', '', ''),
(3, 0, '0753289502', '68148596109e38cf9367d27875e185be', '2025-07-25 09:27:08', '', ''),
(4, 0, '0740888501', 'a0872cc5b5ca4cc25076f3d868e1bdf8', '2025-07-25 13:10:57', '', ''),
(5, 0, '0740888501', 'd6723e7cd6735df68d1ce4c704c29a04', '2025-07-31 20:19:25', '', ''),
(6, 0, '0711986868', '55c567fd4395ecef6d936cf77b8d5b2b', '2025-08-01 10:36:04', '', ''),
(7, 0, '0740888501', 'f63f65b503e22cb970527f23c9ad7db1', '2025-08-03 20:40:02', '', ''),
(8, 0, '0740888501', 'dca5672ff3444c7e997aa9a2c4eb2094', '2025-08-06 15:55:03', '', ''),
(9, 0, '0740888501', '571e0f7e2d992e738adff8b1bd43a521', '2025-08-22 18:33:35', '', ''),
(10, 0, '0740888501', 'e3251075554389fe91d17a794861d47b', '2025-09-14 08:15:33', '', ''),
(11, 0, '0740888501', 'e8dfff4676a47048d6f0c4ef899593dd', '2025-10-11 13:07:01', '', ''),
(12, 0, '0740888501', '61b1fb3f59e28c67f3925f3c79be81a1', '2025-10-18 13:16:51', '', ''),
(13, 0, '0740888501', '7e9e346dc5fd268b49bf418523af8679', '2025-10-21 13:47:20', '', ''),
(14, 0, '0740888501', 'b710915795b9e9c02cf10d6d2bdb688c', '2025-10-21 14:32:19', '', ''),
(15, 0, '0740888501', '19de10adbaa1b2ee13f77f679fa1483a', '2025-10-25 17:50:58', '', ''),
(16, 0, '0740888501', '4da04049a062f5adfe81b67dd755cecc', '2025-10-29 08:55:43', '', ''),
(17, 0, '0740888501', '90599c8fdd2f6e7a03ad173e2f535751', '2025-11-02 17:45:33', '', ''),
(18, 0, '0740888501', 'f60bb6bb4c96d4df93c51bd69dcc15a0', '2025-11-02 19:01:53', '', ''),
(19, 0, '0740888501', 'f442d33fa06832082290ad8544a8da27', '2025-11-19 10:25:23', '', ''),
(20, 0, '0740888501', '15231a7ce4ba789d13b722cc5c955834', '2025-11-19 21:09:32', '', ''),
(21, 0, '0740888501', '7d6044e95a16761171b130dcb476a43e', '2025-11-24 18:29:36', '', ''),
(22, 0, '0773233243', '18ead4c77c3f40dabf9735432ac9d97a', '2025-11-25 21:56:43', '', ''),
(23, 0, '0740888501', 'ced556cd9f9c0c8315cfbe0744a3baf0', '2025-12-05 20:38:09', '', ''),
(24, 0, '0764489811', '865dfbde8a344b44095495f3591f7407', '2025-12-09 15:51:50', '', ''),
(25, 0, '0740888501', '3c1e4bd67169b8153e0047536c9f541e', '2025-12-22 10:10:46', '', '');

-- --------------------------------------------------------

--
-- Table structure for table `user_license`
--

CREATE TABLE `user_license` (
  `usr_id` int(11) NOT NULL,
  `customer` int(11) NOT NULL,
  `username` varchar(100) NOT NULL,
  `mobile_no` varchar(12) NOT NULL,
  `role_id` int(11) NOT NULL,
  `password` varchar(500) NOT NULL,
  `user_rights` varchar(100) NOT NULL,
  `account_status` int(5) NOT NULL DEFAULT 2,
  `i_name` varchar(50) NOT NULL,
  `nic` varchar(30) NOT NULL,
  `company` varchar(500) NOT NULL,
  `token` varchar(112) NOT NULL,
  `dr_token` varchar(112) NOT NULL,
  `last_log_in` varchar(50) NOT NULL,
  `last_token` varchar(180) NOT NULL,
  `material` int(11) NOT NULL,
  `accounts` int(11) NOT NULL,
  `store` int(11) NOT NULL DEFAULT 1,
  `admin` int(11) NOT NULL DEFAULT 1,
  `report` int(11) NOT NULL,
  `opd` int(11) NOT NULL,
  `ip` int(11) NOT NULL
) ENGINE=InnoDB DEFAULT CHARSET=utf8 COLLATE=utf8_general_ci;

--
-- Dumping data for table `user_license`
--

INSERT INTO `user_license` (`usr_id`, `customer`, `username`, `mobile_no`, `role_id`, `password`, `user_rights`, `account_status`, `i_name`, `nic`, `company`, `token`, `dr_token`, `last_log_in`, `last_token`, `material`, `accounts`, `store`, `admin`, `report`, `opd`, `ip`) VALUES
(1, 0, '0740888501', '', 1, '$2y$10$UzqimHu/SDZmxjZfpMRi8O0ikKw9UPBsv7wwwpuM3FSjxDrL/vt2C', '', 1, 'Sys Admin', '', '', '846310', '1207', '2026-01-03 16:17:00', 'c1d2819bab949c4203cdfd37f2be5dd0fe01ee3b377746386a065aacf943278e', 0, 0, 1, 1, 0, 0, 0),
(104, 0, '0773233243', '0773233243', 1, '$2y$10$JmOyS5.0x67ZfC5ojrWOuOWhQDSrUer59Msqm9aavaJZaeA26AJIm', '', 1, 'Sinthuja', '', '', 'Expired', '2483', '2025-11-25 21:56:16', '30b9cdda3cbfd0cf219337f0409a048a717a73d0bd3e643e8f4d8007a8297ac1', 0, 0, 1, 1, 0, 0, 0),
(105, 0, '0777043593', '0777043593', 1, '', '', 2, 'Thusiyanthan', '', '', '40968', '', '', '', 0, 0, 1, 1, 0, 0, 0),
(106, 0, '0770888501', '0770888501', 1, '', '', 0, 'test', '89', '', '22840', '', '', '', 0, 0, 1, 1, 0, 0, 0),
(107, 0, '0764489811', '', 1, '$2y$10$myoZ6I2KGbIOjegB.s1s4uZ/SbCpaz9XwtWHjD0.sr3VLoaB7VnvK', '', 1, 'S.Sujitha', '198779201964', '', 'Expired', '7695', '2025-12-09 16:31:00', '216762cb4352ef930cc2ec5f813ccc05a733f10872528d9b143da474dd41408f', 0, 0, 1, 1, 0, 0, 0);

-- --------------------------------------------------------

--
-- Table structure for table `user_location`
--

CREATE TABLE `user_location` (
  `id` int(11) NOT NULL,
  `usr_id` int(11) NOT NULL,
  `location_id` int(11) NOT NULL
) ENGINE=InnoDB DEFAULT CHARSET=utf8 COLLATE=utf8_general_ci;

--
-- Dumping data for table `user_location`
--

INSERT INTO `user_location` (`id`, `usr_id`, `location_id`) VALUES
(36, 95, 4),
(37, 94, 4),
(38, 94, 3),
(39, 96, 3),
(40, 97, 3),
(41, 98, 3),
(85, 100, 35),
(134, 1, 38),
(135, 1, 42),
(136, 1, 43),
(137, 1, 37),
(138, 1, 39),
(139, 1, 44),
(140, 1, 36),
(141, 1, 45),
(142, 1, 41),
(143, 1, 40),
(144, 1, 46),
(145, 1, 7),
(146, 1, 8),
(147, 1, 11),
(148, 1, 5),
(149, 1, 3),
(150, 1, 2),
(151, 1, 6),
(152, 1, 4),
(153, 1, 9),
(154, 1, 12),
(155, 1, 15),
(156, 1, 13),
(157, 1, 10),
(158, 1, 14),
(159, 1, 28),
(160, 1, 30),
(161, 1, 31),
(162, 1, 20),
(163, 1, 32),
(164, 1, 16),
(165, 1, 29),
(166, 1, 24),
(167, 1, 23),
(168, 1, 26),
(169, 1, 35),
(170, 1, 18),
(171, 1, 21),
(172, 1, 27),
(173, 1, 17),
(174, 1, 34),
(175, 1, 25),
(176, 1, 22),
(177, 1, 33),
(178, 1, 19),
(179, 101, 38),
(180, 101, 42),
(181, 104, 37),
(182, 104, 41),
(183, 104, 40),
(184, 105, 37),
(185, 105, 41),
(186, 105, 40),
(187, 107, 40);

-- --------------------------------------------------------

--
-- Table structure for table `user_log`
--

CREATE TABLE `user_log` (
  `id` int(11) NOT NULL,
  `ben_id` int(11) DEFAULT NULL,
  `lease_type` varchar(10) NOT NULL,
  `usr_id` int(11) NOT NULL,
  `module` int(11) NOT NULL,
  `location` int(11) NOT NULL,
  `action` varchar(100) CHARACTER SET utf8 COLLATE utf8_general_ci NOT NULL,
  `detail` varchar(2500) CHARACTER SET utf8 COLLATE utf8_general_ci NOT NULL,
  `log_date` datetime NOT NULL DEFAULT current_timestamp()
) ENGINE=MyISAM DEFAULT CHARSET=latin1 COLLATE=latin1_swedish_ci;

--
-- Dumping data for table `user_log`
--

INSERT INTO `user_log` (`id`, `ben_id`, `lease_type`, `usr_id`, `module`, `location`, `action`, `detail`, `log_date`) VALUES
(1, NULL, '', 1, 0, 0, 'Login', 'Login from ::1', '2026-01-02 14:11:14'),
(2, 8, '', 1, 2, 40, 'LTL Beneficiary Created', 'ID=8 Name=Kiritharan Kanapathippillai', '2026-01-02 14:20:59'),
(3, 7, '', 1, 2, 40, 'LTL Beneficiary Edited', 'ID=7 | Name: test 4 > test 4.', '2026-01-02 14:25:38'),
(4, 1, '', 1, 2, 40, 'LTL Beneficiary Edited', 'ID=1 | Name: Lalith Ice Transport > Lalith Ice Transport1', '2026-01-02 14:27:15'),
(5, 1, 'RL', 1, 2, 40, 'Beneficiary Edited', 'ID=1 Name=test.', '2026-01-02 14:27:55'),
(6, 1, 'RL', 1, 2, 40, 'RL Beneficiary Edited', 'ID=1 | Name: test. > Karuna | Name tamil: test > ளயனளயனளயன | Name sinhala:  > ිසබය්ක්', '2026-01-02 14:37:51'),
(7, 1, 'LTL', 1, 2, 40, 'LTL Beneficiary Edited', 'ID=1 | Name sinhala:  > ි්ාි්ා්ිා', '2026-01-02 14:38:30'),
(8, 1, 'LTL', 1, 2, 40, 'LTL Add Field Visits', 'Added field visit: id=2  | date=2026-01-09 | officers=test | status=Non Developed', '2026-01-02 14:43:11'),
(9, 1, 'RL', 1, 2, 40, 'RL Add Field Visit', 'Added field visit: id=7 | lease=4 | date=2026-01-08 | officers=12 | status=Non Developed', '2026-01-02 14:43:30'),
(10, 1, 'RL', 1, 2, 40, 'RL Add Reminder', 'Added reminder: lease_id=4 | type=Annexure 09 | sent_date=2026-01-02', '2026-01-02 14:47:09'),
(11, 7, 'LTL', 1, 2, 40, 'LTL Add Reminders', 'Added reminder: lease_id=7 | type=Annexure 09 | sent_date=2026-01-02 ', '2026-01-02 14:47:42'),
(12, 1, 'RL', 1, 2, 40, 'RL Cancel Field Visit', 'Cancelled field visit: id=7 | date=2026-01-08 | officers=12 | status=Non Developed', '2026-01-02 14:51:26'),
(13, 7, 'LTL', 1, 2, 40, 'LTL Add Field Visits', 'Added field visit: id=3  | date=2026-01-21 | officers=as | status=Non Developed', '2026-01-02 14:52:03'),
(14, 7, 'LTL', 1, 2, 40, 'LTL Cancel Field Visits', 'Cancelled field visit: id=3 | date=2026-01-21 | officers=as | status=Non Developed', '2026-01-02 14:52:15'),
(15, 1, 'RL', 1, 2, 40, 'RL Cancel Payment', 'Cancelled payment: 13, Amount: 8000.00, Lease_file: DSQ/asdd/as/45/12', '2026-01-02 14:55:28'),
(16, 8, '', 1, 2, 40, 'LTL Add Land', 'Land ID=8 | Ben ID=8  | Address=qw | Extent= hectares', '2026-01-02 15:05:22'),
(17, 8, 'LTL', 1, 2, 40, 'LTL Create Lease', 'Created lease: Pending File No: DTG/LND/B/LEASE/PUB 01/', '2026-01-02 15:05:42'),
(18, 6, 'RL', 1, 2, 40, 'RL Beneficiary Created', 'ID=6 Name=213', '2026-01-02 15:07:54'),
(19, 6, '', 1, 2, 40, 'RL Add Land', 'Land ID=6 | Ben ID=6  | Address=12 | Extent= hectares', '2026-01-02 15:08:05'),
(20, 6, 'RL', 1, 2, 40, 'RL Create Lease', 'RL Lease Created: ID=6 | Lease=454/45/222 | File=DSQ/asdd/as/45/121 | Beneficiary=6', '2026-01-02 15:08:41'),
(21, 6, 'RL', 1, 2, 40, 'RL Edit Land', 'Land ID=6 | Gn id: 920 > 916 | Land address: 12 > 58 | Developed status: Not Developed > Partially Developed | Extent:  > 45 | Extent ha:  > 45.000000', '2026-01-02 15:12:27'),
(22, 6, '', 1, 2, 40, 'RL Document Uploaded', 'Ben ID=6 | File Type=1 | File URL=/resedancial_files/40/1_f88b0606477a5c3cee03351317183091_20260102151402.jpeg', '2026-01-02 15:14:02'),
(23, 6, '', 1, 2, 40, 'RL Document Deleted', 'File ID=8 | URL=/resedancial_files/40/1_f88b0606477a5c3cee03351317183091_20260102151402.jpeg | document Deleted', '2026-01-02 15:15:04'),
(24, 8, '', 1, 2, 40, 'LTL Document Uploaded', 'Ben ID=8 | File Type=1 | File URL=/files/40/1_a05ee1ba15f3182cc732438591cf39a6_20260102151543.jpeg', '2026-01-02 15:15:43'),
(25, 8, 'LTL', 1, 2, 40, 'LTL Document Deleted', 'File ID=5 | URL=/files/40/1_a05ee1ba15f3182cc732438591cf39a6_20260102151543.jpeg | document Deleted', '2026-01-02 15:15:45'),
(26, 5, 'RL', 1, 2, 40, 'RL Update Grant Details', 'Updated grant details: Lease ID=5 | Grant No=dasd | Grant Date=2025-01-01', '2026-01-02 15:21:28'),
(27, NULL, 'RL', 1, 2, 40, 'RL Record Payment', 'Recorded payment: ID=16 | Lease=1 | Receipt=1 | Amount=1.00', '2026-01-02 15:25:15'),
(28, NULL, 'RL', 1, 2, 40, 'RL Record Payment', 'Recorded payment: ID=17 | Lease=1 | Receipt=1 | Amount=1.00', '2026-01-02 15:25:28'),
(29, 4, 'RL', 1, 2, 40, 'RL Record Payment', 'Recorded payment: ID=18 | Lease=1 | Receipt=12 | Amount=12.00', '2026-01-02 15:26:46'),
(30, 8, '', 1, 2, 40, 'LTL New Payment', 'Lease ID=8 | Amount=12.00 | Rec No=12 | Method=cash | Date=2026-01-02 | Discount=NO', '2026-01-02 15:28:02'),
(31, 8, 'LTL', 1, 2, 40, 'LTL New Payment', 'Lease ID=8 | Amount=22.00 | Rec No=ss | Method=cash | Date=2026-01-02 | Discount=NO', '2026-01-02 15:29:21'),
(32, 8, '', 1, 2, 40, 'LTL Lease Updated', 'Lease ID=8 | Lease No=Pending | Changes: valuation_amount: 12222.00 > 12922.00 | valuation_date: null > 2023-01-01', '2026-01-02 15:32:11'),
(33, 8, 'LTL', 1, 2, 40, 'LTL Lease Updated', 'Lease ID=8 | Lease No=Pending | Changes: valuation_amount: 12922.00 > 12222.00 | valuation_date: null > 2023-01-01', '2026-01-02 15:33:29'),
(34, 2, 'RL', 1, 2, 40, 'RL Update Lease', 'RL Lease Updated: ID=3 | Lease=454/45/ | File=DSQ/asdd/as/45/ | Beneficiary=2', '2026-01-02 15:36:33'),
(35, NULL, 'RL', 1, 2, 40, 'RL Write Off Penalty', 'Recorded penalty write-off: Lease ID=3 | Schedule ID=842 | Amount=100.00', '2026-01-02 15:39:51'),
(36, NULL, 'RL', 1, 2, 40, 'RL Cancel Write Off', 'Cancelled write-off: ID=5, Lease ID=3', '2026-01-02 15:41:03'),
(37, 2, 'RL', 1, 2, 40, 'RL Write Off Penalty', 'Recorded penalty write-off: Lease ID=3 | Schedule ID=842 | Amount=100.00', '2026-01-02 15:41:20'),
(38, 2, 'RL', 1, 2, 40, 'RL Cancel Write Off', 'Cancelled write-off: ID=6, Lease ID=3', '2026-01-02 15:44:30'),
(39, 8, '', 1, 2, 40, 'LTL Write Off Penalty', 'Written off penalty: Lease ID=8, Schedule ID=2075, Amount=63.78, Old Penalty=97.78, New Penalty=34.00', '2026-01-02 15:45:04'),
(40, 8, 'LTL', 1, 2, 40, 'LTL Cancel Write Off', 'Cancelled write-off: ID=3, Lease ID=8, Schedule ID=2075, Amount=63.78', '2026-01-02 15:46:22'),
(41, 8, 'LTL', 1, 2, 40, 'LTL Write Off Penalty', 'Written off penalty: Lease ID=8, Schedule ID=2075, Amount=63.78, Old Penalty=97.78, New Penalty=34.00', '2026-01-02 15:46:38'),
(42, 1, 'RL', 1, 2, 40, 'RL Update Lease', 'RL Lease Updated: ID=4 | Lease=454/45/12 | File=DSQ/asdd/as/45/12 | Beneficiary=1', '2026-01-02 15:52:20'),
(43, NULL, '', 1, 0, 0, 'Login', 'Login from ::1', '2026-01-03 16:17:00');

--
-- Indexes for dumped tables
--

--
-- Indexes for table `beneficiaries`
--
ALTER TABLE `beneficiaries`
  ADD PRIMARY KEY (`ben_id`);

--
-- Indexes for table `client_registration`
--
ALTER TABLE `client_registration`
  ADD PRIMARY KEY (`c_id`);

--
-- Indexes for table `gn_division`
--
ALTER TABLE `gn_division`
  ADD PRIMARY KEY (`gn_id`);

--
-- Indexes for table `group_activity_map`
--
ALTER TABLE `group_activity_map`
  ADD PRIMARY KEY (`id`);

--
-- Indexes for table `land_registration`
--
ALTER TABLE `land_registration`
  ADD PRIMARY KEY (`land_id`);

--
-- Indexes for table `leases`
--
ALTER TABLE `leases`
  ADD PRIMARY KEY (`lease_id`);

--
-- Indexes for table `lease_master`
--
ALTER TABLE `lease_master`
  ADD PRIMARY KEY (`lease_type_id`);

--
-- Indexes for table `lease_payments`
--
ALTER TABLE `lease_payments`
  ADD PRIMARY KEY (`payment_id`),
  ADD KEY `lease_payments_ibfk_1` (`lease_id`);

--
-- Indexes for table `lease_payments_detail`
--
ALTER TABLE `lease_payments_detail`
  ADD PRIMARY KEY (`id`);

--
-- Indexes for table `lease_schedules`
--
ALTER TABLE `lease_schedules`
  ADD PRIMARY KEY (`schedule_id`),
  ADD KEY `lease_id` (`lease_id`);

--
-- Indexes for table `lease_schedules_temp`
--
ALTER TABLE `lease_schedules_temp`
  ADD PRIMARY KEY (`schedule_id`),
  ADD KEY `lease_id` (`lease_id`);

--
-- Indexes for table `letter_head`
--
ALTER TABLE `letter_head`
  ADD PRIMARY KEY (`id`);

--
-- Indexes for table `ltl_feald_visits`
--
ALTER TABLE `ltl_feald_visits`
  ADD PRIMARY KEY (`id`);

--
-- Indexes for table `ltl_land_document_type`
--
ALTER TABLE `ltl_land_document_type`
  ADD PRIMARY KEY (`doc_type_id`);

--
-- Indexes for table `ltl_land_files`
--
ALTER TABLE `ltl_land_files`
  ADD PRIMARY KEY (`id`);

--
-- Indexes for table `ltl_land_registration`
--
ALTER TABLE `ltl_land_registration`
  ADD PRIMARY KEY (`land_id`);

--
-- Indexes for table `ltl_premium_change`
--
ALTER TABLE `ltl_premium_change`
  ADD PRIMARY KEY (`id`);

--
-- Indexes for table `ltl_reminders`
--
ALTER TABLE `ltl_reminders`
  ADD PRIMARY KEY (`id`);

--
-- Indexes for table `ltl_write_off`
--
ALTER TABLE `ltl_write_off`
  ADD PRIMARY KEY (`id`);

--
-- Indexes for table `manage_activities`
--
ALTER TABLE `manage_activities`
  ADD PRIMARY KEY (`act_id`);

--
-- Indexes for table `manage_user_group`
--
ALTER TABLE `manage_user_group`
  ADD PRIMARY KEY (`group_id`);

--
-- Indexes for table `payment_category`
--
ALTER TABLE `payment_category`
  ADD PRIMARY KEY (`cat_id`);

--
-- Indexes for table `payment_record`
--
ALTER TABLE `payment_record`
  ADD PRIMARY KEY (`id`);

--
-- Indexes for table `rl_beneficiaries`
--
ALTER TABLE `rl_beneficiaries`
  ADD PRIMARY KEY (`rl_ben_id`);

--
-- Indexes for table `rl_field_visits`
--
ALTER TABLE `rl_field_visits`
  ADD PRIMARY KEY (`id`),
  ADD KEY `lease_id` (`lease_id`);

--
-- Indexes for table `rl_land_document_type`
--
ALTER TABLE `rl_land_document_type`
  ADD PRIMARY KEY (`doc_type_id`);

--
-- Indexes for table `rl_land_files`
--
ALTER TABLE `rl_land_files`
  ADD PRIMARY KEY (`id`);

--
-- Indexes for table `rl_land_registration`
--
ALTER TABLE `rl_land_registration`
  ADD PRIMARY KEY (`land_id`);

--
-- Indexes for table `rl_lease`
--
ALTER TABLE `rl_lease`
  ADD PRIMARY KEY (`rl_lease_id`);

--
-- Indexes for table `rl_lease_payments`
--
ALTER TABLE `rl_lease_payments`
  ADD PRIMARY KEY (`payment_id`),
  ADD KEY `lease_payments_ibfk_1` (`lease_id`);

--
-- Indexes for table `rl_lease_payments_detail`
--
ALTER TABLE `rl_lease_payments_detail`
  ADD PRIMARY KEY (`id`);

--
-- Indexes for table `rl_lease_schedules`
--
ALTER TABLE `rl_lease_schedules`
  ADD PRIMARY KEY (`schedule_id`),
  ADD KEY `lease_id` (`lease_id`);

--
-- Indexes for table `rl_premium_change`
--
ALTER TABLE `rl_premium_change`
  ADD PRIMARY KEY (`id`);

--
-- Indexes for table `rl_reminders`
--
ALTER TABLE `rl_reminders`
  ADD PRIMARY KEY (`id`);

--
-- Indexes for table `rl_valuvation_paid`
--
ALTER TABLE `rl_valuvation_paid`
  ADD PRIMARY KEY (`paid_id`);

--
-- Indexes for table `rl_write_off`
--
ALTER TABLE `rl_write_off`
  ADD PRIMARY KEY (`id`);

--
-- Indexes for table `sms_log`
--
ALTER TABLE `sms_log`
  ADD PRIMARY KEY (`id`);

--
-- Indexes for table `sms_templates`
--
ALTER TABLE `sms_templates`
  ADD PRIMARY KEY (`sms_id`);

--
-- Indexes for table `user_device`
--
ALTER TABLE `user_device`
  ADD PRIMARY KEY (`d_id`);

--
-- Indexes for table `user_license`
--
ALTER TABLE `user_license`
  ADD PRIMARY KEY (`usr_id`);

--
-- Indexes for table `user_location`
--
ALTER TABLE `user_location`
  ADD PRIMARY KEY (`id`);

--
-- Indexes for table `user_log`
--
ALTER TABLE `user_log`
  ADD PRIMARY KEY (`id`);

--
-- AUTO_INCREMENT for dumped tables
--

--
-- AUTO_INCREMENT for table `beneficiaries`
--
ALTER TABLE `beneficiaries`
  MODIFY `ben_id` int(11) NOT NULL AUTO_INCREMENT, AUTO_INCREMENT=9;

--
-- AUTO_INCREMENT for table `client_registration`
--
ALTER TABLE `client_registration`
  MODIFY `c_id` int(10) NOT NULL AUTO_INCREMENT, AUTO_INCREMENT=48;

--
-- AUTO_INCREMENT for table `gn_division`
--
ALTER TABLE `gn_division`
  MODIFY `gn_id` int(11) NOT NULL AUTO_INCREMENT, AUTO_INCREMENT=1081;

--
-- AUTO_INCREMENT for table `group_activity_map`
--
ALTER TABLE `group_activity_map`
  MODIFY `id` int(11) NOT NULL AUTO_INCREMENT, AUTO_INCREMENT=64;

--
-- AUTO_INCREMENT for table `land_registration`
--
ALTER TABLE `land_registration`
  MODIFY `land_id` int(11) NOT NULL AUTO_INCREMENT;

--
-- AUTO_INCREMENT for table `leases`
--
ALTER TABLE `leases`
  MODIFY `lease_id` int(11) NOT NULL AUTO_INCREMENT, AUTO_INCREMENT=9;

--
-- AUTO_INCREMENT for table `lease_master`
--
ALTER TABLE `lease_master`
  MODIFY `lease_type_id` int(11) NOT NULL AUTO_INCREMENT, AUTO_INCREMENT=10;

--
-- AUTO_INCREMENT for table `lease_payments`
--
ALTER TABLE `lease_payments`
  MODIFY `payment_id` int(11) NOT NULL AUTO_INCREMENT, AUTO_INCREMENT=21;

--
-- AUTO_INCREMENT for table `lease_payments_detail`
--
ALTER TABLE `lease_payments_detail`
  MODIFY `id` int(11) NOT NULL AUTO_INCREMENT, AUTO_INCREMENT=293;

--
-- AUTO_INCREMENT for table `lease_schedules`
--
ALTER TABLE `lease_schedules`
  MODIFY `schedule_id` int(11) NOT NULL AUTO_INCREMENT, AUTO_INCREMENT=2101;

--
-- AUTO_INCREMENT for table `lease_schedules_temp`
--
ALTER TABLE `lease_schedules_temp`
  MODIFY `schedule_id` int(11) NOT NULL AUTO_INCREMENT;

--
-- AUTO_INCREMENT for table `letter_head`
--
ALTER TABLE `letter_head`
  MODIFY `id` int(11) NOT NULL AUTO_INCREMENT, AUTO_INCREMENT=2;

--
-- AUTO_INCREMENT for table `ltl_feald_visits`
--
ALTER TABLE `ltl_feald_visits`
  MODIFY `id` int(11) NOT NULL AUTO_INCREMENT, AUTO_INCREMENT=4;

--
-- AUTO_INCREMENT for table `ltl_land_document_type`
--
ALTER TABLE `ltl_land_document_type`
  MODIFY `doc_type_id` int(11) NOT NULL AUTO_INCREMENT, AUTO_INCREMENT=6;

--
-- AUTO_INCREMENT for table `ltl_land_files`
--
ALTER TABLE `ltl_land_files`
  MODIFY `id` int(11) NOT NULL AUTO_INCREMENT, AUTO_INCREMENT=6;

--
-- AUTO_INCREMENT for table `ltl_land_registration`
--
ALTER TABLE `ltl_land_registration`
  MODIFY `land_id` int(11) NOT NULL AUTO_INCREMENT, AUTO_INCREMENT=9;

--
-- AUTO_INCREMENT for table `ltl_premium_change`
--
ALTER TABLE `ltl_premium_change`
  MODIFY `id` int(11) NOT NULL AUTO_INCREMENT, AUTO_INCREMENT=2;

--
-- AUTO_INCREMENT for table `ltl_reminders`
--
ALTER TABLE `ltl_reminders`
  MODIFY `id` int(11) NOT NULL AUTO_INCREMENT, AUTO_INCREMENT=4;

--
-- AUTO_INCREMENT for table `ltl_write_off`
--
ALTER TABLE `ltl_write_off`
  MODIFY `id` int(11) NOT NULL AUTO_INCREMENT, AUTO_INCREMENT=5;

--
-- AUTO_INCREMENT for table `manage_activities`
--
ALTER TABLE `manage_activities`
  MODIFY `act_id` int(11) NOT NULL AUTO_INCREMENT, AUTO_INCREMENT=29;

--
-- AUTO_INCREMENT for table `manage_user_group`
--
ALTER TABLE `manage_user_group`
  MODIFY `group_id` int(11) NOT NULL AUTO_INCREMENT, AUTO_INCREMENT=8;

--
-- AUTO_INCREMENT for table `payment_category`
--
ALTER TABLE `payment_category`
  MODIFY `cat_id` int(11) NOT NULL AUTO_INCREMENT, AUTO_INCREMENT=2;

--
-- AUTO_INCREMENT for table `payment_record`
--
ALTER TABLE `payment_record`
  MODIFY `id` int(11) NOT NULL AUTO_INCREMENT, AUTO_INCREMENT=9;

--
-- AUTO_INCREMENT for table `rl_beneficiaries`
--
ALTER TABLE `rl_beneficiaries`
  MODIFY `rl_ben_id` int(11) NOT NULL AUTO_INCREMENT, AUTO_INCREMENT=7;

--
-- AUTO_INCREMENT for table `rl_field_visits`
--
ALTER TABLE `rl_field_visits`
  MODIFY `id` int(11) NOT NULL AUTO_INCREMENT, AUTO_INCREMENT=8;

--
-- AUTO_INCREMENT for table `rl_land_document_type`
--
ALTER TABLE `rl_land_document_type`
  MODIFY `doc_type_id` int(11) NOT NULL AUTO_INCREMENT, AUTO_INCREMENT=6;

--
-- AUTO_INCREMENT for table `rl_land_files`
--
ALTER TABLE `rl_land_files`
  MODIFY `id` int(11) NOT NULL AUTO_INCREMENT, AUTO_INCREMENT=9;

--
-- AUTO_INCREMENT for table `rl_land_registration`
--
ALTER TABLE `rl_land_registration`
  MODIFY `land_id` int(11) NOT NULL AUTO_INCREMENT, AUTO_INCREMENT=7;

--
-- AUTO_INCREMENT for table `rl_lease`
--
ALTER TABLE `rl_lease`
  MODIFY `rl_lease_id` int(11) NOT NULL AUTO_INCREMENT, AUTO_INCREMENT=7;

--
-- AUTO_INCREMENT for table `rl_lease_payments`
--
ALTER TABLE `rl_lease_payments`
  MODIFY `payment_id` int(11) NOT NULL AUTO_INCREMENT, AUTO_INCREMENT=19;

--
-- AUTO_INCREMENT for table `rl_lease_payments_detail`
--
ALTER TABLE `rl_lease_payments_detail`
  MODIFY `id` int(11) NOT NULL AUTO_INCREMENT, AUTO_INCREMENT=143;

--
-- AUTO_INCREMENT for table `rl_lease_schedules`
--
ALTER TABLE `rl_lease_schedules`
  MODIFY `schedule_id` int(11) NOT NULL AUTO_INCREMENT, AUTO_INCREMENT=901;

--
-- AUTO_INCREMENT for table `rl_premium_change`
--
ALTER TABLE `rl_premium_change`
  MODIFY `id` int(11) NOT NULL AUTO_INCREMENT, AUTO_INCREMENT=2;

--
-- AUTO_INCREMENT for table `rl_reminders`
--
ALTER TABLE `rl_reminders`
  MODIFY `id` int(11) NOT NULL AUTO_INCREMENT, AUTO_INCREMENT=10;

--
-- AUTO_INCREMENT for table `rl_valuvation_paid`
--
ALTER TABLE `rl_valuvation_paid`
  MODIFY `paid_id` int(11) NOT NULL AUTO_INCREMENT, AUTO_INCREMENT=3;

--
-- AUTO_INCREMENT for table `rl_write_off`
--
ALTER TABLE `rl_write_off`
  MODIFY `id` int(11) NOT NULL AUTO_INCREMENT, AUTO_INCREMENT=7;

--
-- AUTO_INCREMENT for table `sms_log`
--
ALTER TABLE `sms_log`
  MODIFY `id` int(11) NOT NULL AUTO_INCREMENT, AUTO_INCREMENT=36;

--
-- AUTO_INCREMENT for table `sms_templates`
--
ALTER TABLE `sms_templates`
  MODIFY `sms_id` int(11) NOT NULL AUTO_INCREMENT, AUTO_INCREMENT=3;

--
-- AUTO_INCREMENT for table `user_device`
--
ALTER TABLE `user_device`
  MODIFY `d_id` int(11) NOT NULL AUTO_INCREMENT, AUTO_INCREMENT=26;

--
-- AUTO_INCREMENT for table `user_license`
--
ALTER TABLE `user_license`
  MODIFY `usr_id` int(11) NOT NULL AUTO_INCREMENT, AUTO_INCREMENT=108;

--
-- AUTO_INCREMENT for table `user_location`
--
ALTER TABLE `user_location`
  MODIFY `id` int(11) NOT NULL AUTO_INCREMENT, AUTO_INCREMENT=188;

--
-- AUTO_INCREMENT for table `user_log`
--
ALTER TABLE `user_log`
  MODIFY `id` int(11) NOT NULL AUTO_INCREMENT, AUTO_INCREMENT=44;

--
-- Constraints for dumped tables
--

--
-- Constraints for table `lease_payments`
--
ALTER TABLE `lease_payments`
  ADD CONSTRAINT `lease_payments_ibfk_1` FOREIGN KEY (`lease_id`) REFERENCES `leases` (`lease_id`);

--
-- Constraints for table `lease_schedules`
--
ALTER TABLE `lease_schedules`
  ADD CONSTRAINT `lease_schedules_ibfk_1` FOREIGN KEY (`lease_id`) REFERENCES `leases` (`lease_id`) ON DELETE CASCADE;
COMMIT;

/*!40101 SET CHARACTER_SET_CLIENT=@OLD_CHARACTER_SET_CLIENT */;
/*!40101 SET CHARACTER_SET_RESULTS=@OLD_CHARACTER_SET_RESULTS */;
/*!40101 SET COLLATION_CONNECTION=@OLD_COLLATION_CONNECTION */;
